-- MySQL dump 10.13  Distrib 5.7.21, for Win64 (x86_64)
--
-- Host: localhost    Database: statistics
-- ------------------------------------------------------
-- Server version	5.7.21-log

/*!40101 SET @OLD_CHARACTER_SET_CLIENT=@@CHARACTER_SET_CLIENT */;
/*!40101 SET @OLD_CHARACTER_SET_RESULTS=@@CHARACTER_SET_RESULTS */;
/*!40101 SET @OLD_COLLATION_CONNECTION=@@COLLATION_CONNECTION */;
/*!40101 SET NAMES utf8 */;
/*!40103 SET @OLD_TIME_ZONE=@@TIME_ZONE */;
/*!40103 SET TIME_ZONE='+00:00' */;
/*!40014 SET @OLD_UNIQUE_CHECKS=@@UNIQUE_CHECKS, UNIQUE_CHECKS=0 */;
/*!40014 SET @OLD_FOREIGN_KEY_CHECKS=@@FOREIGN_KEY_CHECKS, FOREIGN_KEY_CHECKS=0 */;
/*!40101 SET @OLD_SQL_MODE=@@SQL_MODE, SQL_MODE='NO_AUTO_VALUE_ON_ZERO' */;
/*!40111 SET @OLD_SQL_NOTES=@@SQL_NOTES, SQL_NOTES=0 */;

--
-- Table structure for table `customer`
--

DROP TABLE IF EXISTS `customer`;
/*!40101 SET @saved_cs_client     = @@character_set_client */;
/*!40101 SET character_set_client = utf8 */;
CREATE TABLE `customer` (
  `customer_id` int(9) NOT NULL AUTO_INCREMENT,
  `f_name` varchar(20) DEFAULT NULL,
  `s_name` varchar(30) DEFAULT NULL,
  `phone` int(11) DEFAULT NULL,
  `birthdate` date DEFAULT NULL,
  `email` varchar(50) DEFAULT NULL,
  `c_address` varchar(100) DEFAULT NULL,
  PRIMARY KEY (`customer_id`)
) ENGINE=InnoDB AUTO_INCREMENT=51 DEFAULT CHARSET=utf8;
/*!40101 SET character_set_client = @saved_cs_client */;

--
-- Dumping data for table `customer`
--

LOCK TABLES `customer` WRITE;
/*!40000 ALTER TABLE `customer` DISABLE KEYS */;
INSERT INTO `customer` VALUES (1,'Morgan','Brown',9277637,'1983-09-12','zedwards@hotmail.com','399 Mills Square Suite 122 Josephland, DE 69300'),(2,'David','Mitchell',56746247,'2008-02-02','jamestaylor@bishop.com','6456 Ashley Hills Jessicamouth, DC 80336'),(3,'Jordan','Fleming',60630516,'1973-01-09','qmueller@garcia-knight.com','64765 Michelle Mall Port Susan, RI 75168'),(4,'Jacob','Campbell',1652520,'2008-04-11','jimmylopez@jackson.info','29269 Kristen Stream Michaelbury, HI 82389'),(5,'Jill','Castillo',96455115,'2012-10-26','henry12@gmail.com','9492 Swanson Squares Apt. 693 Jimenezfurt, CO 07869'),(6,'Amy','Lang',21687441,'2001-09-26','ricelogan@edwards.com','656 Thompson Street Mackenziemouth, DC 98890'),(7,'Natasha','Parker',40983001,'1979-07-24','kimberlygonzalez@lee.org','6731 Parker Park Apt. 276 West Brittany, GA 05580'),(8,'William','Walker',24736996,'2003-09-01','rharmon@holloway.com','08999 Scott Place Apt. 670 West Colleenfurt, NY 37379'),(9,'Matthew','Ortega',15774522,'2016-06-17','rachelbrown@bennett-george.com','089 Brown Estates Lake Tyroneberg, MD 89167'),(10,'Mark','Daniel',63303471,'2004-02-23','howardmadeline@garcia.info','94210 Carr Valleys Suite 815 Lake Rachelborough, ID 20287'),(11,'Christopher','Brooks',69432813,'1980-08-14','joan26@williams.com','225 Wallace Manor Alexanderchester, RI 07465'),(12,'Karen','Mercado',23766912,'1989-02-21','michellebarber@gmail.com','561 Ramirez Course Katherinestad, VA 60971'),(13,'Katie','Pratt',8477887,'1972-01-04','collinserica@hotmail.com','5244 Teresa Key Apt. 549 Andersonborough, CA 81749'),(14,'Nicole','Kaiser',92283462,'1984-09-08','zowens@pierce-rhodes.com','739 Kim Burgs Apt. 591 East Ashleychester, OR 81597'),(15,'Patricia','Thomas',78761080,'1998-04-25','joel23@mosley.com','7665 Ethan Village Port Erica, SC 01099'),(16,'Rachel','Payne',38100741,'1990-11-10','lori37@gmail.com','2362 Vincent Garden Lake Billychester, TX 33444'),(17,'John','Long',5786238,'2016-10-02','triciacaldwell@beard.info','761 Katie Haven West Michaelburgh, IN 44982'),(18,'Brandy','Rose',88106707,'1984-12-22','smithamber@gmail.com','08899 Vickie Squares Suite 368 South Shannonstad, DC 32278'),(19,'Lori','Navarro',16736057,'2016-05-17','joshualeonard@martin.com','86145 Best Ports Ericfurt, NC 08471'),(20,'Ian','Ramirez',85908462,'1983-01-29','hortonbrenda@foley.com','48362 Thomas Way Apt. 184 West Ashley, CO 17346'),(21,'David','Hines',32838236,'2014-08-20','samuelnelson@kennedy-smith.biz','809 Christina Fork Mariaport, IN 23534'),(22,'Thomas','Mendez',21460067,'2012-03-20','ifisher@gmail.com','1881 Michael Knolls Apt. 691 Ryanside, NM 14796'),(23,'Tonya','Simmons',4550269,'1975-08-29','oschneider@cuevas.com','PSC 6253, Box 9934 APO AA 37350'),(24,'Natalie','Stephens',89893753,'1996-05-01','shari89@johnson.com','93490 Javier Point East Daleborough, NC 19798'),(25,'David','Kelley',88319613,'1986-03-19','grantjonathan@garcia.com','0834 Brian Flat Stephensontown, WV 00823'),(26,'Joshua','Meadows',92404486,'1998-10-03','andersonanne@yahoo.com','3218 Cynthia Cliffs Lake Audreychester, NJ 80266'),(27,'Jacob','Barnett',72727948,'2004-08-08','jennifermaddox@yahoo.com','26740 Walker Brook South Stacey, WA 31403'),(28,'Amy','Davidson',26070138,'1989-07-04','ugriffin@potter.com','4206 Richardson Courts Suite 483 Ruthport, AL 59269'),(29,'Jeff','Kelly',22083120,'2012-08-19','eclements@cannon-pope.biz','879 Jennifer Wall Ramseyborough, KY 50053'),(30,'Lori','Spencer',8887340,'1995-08-23','lauren05@yahoo.com','32285 Daniel Squares North Cynthiaburgh, CT 56663'),(31,'Deborah','Hoffman',28200568,'1982-11-10','clayton87@kaufman.com','87361 Skinner Locks Suite 369 Port Michelle, OH 48822'),(32,'Steven','Green',49900081,'1992-06-24','clarkmichael@hotmail.com','32234 Kristin Street Apt. 082 North Maureen, WY 00962'),(33,'Laura','Martinez',41915747,'1997-07-20','kdunn@gmail.com','0799 Kimberly Burg Suite 667 West Christine, IN 21080'),(34,'Brandon','Schneider',14834377,'2007-07-26','rodriguezalexis@cooper-harvey.net','134 Sabrina Vista Apt. 014 Medinafort, NV 01623'),(35,'Mark','Ryan',84144471,'1991-07-13','bellsherry@gmail.com','0513 Heather Springs Apt. 251 West Anthony, WV 64165'),(36,'Rebecca','Morales',20464503,'1974-11-29','davistammy@hotmail.com','Unit 0361 Box 4307 DPO AE 31831'),(37,'Sara','Chavez',34493536,'1978-08-15','pcrawford@king-wilson.org','9479 Young Prairie East Matthew, WA 45997'),(38,'Tiffany','Neal',100108,'2018-07-21','edwardtaylor@davis.com','24250 Lauren Cliffs South Billyview, MS 31296'),(39,'Denise','Duarte',86500160,'1998-11-06','jessica16@yahoo.com','712 Janice Cape Suite 606 Joelshire, OH 80553'),(40,'Marissa','Rosario',174762,'1975-12-21','jonesvictoria@yahoo.com','890 Earl Burgs Suite 054 West Larry, TN 56373'),(41,'Andrea','Wheeler',72626449,'2014-11-19','olsonchristina@wilson.info','075 Dunn Mountain Port Ashleyfurt, UT 56503'),(42,'Mary','Olson',89964453,'1996-11-14','tina02@gross-rodriguez.com','095 Matthew Neck East Mark, AK 64627'),(43,'Benjamin','Douglas',27336103,'1986-05-06','devincurtis@hotmail.com','5129 Anderson Village Jacksonbury, VA 74126'),(44,'Douglas','Yoder',25138210,'2018-02-09','theresa07@yahoo.com','0091 Evans Course Sheltonton, CA 22391'),(45,'Lisa','Bryant',89984034,'1980-11-15','hannajoshua@mendoza.info','46475 Barnett Curve Christinamouth, MD 16028'),(46,'Tammy','Johnson',62769924,'2002-02-20','gpetty@reed.biz','39450 Peters Oval Apt. 696 Ericabury, KS 90557'),(47,'James','Bennett',18990969,'1976-06-06','ojohnston@peters-madden.com','31553 Paula View Apt. 571 North Staceychester, MS 56370'),(48,'Laurie','Collins',44065573,'1970-08-27','bennettchelsea@hotmail.com','USS Mcneil FPO AP 15768'),(49,'Allison','Joseph',90959254,'2007-07-27','andersentasha@yang.com','684 Williams Place East Christopher, AK 40319'),(50,'Kathleen','Rojas',54047980,'2011-11-12','longjoshua@young-mcdaniel.com','714 Rose Dale Apt. 622 Port Amy, ME 24232');
/*!40000 ALTER TABLE `customer` ENABLE KEYS */;
UNLOCK TABLES;

--
-- Table structure for table `dish`
--

DROP TABLE IF EXISTS `dish`;
/*!40101 SET @saved_cs_client     = @@character_set_client */;
/*!40101 SET character_set_client = utf8 */;
CREATE TABLE `dish` (
  `dish_id` int(9) NOT NULL AUTO_INCREMENT,
  `dish_name` varchar(50) CHARACTER SET utf8 COLLATE utf8_unicode_ci DEFAULT NULL,
  `price` int(9) DEFAULT NULL,
  PRIMARY KEY (`dish_id`)
) ENGINE=InnoDB AUTO_INCREMENT=12 DEFAULT CHARSET=utf8;
/*!40101 SET character_set_client = @saved_cs_client */;

--
-- Dumping data for table `dish`
--

LOCK TABLES `dish` WRITE;
/*!40000 ALTER TABLE `dish` DISABLE KEYS */;
INSERT INTO `dish` VALUES (1,'Pepperoni Pizza',680),(2,'Pasta Bolognese',897),(3,'Ribeye',967),(4,'French Onion Soup',195),(5,'Cesar Salad',371),(6,'Fish and Chips',236),(7,'Sushi',913),(8,'Bibimbap',969),(9,'Cheeseburger',273),(10,'Yemista',671),(11,'Roasted Lamb',75);
/*!40000 ALTER TABLE `dish` ENABLE KEYS */;
UNLOCK TABLES;

--
-- Table structure for table `orders`
--

DROP TABLE IF EXISTS `orders`;
/*!40101 SET @saved_cs_client     = @@character_set_client */;
/*!40101 SET character_set_client = utf8 */;
CREATE TABLE `orders` (
  `order_id` int(9) NOT NULL AUTO_INCREMENT,
  `time_stamp` time DEFAULT NULL,
  `date` date DEFAULT NULL,
  `order_type` varchar(20) DEFAULT NULL,
  `customer_id` int(9) DEFAULT NULL,
  `dish_id` int(9) DEFAULT NULL,
  `delivery` varchar(32) DEFAULT NULL,
  `price` int(9) DEFAULT NULL,
  PRIMARY KEY (`order_id`),
  KEY `dish_id_ibfk1` (`dish_id`),
  KEY `customer_id_ibfk2` (`customer_id`),
  CONSTRAINT `customer_id_ibfk2` FOREIGN KEY (`customer_id`) REFERENCES `customer` (`customer_id`),
  CONSTRAINT `dish_id_ibfk1` FOREIGN KEY (`dish_id`) REFERENCES `dish` (`dish_id`)
) ENGINE=InnoDB AUTO_INCREMENT=251 DEFAULT CHARSET=utf8;
/*!40101 SET character_set_client = @saved_cs_client */;

--
-- Dumping data for table `orders`
--

LOCK TABLES `orders` WRITE;
/*!40000 ALTER TABLE `orders` DISABLE KEYS */;
INSERT INTO `orders` VALUES (1,'18:51:08','2018-01-11','inhouse',36,2,'Drone',985),(2,'07:31:04','2018-01-07','inhouse',35,6,'Customer',150),(3,'12:36:54','2017-10-26','take-away',37,7,'Drone',597),(4,'18:45:03','2018-05-27','take-away',31,1,'Drone',68),(5,'21:58:00','2018-03-05','inhouse',24,2,'Pickup',826),(6,'12:00:42','2018-04-28','inhouse',37,7,'Cycle',461),(7,'05:07:47','2018-04-01','inhouse',49,3,'Car',631),(8,'02:29:52','2018-07-09','take-away',21,4,'Pickup',821),(9,'16:54:47','2018-06-19','take-away',39,6,'Cycle',218),(10,'01:22:41','2018-04-05','inhouse',36,6,'Customer',805),(11,'11:12:26','2017-12-25','take-away',17,10,'Drone',254),(12,'12:50:37','2017-11-12','inhouse',17,2,'Car',899),(13,'09:49:46','2017-10-26','inhouse',31,3,'Customer',382),(14,'09:10:44','2018-03-08','take-away',5,3,'Car',619),(15,'16:22:58','2018-07-13','take-away',15,9,'Customer',587),(16,'11:30:46','2018-08-31','inhouse',34,7,'Cycle',281),(17,'06:50:09','2018-03-27','take-away',45,1,'Pickup',174),(18,'21:28:33','2017-10-29','take-away',13,11,'Pickup',899),(19,'20:44:26','2018-04-04','take-away',26,3,'Drone',881),(20,'17:43:30','2018-03-19','inhouse',46,1,'Drone',806),(21,'07:48:19','2018-10-03','inhouse',48,4,'Drone',202),(22,'18:15:00','2018-10-07','take-away',27,7,'Customer',578),(23,'14:17:50','2018-03-19','inhouse',20,4,'Drone',983),(24,'01:04:28','2017-12-10','take-away',33,4,'Cycle',431),(25,'21:12:43','2017-10-23','take-away',6,9,'Cycle',958),(26,'10:24:34','2018-02-10','inhouse',15,9,'Customer',224),(27,'15:40:36','2018-09-15','take-away',46,10,'Pickup',543),(28,'09:25:15','2017-12-01','inhouse',12,6,'Drone',107),(29,'20:16:49','2017-12-26','inhouse',24,9,'Drone',161),(30,'07:38:09','2018-06-25','inhouse',8,7,'Customer',420),(31,'07:13:35','2018-10-05','take-away',42,4,'Cycle',906),(32,'13:53:15','2018-08-13','inhouse',12,8,'Cycle',749),(33,'06:50:28','2018-09-20','take-away',9,9,'Cycle',125),(34,'10:05:53','2018-02-10','inhouse',27,8,'Cycle',118),(35,'17:59:17','2018-04-07','take-away',15,10,'Customer',287),(36,'03:33:05','2018-01-24','take-away',16,1,'Customer',250),(37,'12:28:46','2018-02-02','inhouse',41,2,'Drone',171),(38,'09:57:00','2018-04-15','take-away',19,2,'Car',807),(39,'05:22:55','2018-01-09','inhouse',45,11,'Car',309),(40,'02:03:40','2018-06-17','inhouse',32,11,'Drone',488),(41,'22:07:15','2018-08-17','inhouse',28,6,'Drone',537),(42,'10:25:11','2017-11-11','take-away',15,7,'Customer',486),(43,'07:45:18','2018-01-12','inhouse',19,2,'Cycle',890),(44,'06:08:10','2018-07-23','take-away',35,3,'Cycle',121),(45,'02:52:39','2018-02-01','take-away',21,1,'Customer',242),(46,'01:33:25','2018-04-03','inhouse',33,3,'Cycle',561),(47,'15:15:43','2018-10-04','take-away',25,9,'Cycle',437),(48,'21:40:28','2017-11-02','inhouse',24,3,'Pickup',572),(49,'18:11:20','2018-04-11','inhouse',5,2,'Car',314),(50,'11:09:05','2017-11-03','inhouse',2,9,'Car',655),(51,'08:00:36','2018-01-21','inhouse',9,10,'Drone',436),(52,'05:33:45','2018-03-12','inhouse',13,4,'Cycle',445),(53,'02:02:17','2018-07-14','inhouse',5,10,'Drone',402),(54,'05:19:08','2018-09-17','take-away',29,4,'Drone',384),(55,'06:13:12','2018-09-11','inhouse',37,9,'Car',748),(56,'00:26:39','2018-03-10','take-away',22,8,'Cycle',977),(57,'04:29:44','2018-03-30','take-away',2,5,'Drone',938),(58,'07:56:09','2017-11-23','inhouse',30,6,'Cycle',680),(59,'04:42:32','2018-09-27','take-away',49,11,'Customer',382),(60,'20:55:28','2017-12-22','take-away',4,4,'Cycle',157),(61,'17:30:59','2018-04-04','inhouse',12,3,'Pickup',919),(62,'20:43:05','2018-03-22','take-away',2,5,'Customer',66),(63,'23:26:57','2018-03-14','take-away',4,7,'Drone',862),(64,'15:45:33','2017-10-21','inhouse',39,9,'Drone',896),(65,'18:27:35','2018-03-24','inhouse',16,10,'Drone',251),(66,'22:35:10','2018-08-31','inhouse',33,5,'Pickup',954),(67,'18:21:15','2018-01-18','inhouse',33,4,'Customer',708),(68,'02:13:23','2018-04-19','take-away',15,7,'Customer',145),(69,'04:35:30','2018-02-28','take-away',27,11,'Drone',169),(70,'17:11:14','2017-11-19','inhouse',33,8,'Drone',706),(71,'15:37:49','2018-04-11','take-away',16,2,'Pickup',634),(72,'11:17:38','2018-10-08','take-away',24,4,'Customer',682),(73,'17:11:55','2017-12-30','take-away',46,7,'Customer',340),(74,'09:57:43','2018-09-04','take-away',1,6,'Cycle',347),(75,'17:06:53','2017-12-16','take-away',45,8,'Cycle',490),(76,'09:37:55','2018-08-30','take-away',48,11,'Customer',629),(77,'10:09:28','2018-01-27','inhouse',9,5,'Car',54),(78,'15:13:05','2018-09-03','take-away',19,2,'Cycle',559),(79,'19:06:58','2018-07-25','inhouse',12,5,'Cycle',783),(80,'16:14:35','2018-07-10','take-away',24,10,'Customer',947),(81,'05:54:29','2018-05-01','take-away',11,6,'Pickup',876),(82,'06:38:04','2018-06-02','inhouse',9,3,'Pickup',550),(83,'13:13:36','2018-04-03','inhouse',39,7,'Pickup',63),(84,'10:31:40','2018-03-06','take-away',48,8,'Pickup',73),(85,'17:08:56','2018-07-29','inhouse',22,2,'Drone',848),(86,'22:45:32','2018-01-28','inhouse',41,11,'Cycle',329),(87,'06:19:52','2017-10-24','take-away',34,9,'Car',791),(88,'12:51:58','2018-04-30','inhouse',48,3,'Customer',899),(89,'16:07:17','2018-02-04','take-away',41,5,'Car',776),(90,'00:46:18','2018-06-06','take-away',44,8,'Drone',535),(91,'09:51:46','2018-08-17','inhouse',36,11,'Pickup',493),(92,'14:27:41','2018-08-18','take-away',11,1,'Car',94),(93,'14:10:07','2018-06-16','take-away',50,1,'Drone',873),(94,'00:57:25','2018-04-01','take-away',31,3,'Car',766),(95,'19:53:36','2017-11-10','inhouse',14,8,'Customer',704),(96,'21:22:01','2018-06-23','inhouse',21,7,'Drone',319),(97,'03:42:59','2018-10-10','inhouse',26,1,'Drone',268),(98,'02:20:40','2018-05-21','inhouse',19,8,'Pickup',172),(99,'17:43:30','2018-08-03','inhouse',38,11,'Drone',404),(100,'10:12:36','2018-04-17','take-away',18,5,'Drone',370),(101,'14:42:33','2017-10-19','inhouse',19,10,'Customer',232),(102,'20:26:19','2017-10-19','inhouse',48,3,'Drone',88),(103,'02:17:26','2017-11-23','take-away',46,11,'Cycle',357),(104,'02:29:05','2018-05-01','take-away',35,5,'Drone',322),(105,'17:56:16','2018-04-28','inhouse',8,5,'Car',359),(106,'12:29:43','2018-02-26','inhouse',30,7,'Customer',404),(107,'21:00:23','2018-02-03','take-away',5,2,'Pickup',458),(108,'04:53:08','2017-11-25','inhouse',49,2,'Car',328),(109,'18:31:00','2018-01-23','take-away',33,9,'Cycle',932),(110,'04:18:49','2018-02-21','take-away',15,5,'Drone',976),(111,'05:45:18','2018-03-12','inhouse',24,11,'Drone',714),(112,'18:07:34','2018-05-24','inhouse',1,10,'Pickup',549),(113,'20:57:46','2018-01-26','take-away',11,3,'Drone',188),(114,'15:41:11','2018-06-20','inhouse',5,11,'Customer',393),(115,'09:27:01','2018-05-22','inhouse',3,8,'Cycle',360),(116,'20:15:36','2018-07-08','inhouse',11,10,'Pickup',636),(117,'07:57:09','2018-05-20','take-away',38,6,'Car',325),(118,'05:03:19','2017-11-15','inhouse',15,4,'Cycle',710),(119,'14:11:02','2018-09-12','inhouse',18,5,'Car',450),(120,'12:54:00','2018-03-17','inhouse',46,1,'Pickup',183),(121,'18:12:06','2018-01-18','take-away',48,3,'Drone',59),(122,'05:45:00','2018-05-29','inhouse',20,11,'Cycle',347),(123,'18:56:45','2018-02-26','take-away',2,3,'Car',468),(124,'06:34:19','2018-05-19','inhouse',14,6,'Cycle',547),(125,'13:44:06','2018-02-20','take-away',1,1,'Pickup',779),(126,'16:38:03','2017-11-08','inhouse',11,11,'Cycle',796),(127,'14:17:07','2018-03-27','take-away',41,10,'Car',459),(128,'23:43:20','2018-08-25','inhouse',18,10,'Pickup',881),(129,'22:06:10','2018-01-09','take-away',2,8,'Pickup',367),(130,'00:49:48','2018-10-17','take-away',2,7,'Customer',677),(131,'15:23:41','2018-08-05','inhouse',24,7,'Customer',878),(132,'18:03:43','2017-12-30','inhouse',11,4,'Customer',130),(133,'12:04:48','2017-11-03','inhouse',23,9,'Drone',359),(134,'18:25:20','2018-06-14','inhouse',7,8,'Customer',512),(135,'17:29:44','2018-08-05','take-away',2,3,'Customer',989),(136,'06:37:47','2018-09-30','inhouse',37,6,'Car',263),(137,'11:03:15','2018-03-31','inhouse',39,2,'Car',960),(138,'13:37:32','2018-05-22','inhouse',33,8,'Car',311),(139,'08:32:58','2018-03-02','inhouse',28,9,'Drone',660),(140,'03:48:41','2018-06-25','inhouse',11,8,'Car',973),(141,'01:26:13','2017-10-28','take-away',16,4,'Car',126),(142,'09:08:19','2018-10-06','inhouse',18,1,'Customer',326),(143,'06:24:35','2018-05-03','inhouse',35,6,'Drone',857),(144,'13:37:08','2018-06-17','inhouse',34,5,'Cycle',936),(145,'01:06:52','2018-02-28','take-away',31,9,'Cycle',726),(146,'19:38:09','2018-09-28','inhouse',49,11,'Cycle',111),(147,'13:29:54','2018-05-10','inhouse',7,6,'Pickup',80),(148,'14:17:09','2018-06-11','inhouse',38,3,'Pickup',948),(149,'06:52:22','2017-10-20','inhouse',42,2,'Drone',242),(150,'12:02:19','2018-09-15','take-away',49,2,'Customer',232),(151,'10:20:58','2018-08-05','take-away',4,10,'Customer',864),(152,'00:49:25','2018-10-14','inhouse',48,4,'Car',387),(153,'14:20:58','2018-02-08','inhouse',17,8,'Pickup',259),(154,'12:21:16','2018-03-25','take-away',3,9,'Drone',818),(155,'17:07:06','2018-04-18','take-away',44,2,'Customer',970),(156,'21:04:47','2018-06-02','take-away',40,10,'Drone',726),(157,'05:09:08','2018-02-17','take-away',48,7,'Car',934),(158,'06:47:02','2017-11-24','take-away',23,2,'Pickup',570),(159,'20:37:58','2018-05-12','take-away',42,3,'Customer',686),(160,'09:31:12','2017-11-18','inhouse',18,11,'Pickup',217),(161,'09:38:32','2018-01-26','inhouse',22,6,'Car',816),(162,'08:00:15','2018-02-25','inhouse',10,9,'Customer',723),(163,'18:47:31','2018-05-23','inhouse',20,3,'Car',691),(164,'19:22:28','2018-02-01','take-away',19,4,'Customer',215),(165,'18:10:42','2018-08-28','inhouse',50,1,'Cycle',536),(166,'07:07:44','2018-04-18','take-away',4,1,'Car',352),(167,'19:27:55','2018-06-26','inhouse',31,2,'Pickup',786),(168,'03:04:21','2017-12-25','take-away',36,3,'Car',143),(169,'14:21:40','2017-10-26','inhouse',46,7,'Customer',77),(170,'13:48:12','2018-01-11','take-away',39,11,'Customer',795),(171,'10:25:08','2018-07-20','inhouse',22,3,'Cycle',842),(172,'07:12:47','2018-06-14','take-away',10,9,'Customer',440),(173,'18:39:48','2018-08-28','inhouse',44,1,'Customer',388),(174,'05:08:33','2018-09-09','take-away',22,9,'Pickup',396),(175,'11:27:53','2018-07-14','inhouse',45,4,'Drone',234),(176,'22:10:26','2017-11-26','inhouse',21,3,'Drone',303),(177,'17:58:47','2018-07-01','inhouse',2,2,'Drone',228),(178,'21:50:29','2018-05-30','inhouse',46,2,'Drone',220),(179,'02:29:00','2018-09-14','inhouse',33,8,'Customer',980),(180,'05:50:46','2017-11-09','inhouse',13,3,'Cycle',137),(181,'00:28:07','2018-09-10','take-away',39,9,'Car',427),(182,'16:49:02','2018-03-07','take-away',18,7,'Pickup',259),(183,'21:02:57','2018-08-23','inhouse',17,8,'Customer',777),(184,'21:03:52','2018-07-12','inhouse',19,3,'Cycle',578),(185,'21:47:19','2017-11-22','take-away',7,3,'Drone',150),(186,'17:26:57','2017-11-17','inhouse',4,5,'Car',521),(187,'21:39:59','2017-11-28','inhouse',33,5,'Customer',903),(188,'05:29:28','2018-09-07','take-away',42,10,'Drone',607),(189,'12:49:26','2018-03-19','take-away',41,9,'Customer',452),(190,'08:47:18','2018-05-26','take-away',8,4,'Customer',527),(191,'02:59:36','2018-10-08','take-away',33,11,'Cycle',561),(192,'11:17:35','2018-09-01','take-away',6,6,'Cycle',376),(193,'02:41:49','2018-08-01','take-away',31,1,'Car',194),(194,'04:17:38','2018-09-28','take-away',50,11,'Car',86),(195,'15:34:45','2018-07-02','take-away',15,4,'Car',551),(196,'02:32:33','2017-11-02','take-away',34,9,'Car',898),(197,'17:48:45','2018-07-23','take-away',23,5,'Customer',653),(198,'13:17:45','2018-08-29','inhouse',22,6,'Drone',951),(199,'18:16:16','2018-09-03','inhouse',38,1,'Customer',760),(200,'07:51:28','2018-09-18','inhouse',26,7,'Cycle',539),(201,'04:23:04','2018-07-20','inhouse',16,1,'Pickup',597),(202,'05:12:32','2017-12-21','inhouse',20,3,'Drone',257),(203,'12:29:33','2018-05-11','take-away',18,4,'Drone',473),(204,'16:49:01','2018-04-26','take-away',39,9,'Car',709),(205,'07:42:30','2018-10-05','inhouse',19,3,'Car',624),(206,'03:27:02','2018-07-13','inhouse',27,10,'Pickup',388),(207,'06:33:24','2018-07-01','inhouse',30,8,'Pickup',843),(208,'07:52:52','2017-11-07','take-away',41,9,'Pickup',56),(209,'18:45:06','2018-05-09','inhouse',46,7,'Pickup',461),(210,'23:12:16','2018-05-31','inhouse',30,2,'Car',660),(211,'03:27:39','2018-07-29','inhouse',49,9,'Cycle',478),(212,'23:48:58','2018-01-21','inhouse',29,5,'Drone',156),(213,'07:29:32','2018-03-24','take-away',26,11,'Customer',793),(214,'11:12:57','2018-01-13','take-away',49,3,'Customer',166),(215,'04:07:39','2018-10-13','inhouse',10,3,'Car',93),(216,'15:49:01','2017-12-24','take-away',13,6,'Cycle',276),(217,'04:55:13','2018-02-18','take-away',23,6,'Car',290),(218,'00:57:56','2017-12-28','take-away',29,6,'Drone',933),(219,'22:26:05','2018-03-02','take-away',22,10,'Customer',841),(220,'05:28:46','2018-10-13','take-away',46,5,'Pickup',915),(221,'17:41:06','2018-10-09','inhouse',46,1,'Customer',329),(222,'01:23:45','2018-02-04','take-away',49,5,'Drone',265),(223,'12:29:46','2018-08-14','take-away',33,9,'Pickup',802),(224,'06:31:06','2018-06-24','take-away',46,5,'Customer',951),(225,'22:44:48','2017-11-11','inhouse',4,9,'Car',197),(226,'03:26:40','2018-09-06','take-away',29,11,'Pickup',274),(227,'09:18:19','2017-12-04','take-away',10,1,'Cycle',800),(228,'19:20:10','2017-11-29','inhouse',1,7,'Car',363),(229,'14:47:08','2018-04-21','inhouse',28,10,'Pickup',99),(230,'13:08:54','2018-04-07','inhouse',41,11,'Cycle',708),(231,'13:45:28','2018-02-22','take-away',3,1,'Drone',312),(232,'04:55:27','2018-09-04','take-away',50,6,'Customer',823),(233,'01:26:05','2018-01-18','take-away',12,4,'Pickup',51),(234,'11:57:33','2018-01-05','inhouse',29,10,'Pickup',604),(235,'13:40:51','2018-03-17','inhouse',28,11,'Cycle',431),(236,'05:07:14','2018-05-23','inhouse',14,4,'Drone',871),(237,'03:31:30','2017-11-04','inhouse',30,4,'Car',112),(238,'20:32:06','2018-04-07','inhouse',50,9,'Pickup',782),(239,'02:28:51','2018-10-13','take-away',19,7,'Pickup',261),(240,'13:08:23','2018-07-10','inhouse',18,11,'Drone',997),(241,'07:59:41','2018-02-16','take-away',8,11,'Cycle',242),(242,'05:05:15','2018-02-23','take-away',2,9,'Pickup',144),(243,'19:29:34','2018-03-20','take-away',35,11,'Car',165),(244,'19:58:25','2018-02-12','take-away',4,4,'Drone',396),(245,'14:29:33','2018-02-25','inhouse',12,8,'Customer',727),(246,'18:16:17','2017-11-14','take-away',18,1,'Cycle',800),(247,'22:29:52','2018-07-04','take-away',1,4,'Customer',776),(248,'02:34:42','2018-08-10','inhouse',9,11,'Car',282),(249,'07:37:42','2018-07-01','take-away',40,4,'Car',463),(250,'03:58:10','2017-12-28','inhouse',37,7,'Pickup',104);
/*!40000 ALTER TABLE `orders` ENABLE KEYS */;
UNLOCK TABLES;
/*!40103 SET TIME_ZONE=@OLD_TIME_ZONE */;

/*!40101 SET SQL_MODE=@OLD_SQL_MODE */;
/*!40014 SET FOREIGN_KEY_CHECKS=@OLD_FOREIGN_KEY_CHECKS */;
/*!40014 SET UNIQUE_CHECKS=@OLD_UNIQUE_CHECKS */;
/*!40101 SET CHARACTER_SET_CLIENT=@OLD_CHARACTER_SET_CLIENT */;
/*!40101 SET CHARACTER_SET_RESULTS=@OLD_CHARACTER_SET_RESULTS */;
/*!40101 SET COLLATION_CONNECTION=@OLD_COLLATION_CONNECTION */;
/*!40111 SET SQL_NOTES=@OLD_SQL_NOTES */;

-- Dump completed on 2018-10-19  9:41:46
