-- MySQL dump 10.13  Distrib 5.7.23, for Linux (x86_64)
--
-- Host: localhost    Database: statistics
-- ------------------------------------------------------
-- Server version	5.7.23-0ubuntu0.18.04.1

/*!40101 SET @OLD_CHARACTER_SET_CLIENT=@@CHARACTER_SET_CLIENT */;
/*!40101 SET @OLD_CHARACTER_SET_RESULTS=@@CHARACTER_SET_RESULTS */;
/*!40101 SET @OLD_COLLATION_CONNECTION=@@COLLATION_CONNECTION */;
/*!40101 SET NAMES utf8 */;
/*!40103 SET @OLD_TIME_ZONE=@@TIME_ZONE */;
/*!40103 SET TIME_ZONE='+00:00' */;
/*!40014 SET @OLD_UNIQUE_CHECKS=@@UNIQUE_CHECKS, UNIQUE_CHECKS=0 */;
/*!40014 SET @OLD_FOREIGN_KEY_CHECKS=@@FOREIGN_KEY_CHECKS, FOREIGN_KEY_CHECKS=0 */;
/*!40101 SET @OLD_SQL_MODE=@@SQL_MODE, SQL_MODE='NO_AUTO_VALUE_ON_ZERO' */;
/*!40111 SET @OLD_SQL_NOTES=@@SQL_NOTES, SQL_NOTES=0 */;

--
-- Table structure for table `customer`
--

DROP TABLE IF EXISTS `customer`;
/*!40101 SET @saved_cs_client     = @@character_set_client */;
/*!40101 SET character_set_client = utf8 */;
CREATE TABLE `customer` (
  `customer_id` int(9) NOT NULL AUTO_INCREMENT,
  `f_name` varchar(20) DEFAULT NULL,
  `s_name` varchar(30) DEFAULT NULL,
  `phone` int(11) DEFAULT NULL,
  `birthdate` date DEFAULT NULL,
  `email` varchar(50) DEFAULT NULL,
  `c_address` varchar(100) DEFAULT NULL,
  PRIMARY KEY (`customer_id`)
) ENGINE=InnoDB AUTO_INCREMENT=401 DEFAULT CHARSET=latin1;
/*!40101 SET character_set_client = @saved_cs_client */;

--
-- Dumping data for table `customer`
--

LOCK TABLES `customer` WRITE;
/*!40000 ALTER TABLE `customer` DISABLE KEYS */;
INSERT INTO `customer` VALUES (1,'Christopher','Walker',63754123,'2004-10-29',NULL,'PSC 3693, Box 0464\nAPO AE 02155'),(2,'Brittany','Andrews',48468791,'1985-08-21',NULL,'576 Christine Fall Apt. 670\nAnthonyborough, FL 34003'),(3,'Paul','Francis',13807128,'1984-09-17',NULL,'3191 Parker Spring\nJamesshire, FL 61916'),(4,'Tyler','Lambert',10036308,'1973-11-30',NULL,'29952 Nguyen Lock Suite 627\nEast Marcialand, GA 24291'),(5,'Thomas','Duncan',68175181,'2009-08-14',NULL,'78495 Murphy Fork\nPricebury, TX 37726'),(6,'Tracy','Ramirez',96865648,'1973-07-30',NULL,'79944 Ortega Lock\nJohnstonton, MA 18100'),(7,'Robert','Shelton',62986170,'2012-03-01',NULL,'16126 Collins Via\nCastrohaven, LA 80924'),(8,'Kenneth','Garcia',37308340,'1992-08-15',NULL,'PSC 6114, Box 3718\nAPO AP 98455'),(9,'Megan','Rodriguez',34722766,'2002-06-21',NULL,'51466 Graham Hills Apt. 326\nDodsonton, MT 14753'),(10,'Brian','Carr',70218261,'1993-04-04',NULL,'22816 Andrew Courts\nPort Jonathanview, NV 13106'),(11,'Shawn','Taylor',31345576,'1998-07-20',NULL,'477 Molly Plains Apt. 010\nSouth Kimberly, NM 73789'),(12,'Jaclyn','Kelly',76376567,'1993-09-13',NULL,'4063 Misty Road\nLake Patrick, NM 31495'),(13,'Elizabeth','Ortiz',93014537,'2006-11-03',NULL,'73113 Solomon Bypass Suite 399\nWest Andre, ID 60323'),(14,'Mark','Wise',62224779,'1977-01-04',NULL,'2742 Philip Estate Suite 109\nVickimouth, CA 55522'),(15,'Latoya','Carroll',1456788,'2005-05-10',NULL,'744 Spencer Stream\nJessicaburgh, AL 46495'),(16,'William','Bullock',15876945,'2003-03-14',NULL,'2959 Eric Burgs\nEast Donald, ME 45645'),(17,'Jesus','Phillips',83377011,'1985-12-20',NULL,'USNS Miranda\nFPO AP 29589'),(18,'Jason','Clark',29967466,'2009-02-21',NULL,'62974 Paige Valleys Apt. 278\nPort Jamie, NE 01307'),(19,'Kimberly','Malone',9487026,'2005-10-07',NULL,'8212 Andrew Corner Apt. 515\nSamuelton, ME 79100'),(20,'Stephen','Brooks',91179501,'2015-10-26',NULL,'49663 Torres Circle\nAnnland, DE 51805'),(21,'Teresa','Dickson',55518832,'2003-12-12',NULL,'00481 James Forges Apt. 589\nPort Jacob, MT 73977'),(22,'Natasha','Burke',19612930,'2010-09-23',NULL,'9512 Emily Orchard\nLake Michelle, MA 52558'),(23,'Anthony','Wilson',93936384,'1987-06-03',NULL,'PSC 6681, Box 7558\nAPO AP 17668'),(24,'Ryan','Weaver',92740108,'1996-03-22',NULL,'591 Lucas Lock Suite 241\nAshleyfurt, AL 57105'),(25,'Donna','Bennett',75630431,'1981-09-15',NULL,'132 Fletcher Circles\nHeidiland, IN 61281'),(26,'Misty','Aguilar',75729260,'2000-01-29',NULL,'17551 Shane Corners Apt. 384\nColleenbury, MI 73659'),(27,'Steven','Myers',82745345,'1971-02-25',NULL,'4346 Nelson Crescent Apt. 575\nEast Crystalborough, TN 07649'),(28,'Steven','Owens',95776138,'2003-10-21',NULL,'697 Davis Road\nThompsonfort, KS 57435'),(29,'Anthony','Brown',31237803,'1991-04-05',NULL,'345 Heather Causeway\nSouth Lindseymouth, OK 65943'),(30,'Paula','Oneill',78095664,'1994-05-25',NULL,'83359 Bianca Road\nNorth Seanside, WI 79979'),(31,'Luke','Walker',4594329,'2012-07-13',NULL,'441 Harris Canyon Apt. 182\nWest Joshuashire, MT 76765'),(32,'Jennifer','Hernandez',11130769,'2013-06-01',NULL,'8065 Hall Plaza\nWest Lisatown, NJ 56244'),(33,'Jason','Mcbride',21450794,'1976-09-24',NULL,'56478 Stephanie Field\nZacharyfurt, CA 77288'),(34,'Elizabeth','Wheeler',8362642,'2004-12-30',NULL,'187 David Cliff Apt. 549\nEast Joshua, RI 66224'),(35,'Michael','Gonzalez',43765577,'2009-08-10',NULL,'USCGC Calderon\nFPO AA 64538'),(36,'Dana','West',84161569,'2017-09-21',NULL,'606 Hammond Locks Apt. 174\nRalphchester, WV 54863'),(37,'Todd','Jones',7744468,'2005-10-20',NULL,'2033 Michael Trafficway Suite 720\nParkerland, WI 13628'),(38,'Samantha','Stewart',78574836,'1995-01-05',NULL,'1789 Jessica Divide Suite 425\nDavisville, NM 28553'),(39,'James','Douglas',37600077,'1972-12-17',NULL,'909 Smith Cliffs\nDeniseshire, NJ 99564'),(40,'Luis','Oconnor',39542294,'2011-07-18',NULL,'2680 Bailey Flat Suite 372\nPort Connorberg, WY 54365'),(41,'Krystal','Romero',31094724,'1970-06-04',NULL,'61886 Jones Ville\nEast Amandashire, NY 72945'),(42,'Virginia','Young',40600057,'1997-12-13',NULL,'4704 Michael Freeway Apt. 832\nPort Justinborough, OK 83362'),(43,'Eric','Smith',53980645,'1991-08-13',NULL,'3600 Preston Field\nMeredithchester, WV 85902'),(44,'Amber','Burns',46582990,'1975-05-01',NULL,'PSC 1192, Box 3303\nAPO AP 80227'),(45,'Charles','Burns',85906544,'1999-08-16',NULL,'PSC 6826, Box 9192\nAPO AE 16432'),(46,'Gina','Myers',64467076,'2006-11-29',NULL,'4347 Willis Centers Suite 596\nWest Emily, IN 39633'),(47,'Kevin','Hernandez',75542853,'1991-03-12',NULL,'84637 Corey Flat Apt. 518\nMorganborough, VA 29863'),(48,'Jordan','Galvan',72339904,'1973-01-31',NULL,'65628 Erin Plains Apt. 648\nMillermouth, SC 34176'),(49,'Michelle','Durham',17651121,'1994-03-08',NULL,'5809 Todd Light\nNew Jasonstad, WI 82392'),(50,'Kimberly','Lee',95717566,'2017-08-22',NULL,'435 Thomas Mission\nEast Robert, UT 58595'),(51,'Jack','Orr',91387966,'1989-01-22',NULL,'6973 Tina Inlet\nPort Richardbury, VA 53478'),(52,'Nathaniel','Taylor',79006908,'1974-05-22',NULL,'USCGC Taylor\nFPO AA 94952'),(53,'Lisa','Perez',96842590,'1989-10-08',NULL,'73931 Noble Shoal Apt. 492\nThomasview, NJ 55714'),(54,'James','Tate',92117916,'2009-03-14',NULL,'333 Santos Cliff\nPort Cesar, NC 16544'),(55,'Reginald','Wood',59792657,'1993-04-25',NULL,'508 Griffin Walk Apt. 723\nEast Martinburgh, NY 12113'),(56,'William','Wade',34645397,'1972-03-19',NULL,'138 Lopez Springs Suite 266\nNew Perry, WI 73332'),(57,'Megan','Hamilton',64312295,'1985-09-10',NULL,'656 Christopher Court\nAmyview, WY 38060'),(58,'Wanda','Hernandez',64165542,'2012-11-02',NULL,'Unit 4164 Box 2875\nDPO AA 68294'),(59,'Chris','Lawson',45093853,'2006-02-02',NULL,'951 Butler Mill\nSouth Michael, ME 93046'),(60,'Sharon','Williams',32188398,'1989-09-27',NULL,'49749 Morgan Circles\nNorth Jessicamouth, FL 67632'),(61,'Rebecca','Rowe',1710889,'2003-12-01',NULL,'851 Taylor Fort\nEast Juanmouth, NC 29092'),(62,'Victoria','Taylor',39053251,'2010-03-12',NULL,'PSC 2479, Box 1782\nAPO AP 48079'),(63,'Nicole','Flores',45870648,'1977-08-14',NULL,'0538 Dustin Motorway Suite 222\nNorth Kellymouth, MN 24219'),(64,'Brandon','Atkins',41579519,'1978-01-09',NULL,'609 Pamela Plaza Apt. 408\nEast Richardborough, AR 73082'),(65,'Thomas','Villanueva',94367683,'2015-04-27',NULL,'262 Barron Centers Suite 403\nFletchershire, AL 37797'),(66,'Tammy','Miller',83536951,'1973-08-24',NULL,'544 Jerry Springs Apt. 969\nNorth Samantha, OK 96245'),(67,'Kelsey','Rivera',77065805,'1983-02-26',NULL,'40427 Shelton Ports Apt. 665\nMarkburgh, DE 73360'),(68,'Kaitlin','Hester',54483115,'2017-12-21',NULL,'6651 Sarah Lane\nNorth Marthamouth, MN 40882'),(69,'Robert','Ochoa',47177137,'1974-10-18',NULL,'PSC 0018, Box 4373\nAPO AP 50624'),(70,'Melissa','West',32001083,'1979-04-09',NULL,'3688 Cruz Gateway\nNorth Jamiemouth, AR 51182'),(71,'James','Hansen',68391228,'2000-02-24',NULL,'8952 Long Heights Suite 589\nPort Genemouth, DC 10357'),(72,'Breanna','Henry',89065071,'2018-02-11',NULL,'34232 Taylor Branch\nSmithshire, OK 63289'),(73,'Jose','Russo',76473538,'2003-07-07',NULL,'3827 Alejandro Cliffs\nJonathanberg, OK 58542'),(74,'Christina','Hart',77780138,'1971-05-28',NULL,'505 Weiss Ferry Apt. 798\nBrianton, ID 70148'),(75,'Shelley','Dunn',91500562,'1986-05-30',NULL,'61451 Travis Villages\nAndrewchester, NJ 74676'),(76,'Lindsay','Smith',47328158,'2011-11-30',NULL,'650 Smith Run\nEast Michelle, MN 27735'),(77,'Cindy','Johnson',94331446,'2006-09-12',NULL,'Unit 6238 Box 9861\nDPO AP 37249'),(78,'John','Lee',36426049,'1982-10-06',NULL,'07703 Ross Crest\nWallaceside, CT 04929'),(79,'Robert','Williams',20393599,'1971-07-28',NULL,'65589 Ashley Curve Suite 503\nCristinaberg, FL 73351'),(80,'Jesse','Garrison',41176189,'2005-03-19',NULL,'6702 Julia Crest Suite 803\nMichellehaven, NY 83491'),(81,'Tammy','Sosa',16959897,'2004-04-08',NULL,'91933 Kemp Squares Suite 492\nJohnstad, PA 85498'),(82,'Megan','Anderson',26235902,'2012-03-18',NULL,'74624 Shannon Club Apt. 889\nKimberlyview, VA 30816'),(83,'Andrew','Hunt',30617075,'2013-01-14',NULL,'053 Destiny Mission Suite 362\nNew Anthonymouth, RI 53175'),(84,'Kelly','Bush',20695200,'1995-02-07',NULL,'187 Green Spurs\nDannystad, MA 49195'),(85,'Traci','Davis',24875238,'1977-12-25',NULL,'22907 Ingram Port\nPort Susanfurt, ME 96311'),(86,'Ronnie','Wilson',26880706,'2012-05-28',NULL,'USS Brown\nFPO AP 01820'),(87,'Danielle','Smith',98795016,'1972-06-11',NULL,'744 Sharon Union\nHoltfurt, KY 23867'),(88,'Richard','Anderson',14786413,'1998-03-22',NULL,'95803 David Terrace Apt. 875\nSouth Benjamin, MN 90317'),(89,'Robert','Marks',58274550,'1997-03-24',NULL,'8914 Murray Road\nAshleyshire, NH 93694'),(90,'James','Stevens',25681466,'2006-05-08',NULL,'65876 Blake Harbor Suite 665\nMartinezhaven, VT 73028'),(91,'Corey','Weaver',49818657,'1986-11-19',NULL,'699 Andrew Alley\nFloresview, SC 09680'),(92,'Shawn','Nicholson',28203886,'1984-03-18',NULL,'973 Cathy Overpass Apt. 856\nHannahtown, MN 24507'),(93,'Dawn','Moyer',29842427,'2010-09-09',NULL,'USNV Summers\nFPO AE 92257'),(94,'Danielle','Mann',11555814,'1973-10-29',NULL,'83888 Harris Groves\nSouth Brian, NM 20499'),(95,'Paul','Thompson',48654305,'2003-08-22',NULL,'499 Debra Corners\nMuellerbury, MA 40529'),(96,'Tyler','Peterson',93294810,'2002-11-20',NULL,'52278 Norma Camp\nSouth Patriciaville, OR 29541'),(97,'Timothy','Stewart',65112165,'1987-06-18',NULL,'743 Scott Flat\nThompsonland, OR 83310'),(98,'Chase','Francis',60781908,'2003-09-19',NULL,'USNV Thomas\nFPO AE 26775'),(99,'Joseph','Paul',15701934,'1982-09-27',NULL,'131 Webster Ferry Apt. 435\nLake Emilyland, OH 18765'),(100,'Amber','Morris',22109865,'1980-05-03',NULL,'63639 Robert Ferry\nJuarezport, TX 79263'),(101,'Elizabeth','Murphy',18118832,'1994-06-12',NULL,'744 Edward Light Apt. 370\nRochamouth, NY 43107'),(102,'Christopher','Sherman',81866564,'1983-08-26',NULL,'3689 Weiss Parkway Suite 607\nWest Zacharyburgh, AZ 75185'),(103,'Erika','Brady',90840549,'2008-05-20',NULL,'9019 Mitchell Run Apt. 318\nLake Jamie, MA 18169'),(104,'Tracy','Armstrong',17939147,'1985-09-22',NULL,'23961 French Ridge\nPort Marciaport, OH 31612'),(105,'Patricia','Fitzgerald',1964319,'1973-10-16',NULL,'56713 Susan Cove\nSouth Coryview, TX 51181'),(106,'Dana','Gardner',74216303,'1974-07-11',NULL,'33938 Henson Groves Apt. 390\nNew Benjaminmouth, OR 68976'),(107,'Travis','Rodriguez',58894294,'1981-05-19',NULL,'1853 Gregory Prairie Apt. 807\nNorth Sydney, AL 54485'),(108,'Evan','Campbell',90427227,'1997-08-04',NULL,'7370 Rogers Pines\nCourtneystad, GA 49380'),(109,'Cynthia','Peterson',99219091,'1997-01-22',NULL,'0822 Willis Ville\nNew Sandramouth, NM 67109'),(110,'Charles','Chambers',62053558,'1990-07-29',NULL,'PSC 3843, Box 5457\nAPO AP 57069'),(111,'Jasmine','Morrison',77009467,'1998-04-01',NULL,'76110 Jordan Center\nPort Sherri, VT 37603'),(112,'Sandra','Parker',94663893,'1983-10-30',NULL,'3515 Luna Fork\nPecktown, MT 01792'),(113,'Richard','Rogers',40860007,'2015-10-30',NULL,'12113 Berger Freeway Apt. 752\nCrystalfurt, KY 85900'),(114,'Carolyn','Burton',61112106,'1982-10-28',NULL,'402 Mcdaniel Underpass\nTaylorchester, FL 55525'),(115,'Lisa','Parker',28904393,'2014-01-03',NULL,'Unit 5805 Box 7161\nDPO AE 17057'),(116,'Monica','Henderson',11403964,'1979-08-25',NULL,'PSC 1437, Box 4610\nAPO AE 88165'),(117,'Frank','Middleton',75601691,'1985-08-18',NULL,'703 Steven Pass\nBryanville, AK 01212'),(118,'Lisa','Frazier',86214152,'2015-06-18',NULL,'PSC 6989, Box 7851\nAPO AP 93280'),(119,'Patricia','Montgomery',41215202,'1997-11-19',NULL,'23171 Darren Glen\nWaretown, MN 82101'),(120,'Crystal','Hawkins',7935615,'1988-12-03',NULL,'191 Kent Plains Suite 855\nGrantfort, LA 06562'),(121,'Sandra','Mcfarland',44988429,'2018-04-17',NULL,'251 Lisa Court\nJoshuaside, DC 81587'),(122,'Miranda','Dominguez',63257345,'1978-02-24',NULL,'49584 Miller Station\nKatherineton, NM 27144'),(123,'Carol','Molina',75608364,'2008-08-09',NULL,'711 Vargas Center Suite 743\nRuizview, NV 41433'),(124,'Anthony','Delgado',94182248,'1994-12-21',NULL,'5846 Hannah Rapids\nSouth Richardton, NM 64038'),(125,'Joshua','Patterson',73183664,'2008-12-19',NULL,'83612 Megan Mountain\nDonnabury, KS 29886'),(126,'Robert','Kidd',81083712,'2005-03-02',NULL,'891 Allison Squares\nLake Brettside, VT 14570'),(127,'Annette','Lee',60965576,'1976-04-24',NULL,'81781 Nolan Square\nAaronton, DE 25337'),(128,'Jonathan','West',29035885,'2004-07-05',NULL,'994 Jeffrey Row Apt. 550\nTyroneton, ID 70865'),(129,'Isabella','Huffman',8950013,'1985-11-06',NULL,'05626 Melissa Lock Apt. 293\nSpearsfurt, NY 91121'),(130,'Scott','Davis',99107512,'1971-05-25',NULL,'844 Jenkins Squares Suite 924\nNorth Angelaborough, GA 52029'),(131,'Tanya','Fox',12525849,'1993-06-04',NULL,'2284 John Manor Suite 693\nNew Juliebury, HI 52167'),(132,'Kathy','Davis',58896345,'1990-09-22',NULL,'17543 Diana Isle\nSouth Katherinefurt, MN 97806'),(133,'Elizabeth','Miller',7504338,'1984-12-04',NULL,'7187 Claire Court Apt. 228\nNorth Adam, CO 45773'),(134,'Dylan','Baker',49427178,'1978-02-12',NULL,'24527 Gary Isle Suite 831\nLake Bradleyfurt, DE 56898'),(135,'Timothy','Jefferson',52125993,'1975-03-02',NULL,'92300 Freeman Land Suite 786\nNew Joel, NE 50387'),(136,'Edward','Sims',80761054,'1980-06-03',NULL,'5724 Thomas Orchard Suite 534\nBrownville, WI 33716'),(137,'Matthew','Glover',71052875,'2013-05-22',NULL,'Unit 8259 Box 1547\nDPO AE 25712'),(138,'Megan','Bradshaw',50280911,'1995-11-16',NULL,'11033 Lynn Groves Suite 297\nEast Gregory, NV 34755'),(139,'Margaret','Hudson',58093753,'2015-04-25',NULL,'24319 Russell Mall Suite 151\nColemanberg, IA 16501'),(140,'Darrell','Barker',44136283,'1999-05-21',NULL,'USNS Hernandez\nFPO AA 07147'),(141,'Jeffrey','Hill',24084644,'2007-11-16',NULL,'94066 Robert Circle\nLake Kimberlymouth, NE 98351'),(142,'Patricia','Odonnell',88099443,'2018-08-01',NULL,'72225 Evan Views\nNorth Shawn, MA 62704'),(143,'John','Owens',60616581,'1985-12-29',NULL,'37826 Gibson Cape\nLake Andrestad, ND 36452'),(144,'Amber','Newman',7078895,'2003-05-27',NULL,'19105 James Unions Suite 161\nMontgomeryville, ME 92987'),(145,'Amber','Clark',98939456,'1999-07-05',NULL,'96503 Randy Ridges\nLake Danaville, VA 53590'),(146,'Elijah','Marsh',93339787,'2005-12-07',NULL,'546 Danny Club Suite 426\nDeanview, MO 70659'),(147,'Alexander','Perez',57097961,'1989-09-14',NULL,'6334 Anthony Crescent\nWest Henryfurt, NC 23525'),(148,'Lisa','Lozano',73225309,'1996-04-02',NULL,'45984 Matthew Cliffs Apt. 762\nMichaelberg, DE 77031'),(149,'Austin','Mitchell',83628484,'1973-03-07',NULL,'443 Livingston Viaduct Suite 963\nNew Stefanie, AR 85909'),(150,'Gabriel','Miller',21616969,'1976-08-27',NULL,'276 Christopher Summit\nRamoschester, SD 07506'),(151,'Jennifer','White',98540829,'1990-01-30',NULL,'782 Justin Landing Apt. 751\nPort Dylantown, CT 14248'),(152,'Luis','Russo',41660483,'1999-01-31',NULL,'85556 Veronica Knolls Suite 890\nRayside, WV 93322'),(153,'Robin','Smith',21271512,'1990-01-02',NULL,'31616 Craig Corners\nPort Robertborough, MD 60724'),(154,'Jerry','Salazar',61814624,'2018-07-21',NULL,'2362 Vincent Lakes\nLake Samantha, MN 06331'),(155,'Melissa','Clark',77520171,'1998-03-04',NULL,'507 Benjamin Knoll Suite 855\nNorth Michellemouth, NC 15075'),(156,'Todd','Rubio',31351945,'2009-05-11',NULL,'17972 Dennis Loop\nPaulview, FL 19095'),(157,'Ricardo','Campbell',22274865,'1972-02-03',NULL,'43665 Laurie Heights Apt. 569\nPort Aaron, PA 80789'),(158,'Justin','Jensen',55004233,'1973-04-09',NULL,'7303 Tyler Meadow\nEast Lawrence, DE 39826'),(159,'Zachary','Taylor',24984823,'2003-03-15',NULL,'2342 Gail Brook\nLake Yesenia, CT 47462'),(160,'Teresa','Gonzalez',94796893,'1988-11-17',NULL,'PSC 5583, Box 1348\nAPO AA 38187'),(161,'Nicole','Richards',23590308,'1994-11-22',NULL,'448 Diaz Throughway\nSusanburgh, DE 43437'),(162,'Nicholas','Alvarado',72853437,'1989-05-16',NULL,'969 Terri Streets\nSouth Ricky, DC 44930'),(163,'Charles','Brown',82235682,'1988-11-03',NULL,'3014 Owens Harbor\nZacharyshire, DC 03806'),(164,'Deanna','Santiago',41667606,'1997-03-31',NULL,'314 Wiley Trace Suite 310\nWest Thomas, NC 90482'),(165,'Joshua','Phillips',509478,'2004-12-14',NULL,'056 Evans Key\nBonnieview, DE 63886'),(166,'Melissa','Clark',80015706,'2006-04-15',NULL,'1748 Hernandez Fall\nSouth Toddburgh, OH 29305'),(167,'Robert','Peters',92689812,'1995-08-21',NULL,'747 Morgan Pass\nVelazquezhaven, UT 49510'),(168,'Kevin','Mckinney',71421866,'1993-02-02',NULL,'6987 Hernandez Haven Apt. 873\nNew David, VA 98990'),(169,'Jeremy','Jones',16014242,'2018-09-10',NULL,'674 Frederick Rue Apt. 343\nJillchester, NE 63886'),(170,'Jeremy','Ross',79370878,'1985-12-25',NULL,'121 Katherine Locks Apt. 180\nPort Marvin, ME 25928'),(171,'Jerry','George',59824551,'1978-07-27',NULL,'8724 Smith Stravenue\nStevenview, AR 61669'),(172,'Joseph','Castro',89470243,'1996-05-03',NULL,'594 Coleman Manor Apt. 530\nTeresaton, SD 12965'),(173,'David','Jackson',81074343,'2002-08-13',NULL,'821 Barbara Forges\nWest Stephanieborough, ID 91159'),(174,'Michael','Smith',84257304,'1974-05-22',NULL,'114 Golden Dale Apt. 487\nBrianside, SC 71886'),(175,'Kimberly','Bender',41693956,'2010-09-29',NULL,'5197 Ronald Cliff\nNew Robertview, MN 34196'),(176,'Joseph','Evans',42195073,'2007-08-19',NULL,'USCGC Salazar\nFPO AE 39737'),(177,'Francisco','Palmer',45636194,'1988-07-12',NULL,'0195 Justin Harbor Suite 753\nNguyenburgh, NM 14609'),(178,'Jeremy','Ashley',16387339,'1994-10-12',NULL,'9484 Blankenship Motorway\nCaitlynshire, NY 07461'),(179,'David','Gonzalez',67752200,'1988-10-13',NULL,'8107 Jennifer Ports\nCharlestown, IL 76138'),(180,'Jeff','Newton',2811674,'1994-06-20',NULL,'7354 Austin Fork Apt. 445\nRodriguezfurt, NJ 18984'),(181,'Rebecca','Kelly',10363685,'1976-11-23',NULL,'595 Stevenson Springs\nPort Mariastad, CA 84965'),(182,'Sara','Morales',64155191,'1978-07-09',NULL,'738 Brown Burgs Apt. 849\nPort Devinside, VA 57811'),(183,'Nicholas','Robinson',18606301,'1976-12-08',NULL,'6928 Christian Highway Apt. 174\nWendybury, WV 71758'),(184,'Patricia','Campbell',92007,'1980-05-23',NULL,'37560 Allen Gateway Suite 792\nNew Thomasberg, OR 56936'),(185,'Jaime','Velez',86362732,'1999-11-20',NULL,'8523 Tiffany Valleys Suite 448\nWendyhaven, SD 42724'),(186,'John','Richard',77135481,'2007-05-24',NULL,'30702 Gonzalez Club Apt. 083\nPittsbury, AL 91440'),(187,'Jerry','Mason',91385156,'1977-01-31',NULL,'424 Vargas Lodge\nKristinfurt, MS 81671'),(188,'Benjamin','Bates',27749397,'1970-03-11',NULL,'98182 Miller Pines\nSouth Kyle, AK 25194'),(189,'Aaron','Cantu',10590505,'1971-09-10',NULL,'17748 Richardson Burg Suite 794\nSantosport, NJ 05713'),(190,'Amber','Kelley',82930040,'1999-10-25',NULL,'USCGC Huynh\nFPO AE 11231'),(191,'Matthew','Barker',73758797,'1974-08-25',NULL,'52541 Steven Curve Suite 576\nNorth Travis, PA 04050'),(192,'James','Foster',49659231,'1989-04-14',NULL,'734 April Run Suite 674\nNew Erinmouth, MO 92375'),(193,'Kevin','Bennett',47877559,'1982-07-05',NULL,'135 Johnson Mountains\nNew Christianville, MS 21721'),(194,'Christopher','Christensen',55873871,'2004-12-26',NULL,'495 Patricia Prairie\nPort Brittneyfort, OK 32766'),(195,'Leah','Clarke',85703993,'2003-10-03',NULL,'3110 Alexandra Fork\nVillegasside, ME 10444'),(196,'Tracy','Cline',95583969,'1994-12-06',NULL,'464 David Trace\nEast Christinebury, MS 02746'),(197,'Andrew','Howard',38055149,'1984-02-06',NULL,'154 Karen Dam Suite 783\nWilliamfort, IL 94765'),(198,'Jacqueline','Haney',98346453,'2005-04-21',NULL,'963 Aguirre Summit Suite 186\nWest Judy, OR 76595'),(199,'Donald','Cochran',78128756,'2012-06-14',NULL,'907 Golden Ways Apt. 967\nGlassport, CA 41277'),(200,'Heather','Durham',40702968,'2000-02-15',NULL,'493 Austin Haven Apt. 985\nNorth Christopher, WY 02381'),(201,'Donna','Jones',9702110,'1998-05-11',NULL,'933 Cook Grove\nLake Terrifurt, SC 93056'),(202,'Jason','Kim',38153276,'2004-09-28',NULL,'8810 Erica Valley\nEast Charlesburgh, MN 76346'),(203,'James','Wilson',25891889,'2007-10-01',NULL,'PSC 7790, Box 8174\nAPO AA 55978'),(204,'Stephanie','Blackwell',38827535,'1988-06-07',NULL,'8256 Teresa Crescent Suite 727\nPort Lisa, IA 03670'),(205,'Elizabeth','Mendez',42152806,'2001-01-26',NULL,'138 Jerry Ports Apt. 721\nNorth Alexa, CO 48394'),(206,'Jonathon','Murillo',54432477,'1993-09-02',NULL,'53398 Carney Streets Suite 570\nEast Andrew, CA 84429'),(207,'Brian','Cole',71474491,'1981-04-30',NULL,'455 Jack Trafficway\nPort Michelle, WI 04855'),(208,'John','Harris',28693764,'2004-05-30',NULL,'796 Miller Lodge\nSouth Stephanie, NJ 16967'),(209,'Kevin','Collins',97591639,'1973-03-06',NULL,'713 Kathleen Road\nNelsonshire, SC 59817'),(210,'Michael','Leonard',42548691,'1970-06-21',NULL,'8084 Cervantes Locks Apt. 831\nNew Cameron, MA 59773'),(211,'Cheryl','Perez',57620947,'2010-02-19',NULL,'14568 Jenna Meadows Apt. 927\nWest Christinaberg, UT 24124'),(212,'Gloria','Cook',72835722,'2000-12-18',NULL,'654 Delacruz Estates Suite 916\nWest Marymouth, AK 88119'),(213,'Stephanie','Ortiz',88808655,'1991-09-21',NULL,'126 Rodriguez Vista\nEast Cameron, WI 73249'),(214,'Deborah','Silva',8362691,'1974-04-30',NULL,'39473 Andre Fords Suite 308\nLake Williamfurt, DE 31117'),(215,'Thomas','Nelson',60109584,'1970-02-09',NULL,'8795 Hardin Shore\nWest Laura, KS 78200'),(216,'Blake','Stevenson',11221015,'1997-07-26',NULL,'7444 Paul Glen Suite 229\nLake Melissa, MS 81785'),(217,'Tammie','Shaw',58351856,'2017-07-18',NULL,'760 Tamara Summit Apt. 600\nLake Matthew, IL 63740'),(218,'Karen','Lambert',47907264,'1986-11-06',NULL,'171 Justin Drive Suite 424\nMoodyborough, ND 40879'),(219,'Michelle','Hernandez',29370512,'1971-09-17',NULL,'8412 Charles Path Apt. 091\nTheresafort, ID 85813'),(220,'Jennifer','Ferguson',89206354,'2003-01-08',NULL,'207 Arthur Stravenue Apt. 132\nSouth Sean, UT 58689'),(221,'Brandon','Fisher',93953487,'1997-04-08',NULL,'21968 Virginia Green\nBeasleytown, NM 61991'),(222,'Willie','Smith',35799717,'2002-02-05',NULL,'1817 Wang Junctions Suite 892\nNorth Daniel, MT 51041'),(223,'Tonya','Fisher',70908476,'2017-11-21',NULL,'696 Cobb Wall Suite 831\nNew Paul, IL 89782'),(224,'Deborah','Bryan',16327493,'2008-05-20',NULL,'61011 Miller Greens Suite 484\nEast Michael, AZ 77561'),(225,'Danielle','Cooley',82900039,'1990-08-20',NULL,'971 Carter Brooks Apt. 890\nFowlerborough, WI 74586'),(226,'Ronald','Gonzales',16585005,'1989-11-09',NULL,'2163 Carson Drive Suite 451\nWilsonfort, CO 46426'),(227,'Samuel','Wilson',13673444,'1982-07-17',NULL,'57139 Brianna Wall Suite 391\nSouth Cynthia, UT 27993'),(228,'Austin','Sparks',6028665,'1978-05-02',NULL,'Unit 6799 Box 2814\nDPO AA 73915'),(229,'Alicia','Cervantes',9383932,'1989-01-07',NULL,'USCGC Jackson\nFPO AE 12794'),(230,'Christopher','Perez',68757113,'1999-08-16',NULL,'795 Stevenson Heights\nNorth Jonathon, MD 74013'),(231,'Dorothy','Key',14511679,'1998-10-29',NULL,'50685 Mason Course\nSouth Christopher, ME 60225'),(232,'Jeremiah','Mccarthy',29971517,'1972-02-29',NULL,'PSC 1308, Box 6979\nAPO AE 30231'),(233,'Connor','Reyes',16807692,'2002-10-26',NULL,'92429 David Crossroad\nKimberlybury, WI 90948'),(234,'Mark','Phelps',42633232,'2000-07-03',NULL,'104 Erica Mountain\nSouth Michaelfurt, MT 83571'),(235,'Melanie','Sexton',24354126,'1984-09-12',NULL,'34269 Pearson Squares Apt. 934\nEast Brittanyview, VA 87252'),(236,'Michael','Dunn',12976785,'2006-08-08',NULL,'USCGC Dunlap\nFPO AP 96533'),(237,'Kathy','Phillips',71407240,'1977-05-04',NULL,'0294 George Squares Apt. 293\nPort Shannonview, NH 48422'),(238,'Maria','Hernandez',65796367,'1992-07-19',NULL,'178 Schultz Point Apt. 428\nDennisburgh, NE 55538'),(239,'Heather','Brown',19126124,'1985-01-12',NULL,'21418 Jordan Shores Suite 066\nEast Kristinachester, TX 72624'),(240,'Andrew','Haley',62750716,'1980-11-30',NULL,'PSC 3977, Box 9907\nAPO AA 31240'),(241,'James','Gonzalez',96848393,'1984-01-16',NULL,'67358 Stacy Isle\nPort Charlesmouth, OH 21578'),(242,'Lacey','Robinson',43894811,'2004-06-05',NULL,'55098 Alexandria Knoll Apt. 029\nNicholasfurt, SD 28235'),(243,'Jared','Davis',25806042,'1992-05-27',NULL,'98936 Miller Station Suite 121\nScottville, CT 98532'),(244,'Natalie','Zavala',77065842,'2016-04-18',NULL,'37591 Buck Plain Apt. 568\nWest Roberthaven, VA 24999'),(245,'Yvonne','Perry',31856427,'2006-08-15',NULL,'Unit 8764 Box 6527\nDPO AP 35613'),(246,'James','Martin',94639447,'1978-01-29',NULL,'829 Keith Flats\nLake Kayla, VT 56974'),(247,'Alejandro','Moore',40979267,'2004-05-08',NULL,'083 Latoya Stravenue\nLake Deborahland, ND 40333'),(248,'Kevin','Hill',52074817,'1987-05-19',NULL,'910 Nicholas Ways Apt. 916\nLake Kristinland, PA 74494'),(249,'Kimberly','Gonzalez',25870655,'1981-02-20',NULL,'6346 Tammy Fort Suite 579\nLake Jennifer, IN 30107'),(250,'Joel','Young',7535791,'2014-02-21',NULL,'3957 Danielle Club Apt. 666\nPort Kendraview, TN 02292'),(251,'Daniel','Finley',29420325,'1988-08-29',NULL,'5011 Michael Underpass Suite 956\nWest Stephanieshire, CA 35845'),(252,'Christopher','Miller',40336842,'2014-05-09',NULL,'9609 Stewart Stravenue\nPort Teresa, ID 45912'),(253,'Jeremy','Fisher',8800273,'1988-07-18',NULL,'3489 Alexa Squares Suite 177\nMichaelshire, OK 54107'),(254,'Nathan','Cole',77296029,'2012-03-30',NULL,'64449 Joseph Fort Suite 303\nClinetown, MA 01779'),(255,'Nathan','Dean',90098131,'2010-05-06',NULL,'26502 Thompson Landing Suite 498\nLake Marcusburgh, RI 79188'),(256,'Travis','Contreras',43001331,'1971-12-16',NULL,'750 Nichols Dale Suite 407\nOliviabury, AR 57585'),(257,'Ryan','Miller',33216565,'1992-11-10',NULL,'888 Kimberly Grove\nSimonhaven, WY 23864'),(258,'John','Thompson',64121934,'1998-11-28',NULL,'328 Darlene Crest\nLake Patricia, TX 01972'),(259,'Andrew','Sanchez',85789270,'1985-03-19',NULL,'48414 Gabrielle Lakes Suite 064\nNorth Robert, GA 28529'),(260,'Edward','Kelley',38357361,'2007-06-27',NULL,'23636 Nicholas Valleys Apt. 529\nNew Richardshire, IL 72906'),(261,'Nancy','Flores',95354663,'2010-09-27',NULL,'311 Simon Springs\nPort Ana, IL 92473'),(262,'Michelle','Ramos',82805773,'2006-03-13',NULL,'626 Dawn Wall\nFranklinhaven, FL 42057'),(263,'Aaron','Case',43071817,'1989-09-24',NULL,'802 Patrick Rapids\nPort Megantown, NE 93909'),(264,'Jason','Anderson',48315389,'1995-09-25',NULL,'81976 Navarro Grove Suite 716\nTerriview, AZ 28416'),(265,'Mary','Allison',505236,'1992-10-17',NULL,'463 Ellis Springs Apt. 188\nRiveraport, WA 12809'),(266,'Wendy','Stewart',55112030,'1971-10-31',NULL,'167 Arnold Drive\nKrystalton, SC 20485'),(267,'Michael','Morales',6025497,'1988-07-24',NULL,'23810 Jonathan Forest\nEast Zachary, TX 45506'),(268,'April','Arroyo',54477374,'2003-10-05',NULL,'333 Walker Mount Apt. 801\nPort Christophertown, MI 97948'),(269,'Lisa','Garcia',12607924,'1982-10-01',NULL,'19293 Morgan Tunnel Suite 833\nLake Susanville, GA 50019'),(270,'Stephanie','Brown',77548087,'1980-11-13',NULL,'642 Stephen Port\nLuishaven, PA 77975'),(271,'Donna','Marshall',43868892,'1982-07-30',NULL,'4404 Jonathan View Suite 765\nStaceytown, UT 17565'),(272,'Stephen','Frey',8282360,'2010-10-05',NULL,'5346 Williams Stravenue Suite 453\nRichardside, NE 41959'),(273,'Cheyenne','Atkinson',4906797,'1981-11-29',NULL,'9149 Tanner Trace\nNorth Andrewchester, CT 70517'),(274,'Gavin','Walton',68393027,'1979-09-04',NULL,'88721 Marcus Place\nPort Keithton, IN 53529'),(275,'Rebekah','Gray',72259949,'1998-12-22',NULL,'896 Neal Pines Apt. 611\nJesusburgh, AK 78994'),(276,'Maria','Roberts',74946440,'1999-05-28',NULL,'769 Gutierrez Crossing Apt. 719\nWest Christianside, TN 78239'),(277,'Samantha','Martin',27483109,'2001-08-04',NULL,'53889 Patrick Oval Apt. 239\nEast Stacy, MO 34858'),(278,'John','Johnson',99936598,'1989-09-22',NULL,'64484 James Summit\nMccormickchester, DE 32764'),(279,'Christina','Owens',14286122,'1981-03-04',NULL,'390 Cynthia Mill\nEast Deborah, NY 78818'),(280,'Emily','Graves',96184902,'1988-05-13',NULL,'481 Page Coves Suite 189\nWest Jonathan, VA 66769'),(281,'Brittany','Perry',93317691,'1984-04-30',NULL,'03836 Gomez Parkway\nNew Derrickmouth, WV 54129'),(282,'Erica','Foley',12843630,'2007-05-25',NULL,'42491 Ramirez Walk Apt. 292\nKeithshire, NM 20936'),(283,'Justin','Davidson',6398534,'1973-09-16',NULL,'42789 Janet Alley\nDicksontown, MI 67272'),(284,'Leonard','Rodgers',73322694,'2003-12-18',NULL,'670 Webb Pass\nEast Davidhaven, KY 22792'),(285,'Aaron','Rocha',59638573,'2007-09-02',NULL,'91290 Marie Ville\nWest Colleen, MN 80572'),(286,'Christine','Stewart',80940078,'1997-12-09',NULL,'0368 Joseph Camp\nNew Lauraberg, MA 38163'),(287,'Daniel','Gonzalez',13463087,'1990-04-23',NULL,'5502 Mario Mews Apt. 961\nWest Bradley, OK 41325'),(288,'Victoria','Pittman',62909361,'1997-07-08',NULL,'51704 Rice Courts Apt. 144\nNorth Amy, MO 82585'),(289,'Morgan','Leach',71436559,'1970-02-22',NULL,'5498 Harrell Stream Apt. 468\nEast Jeffreyton, NM 45897'),(290,'Brian','Webster',334122,'1980-04-06',NULL,'645 Dana Road Apt. 100\nNorth Mark, MT 38334'),(291,'Matthew','Reyes',63547058,'1986-08-02',NULL,'83149 Mark Lights Suite 636\nTheresaton, OH 08913'),(292,'George','Campbell',55108253,'1985-05-06',NULL,'381 Wong Place Suite 165\nLake Natashaside, AL 47854'),(293,'Brandon','Hernandez',57107773,'2007-01-16',NULL,'1407 Farmer Knolls\nColemanhaven, VT 55811'),(294,'John','Sanchez',46623035,'1990-07-20',NULL,'869 Reed Stream\nEricmouth, NY 09549'),(295,'Natalie','Wilson',6077652,'2005-11-13',NULL,'145 Torres Creek Apt. 904\nWest Christychester, MO 80524'),(296,'Susan','Wilkinson',71160413,'2015-01-14',NULL,'02665 Michelle Overpass\nNorth Daniel, IA 71792'),(297,'Richard','Mullins',11811648,'1996-06-13',NULL,'USNV Smith\nFPO AP 44586'),(298,'Lisa','Doyle',16043270,'2016-01-27',NULL,'52182 Jennifer Union Apt. 647\nBakerport, OR 69344'),(299,'Jason','Ware',31739935,'2001-11-15',NULL,'80730 Turner Rapid Apt. 486\nJamesborough, FL 02702'),(300,'Austin','Williams',37674531,'2009-06-19',NULL,'025 Kenneth Summit Apt. 783\nAndersonport, AR 74764'),(301,'Douglas','King',44106494,'2000-08-28',NULL,'USS Wise\nFPO AE 57672'),(302,'Alexander','Williams',74661707,'1974-12-27',NULL,'5475 Brittany Orchard\nSouth Laura, MD 90944'),(303,'Andrea','Berry',79274465,'2000-08-03',NULL,'58759 Trevino Hollow\nPort Carlabury, MN 68778'),(304,'Sean','Chapman',45521861,'1980-03-03',NULL,'47549 Kelly Oval Suite 601\nNorth Aprilport, WI 79440'),(305,'Tina','Nelson',62807361,'2006-01-10',NULL,'67219 Cook Shoals\nSouth Renee, NY 31789'),(306,'Miranda','Mccarty',38158954,'1975-02-14',NULL,'USNV Evans\nFPO AA 76671'),(307,'Kim','Mcdaniel',67421123,'1985-08-23',NULL,'46888 Robinson Turnpike\nPort Justin, VA 28604'),(308,'James','Thornton',70216081,'1972-01-18',NULL,'4994 Schmidt Bypass Apt. 878\nJohnsonstad, NM 67911'),(309,'Margaret','Nguyen',66391247,'2014-07-14',NULL,'PSC 6651, Box 3789\nAPO AA 64171'),(310,'Michelle','Daniels',50291633,'1996-04-24',NULL,'6445 Julia Mountain Apt. 497\nMarshallton, MN 09843'),(311,'Gerald','Farmer',30678545,'2018-02-15',NULL,'594 Maria Crest\nPort Johnland, UT 19416'),(312,'Deborah','Hunt',46618533,'1983-12-07',NULL,'794 Graham Dale\nZacharyside, AR 83283'),(313,'Kenneth','Morris',44277050,'1990-12-09',NULL,'PSC 8503, Box 7349\nAPO AA 61461'),(314,'Billy','Larson',19551919,'2005-08-25',NULL,'0671 Susan Loaf Apt. 444\nNew Angelahaven, NJ 09500'),(315,'Pamela','Smith',38905386,'1982-04-22',NULL,'9565 Cunningham Stream\nNorth Lisaborough, TX 78426'),(316,'Lisa','Leon',54659493,'2006-10-04',NULL,'USCGC Jackson\nFPO AP 09180'),(317,'Patricia','Gordon',17455156,'1977-04-07',NULL,'336 Lopez Camp\nNew Jasmine, TX 12532'),(318,'Sarah','Freeman',99808364,'1976-05-11',NULL,'8337 Todd Ville\nPort Cynthia, RI 20530'),(319,'Carrie','Cruz',776396,'2001-02-23',NULL,'75558 Mills Shoals Apt. 508\nThomasland, NM 96837'),(320,'Rebecca','Collins',36348853,'2017-01-21',NULL,'17466 Clark Club\nSouth Melissaview, WV 83610'),(321,'Joshua','Carpenter',2001079,'2005-12-28',NULL,'58965 Eaton Forge Suite 350\nSouth Michael, CT 49575'),(322,'Anne','Benson',57729322,'1988-03-30',NULL,'976 Cannon Vista Apt. 120\nRangeltown, CO 10801'),(323,'Denise','Moran',66386231,'1982-10-22',NULL,'2873 Ronald Shoal Suite 701\nEast Ricardoport, WY 62858'),(324,'Ashley','Garcia',65410645,'1989-02-13',NULL,'93353 Price Mission\nMaryside, ME 61843'),(325,'Christopher','Barker',90635724,'2005-11-22',NULL,'732 Lucas Green\nEmilyfurt, CT 62049'),(326,'Jason','Stephens',24277320,'2002-10-21',NULL,'1045 Megan Pass Apt. 192\nBrianchester, SD 64711'),(327,'Susan','Garrison',77260375,'1987-07-08',NULL,'43750 Walter Canyon\nLake Patrick, KY 44815'),(328,'Michael','Page',52269678,'1981-09-22',NULL,'7383 Jennifer Track\nBarnestown, MN 68264'),(329,'Steven','Whitehead',81177975,'1978-01-25',NULL,'546 Nicole Village\nNorth Jodyton, NH 86664'),(330,'Kevin','Sawyer',20243752,'1975-06-25',NULL,'06877 Smith Inlet\nRiveraland, NE 80418'),(331,'Angela','Trevino',45006686,'1976-03-30',NULL,'8663 Flores Mill\nSouth Jeffrey, DE 11843'),(332,'Mathew','Stone',85082676,'1974-02-13',NULL,'398 Williams Prairie Suite 484\nEricaville, UT 05890'),(333,'Cristina','Byrd',31725708,'2004-11-24',NULL,'1690 Jacqueline Green Apt. 007\nSmithton, ND 53039'),(334,'Adam','Cox',1103864,'1989-12-17',NULL,'Unit 0168 Box 6369\nDPO AE 22791'),(335,'Darlene','Hall',81877604,'2006-12-26',NULL,'565 Richard Springs\nGeorgeberg, ND 53309'),(336,'Mia','Perez',67017307,'2008-10-27',NULL,'966 Davis Row\nEast Christinaville, TN 24378'),(337,'Charles','Douglas',61606526,'1991-04-23',NULL,'Unit 0759 Box 6620\nDPO AP 28264'),(338,'Brian','Reed',93413995,'2012-07-18',NULL,'617 Nancy Loaf Apt. 377\nWilsonville, MN 52109'),(339,'Sean','Moran',83048300,'1998-07-24',NULL,'1740 Christopher Common\nLanestad, MT 51481'),(340,'Lisa','Lyons',50204070,'1974-06-12',NULL,'57607 Mccoy Bypass Apt. 892\nWest Alexander, ID 11136'),(341,'Dorothy','Braun',10112669,'1990-10-16',NULL,'765 Gardner Canyon Apt. 409\nBrianberg, CA 83454'),(342,'Jerry','Krause',23395145,'1986-06-11',NULL,'25019 Andre Underpass Suite 683\nEast Melissaview, MT 28510'),(343,'Glenn','Mays',63499112,'1971-05-26',NULL,'USS Gordon\nFPO AA 64075'),(344,'Robert','Sullivan',72052419,'2016-06-21',NULL,'30989 Robert Extensions\nGallegosbury, NM 41227'),(345,'Kirsten','Smith',23493067,'1970-02-10',NULL,'007 Harding Burgs\nTimothyland, SD 93757'),(346,'Geoffrey','Reyes',63931866,'2008-05-26',NULL,'PSC 1052, Box 2640\nAPO AP 61026'),(347,'Shelby','Alvarado',74783659,'1980-10-20',NULL,'9948 Richard Bridge Suite 406\nEast Kristinamouth, NH 05651'),(348,'Kyle','Huff',25792940,'1990-08-27',NULL,'52845 Jeffrey Crossroad Apt. 168\nLake Matthew, PA 60966'),(349,'Emily','King',15030440,'2016-10-08',NULL,'39740 Schwartz Avenue\nLake Tina, ND 16008'),(350,'Melissa','Smith',33426345,'1980-04-11',NULL,'24459 Lowe Alley\nLake Davidland, KS 06739'),(351,'Allison','Medina',8724402,'1981-02-01',NULL,'7063 Ronald Cliff Suite 163\nLake Anthony, NM 56905'),(352,'Michelle','Wheeler',95992023,'1986-09-24',NULL,'PSC 4657, Box 0276\nAPO AE 88451'),(353,'Karen','Cooper',84459926,'2015-09-26',NULL,'895 Reed Passage Suite 292\nArnoldmouth, SD 36570'),(354,'Kevin','Wilkerson',82622398,'2000-07-10',NULL,'27602 Harris Mount\nSanderston, NE 79133'),(355,'Scott','Evans',14169804,'1988-04-30',NULL,'PSC 7488, Box 9664\nAPO AA 70193'),(356,'Amy','Evans',96151606,'1981-07-24',NULL,'43013 Martha Fords Apt. 428\nEast Gloriachester, IA 39644'),(357,'Austin','Robinson',38944079,'2014-04-15',NULL,'76251 Tim Cliffs Suite 443\nLake Karenville, NV 79346'),(358,'Karen','Ellis',92831617,'1995-06-26',NULL,'8699 Shannon Inlet\nSouth Wendystad, AK 64729'),(359,'Courtney','Reynolds',85632487,'1987-05-18',NULL,'12068 Alexis Square Suite 778\nEast Jessica, HI 85526'),(360,'Andrea','Mckinney',45155939,'2018-03-21',NULL,'031 Kari Hills\nEast Jamie, MO 70089'),(361,'Joshua','Porter',55714728,'1970-04-12',NULL,'915 Melinda Ford Suite 648\nSherryville, IN 98050'),(362,'Heather','Wilson',35594275,'1973-02-09',NULL,'698 Hernandez Estate Suite 910\nLake John, NE 17310'),(363,'Dustin','Thompson',89079218,'1994-12-18',NULL,'27224 Kelly Alley Suite 319\nEast Jeffrey, CT 66738'),(364,'Bill','Mclaughlin',29518541,'1985-10-29',NULL,'423 Mccarthy Hills\nStewartville, FL 49558'),(365,'Jerry','Gutierrez',36587286,'2013-08-12',NULL,'953 Mark Tunnel Apt. 723\nNew Amandatown, HI 55728'),(366,'Lori','Smith',99902593,'1995-06-04',NULL,'4342 Perkins Stravenue\nWyattview, DC 60929'),(367,'Kevin','Miller',5878991,'2007-11-30',NULL,'6873 Kirby Flat\nEast Michaelview, ND 64293'),(368,'Ann','Delgado',35253657,'1981-09-15',NULL,'77164 Roberts Mount\nSydneyfurt, NE 16573'),(369,'Sharon','Sanders',61903119,'1989-03-15',NULL,'863 Johnson Springs Suite 920\nNorth Heather, WI 67937'),(370,'Beverly','Hartman',7879903,'2017-02-05',NULL,'USCGC Reed\nFPO AA 54272'),(371,'Kelly','Martinez',90135573,'1979-03-11',NULL,'037 Rachael Vista Apt. 703\nLake Michelle, GA 73977'),(372,'John','Rivera',77385713,'1974-02-16',NULL,'578 Johnson Branch Suite 985\nNew Charlestown, NM 73904'),(373,'Cameron','Jackson',73243587,'2011-08-03',NULL,'99712 Wright Dale Apt. 165\nEast Jeffreyhaven, GA 89927'),(374,'Jessica','Gates',85132365,'1975-04-09',NULL,'7920 Elliott Grove Suite 473\nDebbieshire, SD 29071'),(375,'John','Johnson',81656854,'2000-04-18',NULL,'2486 Michelle Bypass Suite 383\nSouth Danny, CT 70885'),(376,'Angela','Romero',66985030,'2004-02-03',NULL,'6175 Tonya Station\nPort Johnmouth, KY 83497'),(377,'Jason','Brown',937414,'1970-05-29',NULL,'726 Wolfe Unions\nEthanside, KY 29227'),(378,'Monica','Anderson',53422781,'1989-08-11',NULL,'3942 Darryl Isle\nWest Josefurt, MT 83581'),(379,'Melissa','Meza',7557887,'2006-09-06',NULL,'236 Joseph Unions Suite 906\nHernandezberg, VT 73366'),(380,'Benjamin','Cochran',74740083,'1998-04-23',NULL,'9236 Mayo Causeway\nMendozabury, MT 77362'),(381,'James','Santos',844409,'1997-09-20',NULL,'Unit 2191 Box 6352\nDPO AE 43857'),(382,'Eduardo','Page',95029547,'1983-06-15',NULL,'888 Luna Stream\nNew Kimberlybury, HI 20962'),(383,'Janice','Castro',81600115,'2011-04-25',NULL,'838 Sanders Alley\nLake Brooke, VT 85234'),(384,'Adam','Wade',72562947,'1975-07-16',NULL,'54413 Murray Isle\nBrockton, GA 42207'),(385,'Jennifer','Roberson',32116268,'1996-08-04',NULL,'075 Vincent Road Apt. 624\nShellyberg, NV 16321'),(386,'Valerie','Wells',47614494,'1974-04-29',NULL,'6209 Daniel Circles\nCharlesland, HI 57524'),(387,'Jason','Vasquez',70521685,'1982-04-24',NULL,'285 James Corners\nFullerland, MD 09018'),(388,'Claire','Myers',8834210,'1970-12-25',NULL,'1633 Jackson Plains Suite 042\nPort Christopherstad, NC 92063'),(389,'Amy','Rodriguez',42529556,'1973-01-15',NULL,'519 Lawson Wells Suite 067\nSouth Amandaport, ND 63991'),(390,'Gregory','Davis',14101653,'1992-09-29',NULL,'89828 Richard Manor\nSouth Shawn, AZ 68326'),(391,'Wanda','Jackson',35902679,'1995-04-23',NULL,'649 Dana Manor Suite 707\nPort Johnmouth, MN 78301'),(392,'Sarah','Donaldson',15453420,'1973-05-13',NULL,'542 Snyder Row\nHammondstad, NV 75522'),(393,'Amy','Stewart',51313343,'2016-04-10',NULL,'11124 Gina Dale\nNew Justinfurt, SC 16268'),(394,'Heather','Wood',19302025,'1971-10-20',NULL,'126 Patrick Fort\nStevenhaven, FL 88166'),(395,'Gilbert','Summers',33722662,'1997-04-28',NULL,'2862 John Falls Apt. 937\nNew Michaelton, WV 61769'),(396,'Marc','Cole',40894147,'1975-12-08',NULL,'925 Douglas Ports\nGarciaside, ME 27279'),(397,'Erin','Martin',7522875,'2017-04-24',NULL,'879 Reed Lakes\nMichellechester, ME 53402'),(398,'Timothy','Monroe',41638865,'1991-06-08',NULL,'66132 Rachel Coves Apt. 959\nLunaland, ID 19942'),(399,'Laura','Mitchell',46975108,'1988-11-01',NULL,'3202 Green Summit Suite 368\nHillstad, WY 09317'),(400,'David','White',1623285,'1976-02-21',NULL,'2933 Douglas Roads Apt. 881\nCooperside, RI 94277');
/*!40000 ALTER TABLE `customer` ENABLE KEYS */;
UNLOCK TABLES;

--
-- Table structure for table `dish`
--

DROP TABLE IF EXISTS `dish`;
/*!40101 SET @saved_cs_client     = @@character_set_client */;
/*!40101 SET character_set_client = utf8 */;
CREATE TABLE `dish` (
  `dish_id` int(9) NOT NULL AUTO_INCREMENT,
  `dish_name` varchar(50) CHARACTER SET utf8 COLLATE utf8_unicode_ci DEFAULT NULL,
  `price` int(9) DEFAULT NULL,
  PRIMARY KEY (`dish_id`)
) ENGINE=InnoDB AUTO_INCREMENT=89 DEFAULT CHARSET=latin1;
/*!40101 SET character_set_client = @saved_cs_client */;

--
-- Dumping data for table `dish`
--

LOCK TABLES `dish` WRITE;
/*!40000 ALTER TABLE `dish` DISABLE KEYS */;
INSERT INTO `dish` VALUES (1,'Pepperoni Pizza',15),(2,'Pasta Bolognese',57),(3,'Ribeye',521),(4,'French Onion Soup',771),(5,'Cesar Salad',166),(6,'Fish and Chips',130),(7,'Sushi',939),(8,'Bibimbap',302),(9,'Cheeseburger',631),(10,'Yemista',146),(11,'Roasted Lamb',2),(12,'Pepperoni Pizza',38),(13,'Pasta Bolognese',780),(14,'Ribeye',50),(15,'French Onion Soup',910),(16,'Cesar Salad',419),(17,'Fish and Chips',713),(18,'Sushi',255),(19,'Bibimbap',844),(20,'Cheeseburger',292),(21,'Yemista',722),(22,'Roasted Lamb',234),(23,'Pepperoni Pizza',832),(24,'Pasta Bolognese',174),(25,'Ribeye',122),(26,'French Onion Soup',709),(27,'Cesar Salad',786),(28,'Fish and Chips',712),(29,'Sushi',718),(30,'Bibimbap',116),(31,'Cheeseburger',460),(32,'Yemista',293),(33,'Roasted Lamb',589),(34,'Pepperoni Pizza',745),(35,'Pasta Bolognese',605),(36,'Ribeye',890),(37,'French Onion Soup',7),(38,'Cesar Salad',463),(39,'Fish and Chips',917),(40,'Sushi',846),(41,'Bibimbap',408),(42,'Cheeseburger',152),(43,'Yemista',477),(44,'Roasted Lamb',271),(45,'Pepperoni Pizza',226),(46,'Pasta Bolognese',899),(47,'Ribeye',673),(48,'French Onion Soup',277),(49,'Cesar Salad',484),(50,'Fish and Chips',164),(51,'Sushi',303),(52,'Bibimbap',98),(53,'Cheeseburger',248),(54,'Yemista',723),(55,'Roasted Lamb',921),(56,'Pepperoni Pizza',671),(57,'Pasta Bolognese',499),(58,'Ribeye',751),(59,'French Onion Soup',525),(60,'Cesar Salad',164),(61,'Fish and Chips',574),(62,'Sushi',192),(63,'Bibimbap',786),(64,'Cheeseburger',257),(65,'Yemista',377),(66,'Roasted Lamb',158),(67,'Pepperoni Pizza',431),(68,'Pasta Bolognese',285),(69,'Ribeye',392),(70,'French Onion Soup',230),(71,'Cesar Salad',645),(72,'Fish and Chips',936),(73,'Sushi',473),(74,'Bibimbap',459),(75,'Cheeseburger',649),(76,'Yemista',529),(77,'Roasted Lamb',131),(78,'Pepperoni Pizza',555),(79,'Pasta Bolognese',883),(80,'Ribeye',170),(81,'French Onion Soup',56),(82,'Cesar Salad',401),(83,'Fish and Chips',672),(84,'Sushi',498),(85,'Bibimbap',173),(86,'Cheeseburger',604),(87,'Yemista',963),(88,'Roasted Lamb',871);
/*!40000 ALTER TABLE `dish` ENABLE KEYS */;
UNLOCK TABLES;

--
-- Table structure for table `orders`
--

DROP TABLE IF EXISTS `orders`;
/*!40101 SET @saved_cs_client     = @@character_set_client */;
/*!40101 SET character_set_client = utf8 */;
CREATE TABLE `orders` (
  `order_id` int(9) NOT NULL AUTO_INCREMENT,
  `time_stamp` time DEFAULT NULL,
  `order_type` varchar(20) DEFAULT NULL,
  `customer_id` int(9) DEFAULT NULL,
  `dish_id` int(9) DEFAULT NULL,
  `delivery` varchar(32) DEFAULT NULL,
  `price` int(9) DEFAULT NULL,
  PRIMARY KEY (`order_id`),
  KEY `dish_id_ibfk1` (`dish_id`),
  KEY `customer_id_ibfk2` (`customer_id`),
  CONSTRAINT `customer_id_ibfk2` FOREIGN KEY (`customer_id`) REFERENCES `customer` (`customer_id`),
  CONSTRAINT `dish_id_ibfk1` FOREIGN KEY (`dish_id`) REFERENCES `dish` (`dish_id`)
) ENGINE=InnoDB AUTO_INCREMENT=2001 DEFAULT CHARSET=latin1;
/*!40101 SET character_set_client = @saved_cs_client */;

--
-- Dumping data for table `orders`
--

LOCK TABLES `orders` WRITE;
/*!40000 ALTER TABLE `orders` DISABLE KEYS */;
INSERT INTO `orders` VALUES (1,'05:48:50','take-away',5,10,'Customer',72),(2,'18:46:44','take-away',11,11,'Drone',278),(3,'21:25:34','take-away',9,1,'Car',132),(4,'20:50:26','take-away',23,8,'Customer',824),(5,'03:13:23','inhouse',16,3,'Pickup',454),(6,'21:45:29','take-away',46,9,'Pickup',546),(7,'17:17:05','take-away',42,11,'Cycle',194),(8,'09:37:45','inhouse',45,10,'Customer',222),(9,'07:45:05','take-away',36,7,'Customer',248),(10,'01:39:51','take-away',15,11,'Car',306),(11,'09:05:56','take-away',41,7,'Customer',655),(12,'11:39:51','inhouse',2,1,'Pickup',165),(13,'00:27:43','take-away',23,8,'Cycle',891),(14,'05:50:31','inhouse',50,1,'Pickup',388),(15,'05:47:39','inhouse',2,8,'Car',437),(16,'16:09:14','take-away',43,3,'Drone',103),(17,'01:25:58','inhouse',42,11,'Car',319),(18,'06:59:36','inhouse',27,7,'Cycle',752),(19,'09:22:03','take-away',41,1,'Cycle',235),(20,'09:51:02','take-away',36,7,'Cycle',350),(21,'12:05:14','take-away',31,3,'Drone',243),(22,'06:48:17','inhouse',39,11,'Car',619),(23,'20:50:56','inhouse',38,4,'Customer',734),(24,'14:45:33','inhouse',40,7,'Customer',91),(25,'18:01:58','take-away',1,3,'Car',895),(26,'03:55:49','inhouse',26,3,'Pickup',704),(27,'18:08:45','inhouse',22,6,'Pickup',262),(28,'10:52:31','inhouse',50,5,'Pickup',862),(29,'01:09:39','inhouse',7,1,'Cycle',897),(30,'23:08:53','inhouse',1,2,'Customer',567),(31,'05:16:55','take-away',18,2,'Cycle',83),(32,'18:10:44','take-away',15,3,'Drone',807),(33,'10:07:35','inhouse',47,2,'Car',859),(34,'12:48:09','take-away',27,6,'Pickup',580),(35,'11:35:08','inhouse',18,5,'Pickup',519),(36,'10:06:43','take-away',47,6,'Drone',428),(37,'03:37:10','take-away',40,4,'Customer',905),(38,'05:27:59','inhouse',22,1,'Cycle',156),(39,'21:49:13','take-away',36,10,'Drone',454),(40,'11:46:22','take-away',18,10,'Drone',602),(41,'14:06:43','take-away',10,5,'Car',800),(42,'22:28:28','take-away',11,1,'Cycle',967),(43,'16:57:15','take-away',5,7,'Cycle',860),(44,'13:12:55','take-away',15,4,'Cycle',912),(45,'15:46:53','inhouse',45,3,'Car',268),(46,'17:51:58','take-away',5,3,'Pickup',159),(47,'08:58:08','take-away',21,6,'Cycle',94),(48,'17:30:42','inhouse',37,5,'Drone',818),(49,'04:17:14','inhouse',33,1,'Customer',215),(50,'19:34:27','take-away',17,9,'Drone',424),(51,'04:01:43','take-away',24,11,'Pickup',978),(52,'23:46:41','inhouse',15,7,'Car',663),(53,'05:12:19','inhouse',2,11,'Customer',812),(54,'13:42:24','take-away',16,9,'Car',530),(55,'12:43:54','inhouse',39,1,'Customer',686),(56,'22:00:01','take-away',12,4,'Drone',786),(57,'10:55:51','take-away',12,5,'Pickup',707),(58,'00:17:52','inhouse',32,5,'Customer',997),(59,'09:49:35','inhouse',40,8,'Car',413),(60,'04:55:03','take-away',48,3,'Car',730),(61,'23:43:38','take-away',42,1,'Car',67),(62,'08:18:16','take-away',38,9,'Customer',302),(63,'14:12:05','inhouse',31,8,'Pickup',816),(64,'06:54:14','inhouse',42,3,'Customer',662),(65,'07:52:02','take-away',44,9,'Car',385),(66,'14:08:30','inhouse',10,5,'Customer',726),(67,'13:08:29','inhouse',33,6,'Pickup',509),(68,'15:15:25','inhouse',29,10,'Cycle',502),(69,'18:14:30','take-away',37,3,'Pickup',478),(70,'04:07:55','take-away',19,7,'Drone',833),(71,'19:47:41','inhouse',31,4,'Drone',791),(72,'19:30:18','inhouse',29,3,'Customer',601),(73,'13:05:12','take-away',18,9,'Customer',332),(74,'23:26:24','take-away',45,8,'Customer',676),(75,'15:52:52','inhouse',34,4,'Pickup',766),(76,'05:31:44','take-away',48,6,'Cycle',679),(77,'04:04:34','take-away',25,9,'Pickup',298),(78,'10:29:34','take-away',25,6,'Customer',76),(79,'12:04:09','inhouse',47,2,'Customer',359),(80,'11:24:53','take-away',1,6,'Drone',477),(81,'17:35:28','inhouse',14,11,'Pickup',384),(82,'13:07:54','take-away',30,10,'Drone',744),(83,'02:53:05','take-away',14,4,'Customer',385),(84,'03:33:25','take-away',13,11,'Car',736),(85,'20:55:41','inhouse',14,9,'Customer',861),(86,'03:57:09','inhouse',15,3,'Cycle',750),(87,'20:58:24','inhouse',6,7,'Customer',738),(88,'14:54:16','take-away',31,10,'Cycle',177),(89,'18:06:55','inhouse',17,5,'Customer',738),(90,'20:35:21','inhouse',33,6,'Car',153),(91,'20:18:33','inhouse',30,10,'Car',226),(92,'06:33:24','take-away',38,6,'Car',897),(93,'19:25:02','inhouse',18,2,'Customer',983),(94,'05:51:48','inhouse',45,6,'Customer',179),(95,'06:16:06','take-away',25,10,'Car',238),(96,'19:17:38','inhouse',48,9,'Drone',785),(97,'16:32:39','inhouse',34,4,'Drone',160),(98,'17:08:14','take-away',26,6,'Car',925),(99,'00:27:54','inhouse',10,4,'Pickup',798),(100,'13:02:58','inhouse',6,1,'Customer',857),(101,'04:43:02','take-away',41,3,'Drone',370),(102,'09:54:22','take-away',13,11,'Car',228),(103,'16:51:08','take-away',33,3,'Pickup',380),(104,'20:57:56','inhouse',6,10,'Customer',279),(105,'04:23:19','take-away',2,8,'Cycle',888),(106,'14:59:09','inhouse',8,11,'Cycle',371),(107,'08:01:32','take-away',30,11,'Pickup',920),(108,'02:56:12','inhouse',32,2,'Cycle',841),(109,'19:20:03','take-away',1,4,'Pickup',494),(110,'04:55:30','inhouse',23,5,'Car',195),(111,'09:45:11','inhouse',18,4,'Pickup',675),(112,'22:00:48','take-away',33,8,'Customer',84),(113,'12:55:01','inhouse',3,5,'Drone',946),(114,'06:15:54','inhouse',12,7,'Car',629),(115,'06:49:11','take-away',29,8,'Cycle',402),(116,'23:34:55','inhouse',43,6,'Drone',519),(117,'02:29:52','inhouse',45,5,'Drone',170),(118,'05:00:45','take-away',40,7,'Car',89),(119,'01:18:55','inhouse',48,11,'Drone',440),(120,'04:22:22','inhouse',12,7,'Pickup',579),(121,'01:28:17','inhouse',30,4,'Car',789),(122,'03:51:36','take-away',29,5,'Cycle',136),(123,'11:48:56','take-away',16,2,'Drone',501),(124,'04:05:30','inhouse',49,9,'Drone',836),(125,'17:46:55','take-away',14,8,'Drone',661),(126,'10:38:00','inhouse',20,9,'Pickup',681),(127,'21:53:31','inhouse',23,7,'Cycle',966),(128,'06:02:21','take-away',23,6,'Car',464),(129,'04:09:58','take-away',35,10,'Drone',738),(130,'08:36:21','take-away',38,2,'Cycle',988),(131,'00:40:50','take-away',27,1,'Customer',870),(132,'01:58:35','take-away',13,8,'Cycle',725),(133,'12:20:26','take-away',15,8,'Customer',894),(134,'05:19:29','take-away',37,6,'Cycle',858),(135,'06:27:05','inhouse',27,5,'Pickup',685),(136,'06:46:33','inhouse',5,4,'Car',895),(137,'06:58:38','take-away',19,9,'Car',131),(138,'20:32:03','inhouse',30,8,'Cycle',442),(139,'01:36:43','take-away',50,2,'Drone',827),(140,'17:44:55','inhouse',50,4,'Pickup',769),(141,'22:22:23','take-away',41,6,'Customer',322),(142,'15:01:46','inhouse',49,6,'Cycle',998),(143,'13:13:13','take-away',37,4,'Drone',897),(144,'23:38:37','take-away',47,4,'Drone',824),(145,'06:24:10','inhouse',36,8,'Drone',872),(146,'03:03:24','inhouse',33,3,'Cycle',324),(147,'20:20:18','inhouse',43,8,'Drone',271),(148,'18:07:45','inhouse',5,8,'Pickup',672),(149,'21:59:22','take-away',28,4,'Drone',448),(150,'16:05:26','inhouse',11,9,'Customer',320),(151,'20:52:33','take-away',50,1,'Drone',197),(152,'01:55:36','inhouse',10,6,'Car',874),(153,'15:46:54','inhouse',30,2,'Drone',949),(154,'05:34:39','inhouse',6,9,'Drone',712),(155,'03:09:26','take-away',20,8,'Cycle',546),(156,'13:28:27','inhouse',7,4,'Drone',675),(157,'12:41:54','take-away',27,4,'Drone',590),(158,'13:00:31','take-away',23,6,'Car',879),(159,'01:47:46','inhouse',40,5,'Cycle',329),(160,'02:03:03','inhouse',36,11,'Drone',213),(161,'05:13:07','take-away',19,9,'Car',547),(162,'15:39:48','take-away',10,10,'Drone',301),(163,'14:43:22','inhouse',14,2,'Car',722),(164,'01:20:12','take-away',39,9,'Drone',242),(165,'09:02:27','take-away',50,5,'Car',673),(166,'20:22:53','take-away',40,2,'Pickup',542),(167,'08:32:17','take-away',50,4,'Pickup',872),(168,'04:21:07','take-away',9,9,'Cycle',539),(169,'14:46:27','take-away',7,3,'Customer',531),(170,'09:33:05','inhouse',44,3,'Pickup',391),(171,'17:34:55','inhouse',47,3,'Car',478),(172,'20:37:56','inhouse',38,7,'Drone',66),(173,'23:22:14','inhouse',44,6,'Car',818),(174,'21:07:27','inhouse',27,4,'Drone',982),(175,'13:35:43','inhouse',50,1,'Car',524),(176,'14:30:38','inhouse',28,5,'Cycle',70),(177,'15:51:05','inhouse',29,10,'Car',581),(178,'03:34:24','inhouse',35,11,'Pickup',707),(179,'05:15:30','inhouse',11,10,'Pickup',780),(180,'04:18:25','take-away',17,8,'Customer',784),(181,'04:01:36','inhouse',10,2,'Cycle',456),(182,'18:58:38','inhouse',29,2,'Drone',80),(183,'20:28:43','take-away',4,8,'Cycle',725),(184,'15:54:15','inhouse',49,2,'Customer',433),(185,'22:49:34','inhouse',41,7,'Customer',178),(186,'12:43:20','inhouse',35,3,'Car',363),(187,'11:30:46','take-away',16,2,'Pickup',623),(188,'05:20:10','inhouse',41,10,'Drone',678),(189,'15:13:19','take-away',18,2,'Pickup',772),(190,'22:58:53','take-away',33,5,'Drone',996),(191,'17:30:53','inhouse',34,3,'Pickup',656),(192,'00:49:39','take-away',21,11,'Drone',103),(193,'09:44:12','take-away',40,1,'Pickup',682),(194,'19:41:15','inhouse',42,4,'Car',240),(195,'03:41:02','inhouse',8,10,'Cycle',981),(196,'06:26:53','inhouse',35,5,'Pickup',273),(197,'23:21:44','inhouse',9,6,'Customer',972),(198,'17:26:34','take-away',37,7,'Pickup',104),(199,'19:07:15','take-away',32,3,'Cycle',218),(200,'10:33:03','take-away',17,10,'Customer',861),(201,'02:09:42','take-away',8,11,'Customer',953),(202,'06:43:58','inhouse',15,8,'Customer',715),(203,'00:53:53','inhouse',27,7,'Pickup',791),(204,'18:20:44','take-away',49,8,'Pickup',751),(205,'04:26:09','inhouse',40,8,'Cycle',82),(206,'02:25:49','take-away',24,6,'Pickup',671),(207,'14:05:44','inhouse',12,4,'Car',553),(208,'01:23:09','inhouse',47,5,'Cycle',242),(209,'09:39:58','take-away',10,3,'Car',118),(210,'18:21:50','inhouse',14,11,'Pickup',292),(211,'17:14:02','inhouse',14,8,'Pickup',945),(212,'21:55:35','take-away',19,10,'Drone',544),(213,'23:33:15','inhouse',36,5,'Car',275),(214,'13:26:26','take-away',50,9,'Cycle',931),(215,'04:11:51','inhouse',49,11,'Pickup',927),(216,'07:50:05','take-away',50,2,'Pickup',612),(217,'16:35:01','take-away',34,10,'Pickup',830),(218,'23:07:23','inhouse',42,7,'Pickup',623),(219,'13:32:01','take-away',23,5,'Drone',982),(220,'12:27:33','take-away',42,3,'Cycle',436),(221,'10:40:53','take-away',9,1,'Car',416),(222,'03:51:59','inhouse',11,2,'Customer',484),(223,'03:12:06','inhouse',14,2,'Customer',853),(224,'10:39:02','take-away',19,1,'Cycle',375),(225,'05:44:09','inhouse',47,7,'Car',159),(226,'21:46:07','inhouse',3,8,'Pickup',753),(227,'22:37:08','take-away',35,8,'Cycle',235),(228,'20:25:17','inhouse',36,5,'Cycle',626),(229,'22:10:21','take-away',32,8,'Customer',63),(230,'21:35:53','inhouse',18,10,'Customer',477),(231,'21:23:03','take-away',18,9,'Cycle',219),(232,'22:54:11','take-away',15,2,'Drone',394),(233,'13:11:06','inhouse',25,4,'Customer',128),(234,'22:58:23','inhouse',17,11,'Cycle',431),(235,'06:21:41','take-away',7,1,'Cycle',276),(236,'10:35:34','take-away',24,5,'Car',867),(237,'11:47:24','inhouse',15,9,'Pickup',124),(238,'08:46:33','inhouse',1,7,'Car',920),(239,'19:49:38','inhouse',32,10,'Cycle',367),(240,'08:17:21','inhouse',12,2,'Drone',699),(241,'16:17:43','take-away',21,9,'Drone',920),(242,'17:58:19','inhouse',23,1,'Pickup',60),(243,'01:29:32','take-away',4,7,'Customer',564),(244,'04:26:55','inhouse',18,5,'Pickup',62),(245,'03:45:10','inhouse',35,1,'Drone',921),(246,'21:33:55','take-away',45,8,'Customer',178),(247,'02:07:00','inhouse',13,3,'Cycle',500),(248,'18:24:54','take-away',47,2,'Pickup',187),(249,'20:29:19','inhouse',37,11,'Cycle',420),(250,'20:13:28','take-away',16,8,'Drone',350),(251,'01:40:32','take-away',43,6,'Drone',77),(252,'16:41:20','take-away',48,2,'Pickup',50),(253,'07:09:08','inhouse',11,9,'Car',850),(254,'00:38:49','take-away',41,3,'Drone',475),(255,'04:41:24','take-away',47,8,'Customer',977),(256,'14:16:00','inhouse',30,8,'Cycle',392),(257,'06:51:49','take-away',34,6,'Cycle',362),(258,'23:12:33','inhouse',12,9,'Cycle',305),(259,'10:43:54','take-away',40,8,'Cycle',892),(260,'08:36:52','inhouse',36,2,'Cycle',348),(261,'00:50:42','take-away',1,11,'Car',403),(262,'16:52:21','inhouse',1,2,'Customer',779),(263,'19:10:56','take-away',49,6,'Drone',566),(264,'03:01:05','inhouse',25,6,'Car',470),(265,'14:03:54','take-away',25,6,'Customer',572),(266,'03:52:26','inhouse',23,10,'Cycle',330),(267,'18:03:25','inhouse',29,10,'Drone',968),(268,'05:59:47','take-away',19,1,'Drone',786),(269,'20:17:27','inhouse',31,6,'Customer',264),(270,'03:24:37','inhouse',49,11,'Car',63),(271,'01:53:41','take-away',16,5,'Pickup',750),(272,'01:02:34','inhouse',11,5,'Cycle',230),(273,'10:55:21','inhouse',32,6,'Car',280),(274,'06:27:13','take-away',4,4,'Car',213),(275,'16:50:09','take-away',37,10,'Pickup',399),(276,'13:07:39','take-away',29,7,'Drone',171),(277,'08:52:28','take-away',10,4,'Drone',874),(278,'18:14:23','take-away',1,9,'Drone',623),(279,'23:48:53','take-away',43,6,'Drone',170),(280,'08:28:53','inhouse',25,6,'Cycle',532),(281,'17:16:13','take-away',25,4,'Car',485),(282,'21:23:06','inhouse',45,3,'Cycle',463),(283,'21:17:54','inhouse',25,7,'Cycle',289),(284,'21:05:17','inhouse',21,4,'Drone',192),(285,'18:38:16','inhouse',25,8,'Customer',530),(286,'22:58:30','take-away',50,11,'Cycle',506),(287,'04:13:15','take-away',15,11,'Car',316),(288,'16:10:00','inhouse',50,11,'Drone',822),(289,'00:58:43','take-away',32,4,'Drone',270),(290,'05:43:41','inhouse',15,5,'Pickup',456),(291,'04:43:51','inhouse',34,7,'Cycle',988),(292,'05:06:04','take-away',17,4,'Cycle',232),(293,'16:43:42','inhouse',47,11,'Car',889),(294,'03:36:56','inhouse',4,7,'Drone',316),(295,'08:57:05','inhouse',15,11,'Car',733),(296,'03:29:38','inhouse',40,5,'Cycle',808),(297,'05:13:28','take-away',32,4,'Pickup',227),(298,'23:41:13','inhouse',5,3,'Car',600),(299,'07:48:28','inhouse',24,2,'Cycle',903),(300,'19:48:48','inhouse',47,5,'Pickup',72),(301,'19:08:20','inhouse',36,9,'Customer',525),(302,'17:37:00','inhouse',29,3,'Customer',412),(303,'22:07:05','inhouse',42,3,'Cycle',978),(304,'03:08:24','inhouse',4,10,'Customer',680),(305,'23:09:29','take-away',44,5,'Drone',362),(306,'20:21:42','take-away',25,11,'Cycle',983),(307,'22:23:51','inhouse',39,10,'Customer',180),(308,'21:41:42','inhouse',7,6,'Cycle',994),(309,'02:38:27','inhouse',22,3,'Cycle',346),(310,'04:12:06','inhouse',42,7,'Drone',180),(311,'20:53:33','take-away',31,3,'Cycle',505),(312,'16:28:00','inhouse',13,7,'Car',161),(313,'19:51:35','inhouse',29,8,'Customer',309),(314,'07:52:47','take-away',34,1,'Pickup',493),(315,'20:41:33','inhouse',43,10,'Drone',593),(316,'00:45:24','inhouse',50,8,'Customer',353),(317,'03:41:06','take-away',13,11,'Customer',219),(318,'00:35:29','inhouse',14,4,'Pickup',739),(319,'14:21:37','take-away',30,8,'Pickup',77),(320,'20:23:30','take-away',27,7,'Car',166),(321,'13:08:48','take-away',13,2,'Drone',799),(322,'13:03:28','inhouse',29,10,'Cycle',107),(323,'16:20:17','take-away',23,3,'Car',162),(324,'21:07:22','inhouse',36,4,'Drone',893),(325,'18:42:34','take-away',17,10,'Customer',668),(326,'15:16:36','take-away',36,9,'Customer',825),(327,'05:36:39','inhouse',2,7,'Customer',914),(328,'21:40:07','take-away',13,10,'Drone',207),(329,'07:35:11','take-away',36,9,'Car',974),(330,'10:27:05','inhouse',2,5,'Drone',369),(331,'07:45:52','inhouse',9,4,'Customer',256),(332,'10:29:39','inhouse',21,6,'Cycle',555),(333,'23:56:22','inhouse',19,4,'Pickup',367),(334,'02:36:23','take-away',38,6,'Drone',501),(335,'02:09:23','take-away',15,1,'Cycle',656),(336,'08:59:39','inhouse',7,4,'Car',834),(337,'14:24:47','take-away',45,11,'Cycle',347),(338,'12:35:07','take-away',15,9,'Cycle',529),(339,'12:33:20','inhouse',44,7,'Pickup',980),(340,'04:30:00','take-away',38,4,'Car',616),(341,'14:56:16','take-away',21,7,'Car',109),(342,'22:53:06','inhouse',35,2,'Car',85),(343,'10:01:30','inhouse',39,5,'Drone',665),(344,'09:25:27','inhouse',38,3,'Cycle',125),(345,'20:50:33','inhouse',25,11,'Pickup',381),(346,'23:42:23','take-away',34,10,'Car',736),(347,'17:59:48','take-away',46,3,'Customer',183),(348,'03:58:16','inhouse',7,4,'Drone',507),(349,'11:43:47','take-away',18,5,'Car',713),(350,'11:09:16','inhouse',12,1,'Pickup',505),(351,'20:29:01','inhouse',45,1,'Pickup',728),(352,'22:44:09','inhouse',16,3,'Cycle',91),(353,'09:52:34','take-away',27,8,'Cycle',405),(354,'21:14:24','inhouse',49,4,'Pickup',929),(355,'08:30:00','inhouse',26,6,'Pickup',642),(356,'08:30:46','take-away',32,1,'Customer',791),(357,'11:40:11','take-away',23,6,'Cycle',858),(358,'05:45:40','inhouse',49,6,'Drone',860),(359,'23:03:54','take-away',28,1,'Cycle',647),(360,'16:00:58','take-away',6,6,'Car',414),(361,'08:37:16','take-away',36,5,'Drone',962),(362,'22:28:34','take-away',40,5,'Drone',137),(363,'20:00:53','inhouse',47,10,'Pickup',96),(364,'17:42:50','take-away',13,10,'Pickup',201),(365,'12:51:51','inhouse',28,6,'Drone',213),(366,'02:15:39','inhouse',36,10,'Car',221),(367,'16:26:40','take-away',32,5,'Car',988),(368,'01:01:59','inhouse',36,10,'Pickup',67),(369,'11:24:30','take-away',40,2,'Drone',623),(370,'21:20:07','take-away',41,8,'Car',401),(371,'23:44:36','take-away',44,2,'Customer',453),(372,'19:23:39','inhouse',40,5,'Drone',859),(373,'21:50:01','inhouse',31,4,'Car',982),(374,'04:44:24','take-away',6,2,'Car',944),(375,'10:10:27','inhouse',1,10,'Cycle',267),(376,'09:31:28','inhouse',19,4,'Cycle',949),(377,'02:54:32','inhouse',34,9,'Pickup',454),(378,'18:59:26','inhouse',26,3,'Customer',452),(379,'22:56:07','take-away',40,6,'Customer',444),(380,'10:14:40','take-away',21,2,'Pickup',902),(381,'04:15:14','inhouse',21,10,'Customer',343),(382,'12:45:05','take-away',12,9,'Cycle',490),(383,'03:52:19','take-away',34,8,'Car',958),(384,'01:31:54','take-away',37,6,'Cycle',710),(385,'16:06:49','take-away',43,11,'Car',113),(386,'08:40:50','take-away',32,4,'Cycle',385),(387,'00:48:54','take-away',39,11,'Cycle',179),(388,'11:23:46','take-away',40,1,'Customer',223),(389,'10:00:10','take-away',42,5,'Drone',188),(390,'16:38:56','inhouse',36,3,'Pickup',908),(391,'17:05:05','take-away',39,8,'Pickup',280),(392,'11:44:47','inhouse',12,9,'Drone',299),(393,'03:53:17','inhouse',7,1,'Pickup',294),(394,'19:24:10','take-away',30,2,'Pickup',612),(395,'03:28:09','inhouse',8,6,'Cycle',646),(396,'18:27:38','take-away',32,5,'Pickup',457),(397,'18:23:34','take-away',3,9,'Pickup',775),(398,'15:44:56','inhouse',48,8,'Customer',599),(399,'19:07:22','inhouse',1,3,'Car',224),(400,'11:27:27','inhouse',50,11,'Customer',233),(401,'21:40:48','take-away',28,4,'Car',692),(402,'13:45:42','inhouse',15,2,'Customer',502),(403,'07:50:34','inhouse',17,1,'Customer',205),(404,'13:41:33','inhouse',47,4,'Pickup',903),(405,'22:56:55','take-away',32,4,'Drone',53),(406,'12:46:05','take-away',4,7,'Pickup',352),(407,'21:46:09','take-away',11,9,'Customer',617),(408,'08:05:54','take-away',28,6,'Pickup',934),(409,'10:23:06','take-away',12,2,'Pickup',650),(410,'17:44:49','take-away',6,2,'Customer',766),(411,'07:10:56','inhouse',44,1,'Cycle',630),(412,'13:51:02','take-away',48,6,'Cycle',424),(413,'15:21:45','inhouse',46,2,'Customer',884),(414,'03:49:34','take-away',43,8,'Pickup',354),(415,'18:18:38','inhouse',31,8,'Cycle',912),(416,'15:56:13','take-away',22,10,'Car',254),(417,'21:03:47','take-away',23,9,'Cycle',385),(418,'15:15:53','take-away',37,1,'Drone',996),(419,'20:25:37','take-away',30,9,'Drone',527),(420,'13:36:46','inhouse',13,11,'Car',177),(421,'16:49:06','inhouse',41,7,'Cycle',646),(422,'15:02:17','take-away',9,7,'Car',659),(423,'13:31:51','inhouse',44,8,'Cycle',959),(424,'05:31:36','take-away',20,2,'Car',280),(425,'16:09:09','take-away',36,8,'Cycle',127),(426,'14:11:58','inhouse',3,5,'Car',623),(427,'15:18:34','take-away',11,2,'Pickup',636),(428,'01:01:59','inhouse',15,5,'Drone',82),(429,'09:22:14','inhouse',10,10,'Pickup',976),(430,'03:31:28','take-away',27,5,'Cycle',331),(431,'15:55:48','inhouse',27,7,'Customer',259),(432,'03:57:43','inhouse',31,1,'Car',145),(433,'17:32:53','take-away',21,2,'Customer',182),(434,'21:04:34','inhouse',35,1,'Drone',535),(435,'09:45:09','take-away',47,5,'Cycle',800),(436,'17:58:52','take-away',40,10,'Car',226),(437,'11:08:08','inhouse',14,1,'Pickup',419),(438,'03:57:44','inhouse',12,5,'Pickup',303),(439,'02:07:44','inhouse',17,9,'Drone',90),(440,'14:04:29','take-away',21,10,'Pickup',134),(441,'04:51:13','take-away',36,11,'Customer',190),(442,'19:29:31','take-away',12,1,'Pickup',682),(443,'06:52:32','inhouse',17,7,'Pickup',875),(444,'05:32:30','take-away',44,1,'Car',434),(445,'05:34:40','take-away',5,7,'Drone',942),(446,'03:53:49','take-away',1,2,'Drone',140),(447,'16:19:46','take-away',18,3,'Customer',818),(448,'03:39:47','take-away',11,8,'Customer',991),(449,'13:06:11','inhouse',28,1,'Pickup',192),(450,'23:14:41','inhouse',44,4,'Cycle',208),(451,'15:17:26','inhouse',13,7,'Cycle',417),(452,'22:07:15','inhouse',14,4,'Drone',488),(453,'03:03:12','take-away',17,8,'Customer',355),(454,'02:47:34','inhouse',16,6,'Cycle',484),(455,'01:13:26','inhouse',22,3,'Cycle',753),(456,'16:17:09','inhouse',48,7,'Pickup',103),(457,'01:15:28','inhouse',43,3,'Cycle',494),(458,'23:31:37','take-away',3,2,'Car',912),(459,'09:16:08','inhouse',40,2,'Drone',872),(460,'22:48:36','inhouse',28,6,'Pickup',234),(461,'17:31:42','inhouse',21,9,'Customer',355),(462,'18:50:42','inhouse',29,11,'Pickup',132),(463,'13:36:24','take-away',15,7,'Customer',638),(464,'23:18:08','take-away',2,1,'Cycle',759),(465,'11:51:43','inhouse',10,5,'Cycle',448),(466,'20:45:38','inhouse',48,9,'Cycle',724),(467,'03:57:17','inhouse',15,5,'Cycle',884),(468,'10:14:21','take-away',44,11,'Car',696),(469,'23:23:02','inhouse',33,3,'Cycle',838),(470,'08:08:54','inhouse',25,3,'Customer',378),(471,'15:04:58','inhouse',30,5,'Drone',976),(472,'08:54:05','take-away',19,2,'Customer',780),(473,'01:37:09','inhouse',18,1,'Cycle',539),(474,'21:08:43','take-away',3,1,'Cycle',988),(475,'03:22:14','inhouse',7,4,'Cycle',254),(476,'04:57:42','inhouse',33,7,'Cycle',837),(477,'07:30:54','inhouse',24,11,'Cycle',600),(478,'01:39:44','take-away',6,6,'Drone',940),(479,'02:28:07','inhouse',4,5,'Car',361),(480,'18:58:54','inhouse',2,6,'Cycle',991),(481,'20:22:01','inhouse',19,1,'Pickup',561),(482,'04:56:32','take-away',31,3,'Customer',901),(483,'09:46:53','inhouse',10,3,'Cycle',707),(484,'17:01:47','take-away',25,10,'Car',938),(485,'19:27:45','inhouse',41,10,'Drone',554),(486,'18:19:18','inhouse',16,6,'Car',420),(487,'19:39:57','inhouse',1,5,'Customer',215),(488,'17:42:07','take-away',5,10,'Customer',716),(489,'19:53:50','inhouse',22,2,'Customer',78),(490,'13:51:29','inhouse',18,8,'Car',722),(491,'07:02:30','take-away',10,9,'Customer',758),(492,'09:43:35','take-away',22,5,'Customer',600),(493,'23:48:24','inhouse',33,10,'Car',424),(494,'02:09:00','inhouse',16,2,'Customer',834),(495,'05:20:42','take-away',19,1,'Customer',751),(496,'12:56:40','take-away',28,11,'Drone',984),(497,'10:58:54','take-away',7,8,'Cycle',539),(498,'22:23:30','take-away',13,7,'Car',498),(499,'08:07:02','inhouse',24,6,'Customer',393),(500,'14:15:01','take-away',26,2,'Drone',390),(501,'11:35:04','inhouse',19,3,'Cycle',924),(502,'17:25:47','take-away',31,2,'Car',803),(503,'03:59:49','inhouse',3,1,'Car',736),(504,'23:18:04','take-away',11,11,'Customer',139),(505,'03:42:04','take-away',46,11,'Customer',266),(506,'14:59:00','take-away',26,3,'Car',397),(507,'01:43:15','inhouse',32,1,'Pickup',331),(508,'04:17:43','take-away',3,11,'Car',884),(509,'08:18:53','inhouse',30,7,'Car',541),(510,'07:21:45','take-away',21,6,'Drone',354),(511,'04:04:56','take-away',21,1,'Pickup',597),(512,'10:40:42','take-away',31,1,'Customer',683),(513,'10:09:31','inhouse',4,10,'Pickup',621),(514,'13:41:41','inhouse',12,4,'Car',908),(515,'03:38:25','inhouse',2,8,'Pickup',80),(516,'15:31:50','inhouse',5,9,'Drone',247),(517,'13:44:06','take-away',42,6,'Drone',956),(518,'06:55:11','inhouse',27,8,'Pickup',406),(519,'19:53:46','inhouse',30,5,'Drone',51),(520,'07:54:47','inhouse',26,3,'Cycle',216),(521,'22:41:24','take-away',44,2,'Pickup',672),(522,'13:10:36','take-away',47,8,'Customer',665),(523,'00:41:27','take-away',49,1,'Drone',478),(524,'17:27:56','take-away',24,4,'Pickup',362),(525,'16:05:12','take-away',19,9,'Pickup',992),(526,'06:13:01','inhouse',4,3,'Cycle',873),(527,'22:34:47','take-away',18,8,'Pickup',50),(528,'17:45:58','inhouse',26,3,'Pickup',851),(529,'11:29:35','inhouse',37,5,'Cycle',269),(530,'12:49:16','inhouse',49,11,'Pickup',314),(531,'15:44:52','take-away',31,1,'Cycle',886),(532,'06:51:11','inhouse',36,10,'Car',170),(533,'12:21:00','take-away',7,4,'Drone',249),(534,'10:00:37','inhouse',5,3,'Car',526),(535,'18:00:51','take-away',29,10,'Pickup',94),(536,'19:42:17','take-away',34,1,'Car',592),(537,'01:44:43','take-away',19,4,'Cycle',194),(538,'12:36:15','take-away',10,8,'Car',933),(539,'13:02:51','inhouse',49,7,'Cycle',428),(540,'09:40:11','inhouse',44,8,'Pickup',355),(541,'04:19:50','take-away',41,2,'Drone',423),(542,'11:14:41','inhouse',3,10,'Customer',432),(543,'21:01:28','take-away',23,7,'Customer',232),(544,'08:26:03','take-away',6,9,'Cycle',70),(545,'02:39:14','take-away',12,7,'Pickup',158),(546,'22:59:42','inhouse',24,7,'Drone',264),(547,'14:28:37','inhouse',28,6,'Pickup',388),(548,'08:49:17','take-away',42,11,'Customer',364),(549,'15:23:52','inhouse',29,8,'Customer',147),(550,'15:02:08','take-away',48,9,'Cycle',233),(551,'21:50:39','take-away',34,2,'Drone',509),(552,'14:24:06','take-away',40,8,'Pickup',556),(553,'08:23:25','inhouse',28,6,'Car',513),(554,'03:09:53','inhouse',45,2,'Customer',82),(555,'20:22:52','inhouse',24,2,'Cycle',646),(556,'20:36:19','take-away',34,5,'Car',351),(557,'22:06:46','take-away',24,11,'Car',986),(558,'01:02:10','inhouse',39,8,'Pickup',422),(559,'03:07:05','inhouse',23,1,'Pickup',548),(560,'07:30:42','take-away',43,8,'Customer',786),(561,'00:23:16','inhouse',15,2,'Drone',872),(562,'18:23:41','take-away',31,8,'Customer',826),(563,'23:00:38','inhouse',7,9,'Customer',545),(564,'12:56:14','take-away',22,5,'Car',102),(565,'07:36:55','inhouse',14,4,'Customer',379),(566,'03:45:46','inhouse',30,9,'Cycle',701),(567,'02:23:11','take-away',11,1,'Car',317),(568,'23:06:26','inhouse',10,11,'Customer',313),(569,'12:35:19','take-away',17,5,'Cycle',354),(570,'03:24:32','take-away',28,6,'Car',521),(571,'23:25:19','inhouse',33,9,'Pickup',634),(572,'01:40:32','take-away',40,11,'Drone',834),(573,'23:22:48','inhouse',5,6,'Drone',888),(574,'07:54:55','inhouse',28,8,'Car',310),(575,'19:00:27','take-away',29,8,'Pickup',539),(576,'06:40:18','take-away',1,11,'Cycle',269),(577,'14:30:11','take-away',4,2,'Pickup',442),(578,'05:36:40','take-away',10,2,'Customer',227),(579,'14:50:30','take-away',9,7,'Pickup',855),(580,'14:31:36','take-away',7,7,'Customer',63),(581,'22:41:29','take-away',23,5,'Customer',453),(582,'18:24:00','inhouse',14,9,'Drone',988),(583,'12:39:20','take-away',31,5,'Customer',730),(584,'09:28:15','inhouse',41,8,'Pickup',260),(585,'00:30:11','inhouse',28,7,'Cycle',883),(586,'23:23:05','take-away',22,6,'Customer',157),(587,'09:42:32','inhouse',4,9,'Drone',899),(588,'02:17:45','inhouse',10,3,'Cycle',573),(589,'12:21:44','take-away',5,8,'Cycle',649),(590,'00:25:01','inhouse',20,1,'Drone',609),(591,'07:53:51','inhouse',29,9,'Cycle',575),(592,'02:24:31','inhouse',25,4,'Customer',951),(593,'06:39:48','inhouse',16,5,'Pickup',383),(594,'03:49:04','take-away',23,11,'Drone',939),(595,'00:21:45','inhouse',45,6,'Customer',353),(596,'20:02:17','inhouse',1,3,'Drone',519),(597,'21:53:19','take-away',47,2,'Customer',740),(598,'04:12:57','take-away',27,2,'Customer',700),(599,'18:43:53','take-away',5,9,'Car',720),(600,'14:52:23','take-away',25,11,'Pickup',673),(601,'03:55:14','inhouse',33,6,'Car',917),(602,'20:48:59','take-away',23,4,'Car',687),(603,'03:06:12','inhouse',7,6,'Customer',324),(604,'22:34:53','take-away',31,1,'Customer',517),(605,'18:55:10','take-away',3,10,'Car',804),(606,'11:07:05','take-away',3,3,'Car',278),(607,'12:32:14','inhouse',27,4,'Drone',200),(608,'12:43:52','inhouse',40,8,'Pickup',488),(609,'22:58:36','take-away',25,9,'Cycle',595),(610,'01:33:09','take-away',3,3,'Drone',811),(611,'12:10:24','take-away',20,4,'Cycle',820),(612,'16:40:17','inhouse',29,6,'Customer',868),(613,'01:46:27','inhouse',48,9,'Drone',314),(614,'00:33:29','inhouse',35,6,'Customer',750),(615,'01:28:09','inhouse',37,11,'Pickup',982),(616,'15:01:59','take-away',50,6,'Pickup',654),(617,'22:09:50','inhouse',12,8,'Car',279),(618,'13:40:00','take-away',29,6,'Cycle',639),(619,'20:24:21','take-away',29,1,'Cycle',342),(620,'04:35:56','inhouse',23,4,'Drone',242),(621,'10:51:30','take-away',13,3,'Pickup',196),(622,'04:47:55','inhouse',22,11,'Pickup',544),(623,'11:07:01','inhouse',34,3,'Cycle',558),(624,'13:38:51','inhouse',5,3,'Cycle',57),(625,'02:59:15','inhouse',11,7,'Cycle',76),(626,'01:25:48','take-away',40,10,'Customer',523),(627,'18:06:21','inhouse',28,1,'Cycle',993),(628,'17:07:32','inhouse',41,4,'Pickup',60),(629,'08:09:54','inhouse',32,2,'Car',789),(630,'06:52:29','inhouse',3,4,'Cycle',659),(631,'12:02:15','take-away',40,6,'Cycle',974),(632,'03:47:03','take-away',4,1,'Drone',787),(633,'03:49:34','inhouse',40,2,'Drone',447),(634,'16:19:54','take-away',37,6,'Customer',690),(635,'14:07:58','take-away',37,6,'Car',463),(636,'01:27:48','inhouse',14,10,'Car',828),(637,'23:35:41','inhouse',45,9,'Drone',908),(638,'07:09:46','take-away',16,4,'Pickup',663),(639,'02:03:07','inhouse',38,10,'Drone',203),(640,'04:22:38','inhouse',12,6,'Drone',105),(641,'18:53:03','take-away',16,8,'Car',557),(642,'12:19:51','inhouse',4,11,'Cycle',550),(643,'01:58:47','take-away',39,11,'Customer',490),(644,'11:25:37','inhouse',11,1,'Cycle',542),(645,'04:30:35','inhouse',32,1,'Drone',611),(646,'10:28:52','take-away',22,5,'Car',609),(647,'07:26:35','inhouse',31,9,'Cycle',223),(648,'13:59:56','take-away',48,7,'Car',911),(649,'21:49:14','take-away',22,2,'Pickup',287),(650,'17:12:45','inhouse',12,2,'Customer',443),(651,'16:07:37','take-away',49,4,'Pickup',239),(652,'10:16:05','inhouse',28,6,'Cycle',623),(653,'17:39:04','inhouse',8,3,'Drone',601),(654,'06:26:04','inhouse',31,3,'Pickup',989),(655,'07:10:56','take-away',19,1,'Cycle',859),(656,'22:30:54','inhouse',9,6,'Customer',576),(657,'09:40:01','inhouse',20,3,'Pickup',55),(658,'03:45:37','take-away',34,1,'Drone',523),(659,'15:55:03','take-away',16,3,'Pickup',782),(660,'21:17:53','take-away',7,8,'Cycle',792),(661,'02:23:45','inhouse',17,3,'Pickup',345),(662,'20:45:15','take-away',45,5,'Car',800),(663,'12:32:40','take-away',27,10,'Drone',944),(664,'20:17:25','take-away',7,3,'Cycle',683),(665,'08:14:36','take-away',49,1,'Customer',298),(666,'13:12:58','inhouse',41,4,'Customer',877),(667,'21:14:31','take-away',6,9,'Pickup',72),(668,'02:36:50','take-away',45,8,'Cycle',554),(669,'16:54:18','inhouse',15,3,'Customer',575),(670,'23:02:57','inhouse',38,1,'Cycle',312),(671,'15:18:43','inhouse',28,2,'Cycle',449),(672,'11:40:04','inhouse',38,1,'Cycle',985),(673,'03:34:21','take-away',15,9,'Cycle',417),(674,'12:40:44','inhouse',5,4,'Cycle',284),(675,'19:00:30','inhouse',13,9,'Customer',893),(676,'15:40:36','inhouse',20,11,'Cycle',678),(677,'14:22:14','take-away',31,7,'Car',893),(678,'17:04:45','inhouse',11,3,'Drone',486),(679,'19:24:45','inhouse',42,7,'Customer',581),(680,'14:36:31','take-away',16,2,'Cycle',590),(681,'12:44:59','take-away',42,10,'Pickup',811),(682,'15:26:05','take-away',15,4,'Drone',506),(683,'04:29:55','take-away',8,1,'Cycle',516),(684,'10:30:45','inhouse',37,11,'Customer',269),(685,'18:20:04','inhouse',17,10,'Customer',639),(686,'06:53:08','take-away',11,11,'Pickup',712),(687,'14:45:42','take-away',48,10,'Car',303),(688,'17:16:16','inhouse',41,2,'Drone',259),(689,'12:29:38','take-away',42,1,'Customer',89),(690,'06:04:44','inhouse',23,4,'Car',616),(691,'03:52:19','take-away',47,7,'Pickup',526),(692,'20:06:58','take-away',6,1,'Pickup',218),(693,'07:36:25','inhouse',18,4,'Car',278),(694,'11:35:04','inhouse',40,9,'Drone',300),(695,'21:54:13','take-away',37,3,'Pickup',406),(696,'19:33:28','take-away',38,6,'Drone',541),(697,'06:30:11','take-away',13,6,'Cycle',263),(698,'11:37:29','inhouse',2,4,'Drone',685),(699,'08:31:42','inhouse',38,2,'Pickup',178),(700,'15:06:53','take-away',7,1,'Car',327),(701,'23:22:23','inhouse',14,4,'Drone',573),(702,'15:34:30','take-away',49,10,'Car',710),(703,'15:33:23','take-away',15,7,'Pickup',715),(704,'03:03:33','inhouse',12,3,'Cycle',479),(705,'02:05:48','take-away',14,8,'Car',373),(706,'03:22:42','take-away',48,1,'Cycle',462),(707,'17:53:19','take-away',40,7,'Car',751),(708,'01:03:59','take-away',20,4,'Car',310),(709,'08:25:47','take-away',35,11,'Pickup',444),(710,'16:53:27','inhouse',12,2,'Customer',347),(711,'19:43:57','inhouse',39,8,'Car',677),(712,'01:56:02','take-away',40,4,'Pickup',105),(713,'05:59:31','inhouse',18,7,'Pickup',934),(714,'07:21:45','inhouse',6,9,'Cycle',159),(715,'08:07:06','take-away',14,11,'Pickup',96),(716,'02:20:52','inhouse',32,5,'Customer',855),(717,'12:59:27','inhouse',38,11,'Cycle',628),(718,'23:48:16','inhouse',20,5,'Car',725),(719,'16:32:52','take-away',19,4,'Customer',212),(720,'12:58:02','take-away',21,11,'Drone',486),(721,'08:12:40','inhouse',7,5,'Customer',993),(722,'09:19:33','take-away',11,7,'Customer',754),(723,'18:43:23','inhouse',5,3,'Drone',638),(724,'06:50:04','take-away',27,11,'Pickup',394),(725,'00:37:18','take-away',20,7,'Cycle',689),(726,'15:20:57','inhouse',9,10,'Cycle',681),(727,'12:06:24','inhouse',10,6,'Car',161),(728,'07:09:55','take-away',28,1,'Cycle',959),(729,'01:20:40','take-away',10,1,'Car',889),(730,'23:17:15','take-away',6,3,'Car',871),(731,'09:42:33','inhouse',32,7,'Customer',886),(732,'17:48:00','inhouse',11,1,'Car',653),(733,'00:02:52','inhouse',38,6,'Car',163),(734,'23:26:35','take-away',46,6,'Cycle',319),(735,'07:49:44','take-away',25,6,'Car',614),(736,'07:46:38','inhouse',37,1,'Pickup',577),(737,'23:37:28','take-away',41,2,'Customer',737),(738,'20:54:48','take-away',11,4,'Cycle',443),(739,'07:40:30','inhouse',2,7,'Car',457),(740,'04:04:16','inhouse',32,9,'Cycle',56),(741,'11:00:57','inhouse',6,2,'Drone',618),(742,'18:26:35','inhouse',5,2,'Customer',406),(743,'13:58:55','take-away',29,3,'Car',632),(744,'03:17:53','take-away',20,11,'Pickup',861),(745,'11:43:01','take-away',25,9,'Car',916),(746,'16:49:26','inhouse',19,6,'Cycle',170),(747,'16:08:17','inhouse',11,3,'Customer',867),(748,'13:25:11','take-away',35,9,'Cycle',952),(749,'00:51:54','take-away',3,11,'Car',373),(750,'01:24:39','take-away',17,6,'Pickup',740),(751,'20:36:51','inhouse',8,8,'Cycle',402),(752,'03:56:58','take-away',48,7,'Pickup',497),(753,'16:08:28','take-away',1,1,'Drone',324),(754,'02:10:56','inhouse',4,10,'Drone',151),(755,'12:06:30','inhouse',5,9,'Cycle',798),(756,'16:02:20','take-away',34,7,'Customer',472),(757,'02:11:49','take-away',23,11,'Pickup',690),(758,'06:04:09','inhouse',10,5,'Car',305),(759,'15:19:40','take-away',21,10,'Drone',406),(760,'23:58:32','inhouse',10,1,'Cycle',897),(761,'15:54:05','inhouse',4,10,'Cycle',494),(762,'02:16:57','take-away',33,2,'Cycle',454),(763,'02:33:39','inhouse',25,10,'Cycle',74),(764,'00:02:22','take-away',43,6,'Customer',519),(765,'15:21:51','inhouse',12,8,'Car',926),(766,'16:12:23','inhouse',18,9,'Cycle',843),(767,'03:59:49','inhouse',7,7,'Car',904),(768,'04:14:53','inhouse',29,7,'Drone',314),(769,'02:14:18','take-away',36,9,'Pickup',742),(770,'03:42:28','take-away',32,9,'Drone',186),(771,'00:04:59','inhouse',39,11,'Pickup',669),(772,'15:38:05','take-away',24,8,'Pickup',740),(773,'19:28:44','take-away',30,10,'Pickup',683),(774,'19:07:05','inhouse',44,9,'Pickup',285),(775,'01:28:28','inhouse',24,4,'Pickup',283),(776,'01:03:47','inhouse',30,9,'Customer',368),(777,'21:50:29','take-away',43,3,'Customer',86),(778,'09:40:50','take-away',26,4,'Customer',799),(779,'04:03:46','inhouse',8,1,'Cycle',609),(780,'05:43:27','take-away',27,7,'Drone',980),(781,'10:55:47','inhouse',40,3,'Drone',311),(782,'03:14:50','take-away',9,5,'Customer',881),(783,'01:30:55','take-away',22,8,'Customer',315),(784,'01:01:12','take-away',6,10,'Pickup',118),(785,'09:59:22','take-away',49,6,'Pickup',412),(786,'21:57:10','take-away',38,6,'Car',310),(787,'09:20:53','inhouse',17,4,'Pickup',145),(788,'14:49:01','inhouse',8,7,'Drone',980),(789,'09:33:00','take-away',23,11,'Customer',828),(790,'21:26:21','take-away',24,10,'Customer',505),(791,'08:16:43','inhouse',44,3,'Cycle',954),(792,'17:02:26','take-away',20,11,'Pickup',167),(793,'20:54:16','inhouse',42,9,'Car',889),(794,'14:07:23','inhouse',30,8,'Customer',640),(795,'03:54:56','inhouse',5,7,'Drone',628),(796,'03:54:12','inhouse',34,10,'Pickup',521),(797,'21:46:07','take-away',30,2,'Pickup',667),(798,'18:55:20','inhouse',13,8,'Drone',243),(799,'16:04:15','take-away',3,7,'Car',88),(800,'06:37:09','take-away',18,6,'Drone',692),(801,'07:49:22','take-away',14,10,'Drone',396),(802,'23:35:40','inhouse',33,7,'Pickup',473),(803,'05:41:08','take-away',29,11,'Pickup',52),(804,'17:37:09','inhouse',7,3,'Pickup',175),(805,'06:45:26','inhouse',48,5,'Pickup',150),(806,'12:28:24','inhouse',47,2,'Cycle',924),(807,'19:30:11','inhouse',21,4,'Car',660),(808,'03:21:51','take-away',36,10,'Pickup',672),(809,'10:02:35','inhouse',50,9,'Pickup',960),(810,'17:45:07','inhouse',2,10,'Cycle',763),(811,'00:20:06','take-away',21,2,'Drone',691),(812,'20:16:56','inhouse',8,10,'Customer',449),(813,'11:37:56','take-away',41,3,'Cycle',862),(814,'17:50:53','take-away',24,3,'Car',360),(815,'09:07:49','take-away',29,11,'Cycle',450),(816,'01:55:55','take-away',40,9,'Drone',89),(817,'13:10:31','take-away',42,2,'Cycle',846),(818,'19:23:01','inhouse',49,10,'Customer',752),(819,'07:05:47','take-away',39,8,'Cycle',261),(820,'20:46:44','inhouse',22,9,'Cycle',106),(821,'05:42:57','take-away',19,3,'Cycle',560),(822,'13:36:08','inhouse',42,3,'Pickup',517),(823,'14:05:17','take-away',26,8,'Cycle',352),(824,'15:34:48','inhouse',28,9,'Car',944),(825,'01:33:24','inhouse',20,11,'Car',701),(826,'20:22:20','inhouse',26,11,'Drone',559),(827,'01:50:09','inhouse',40,1,'Drone',603),(828,'12:06:25','take-away',11,3,'Customer',172),(829,'02:05:38','take-away',31,8,'Customer',410),(830,'13:50:01','take-away',21,6,'Cycle',52),(831,'03:58:28','inhouse',1,8,'Customer',574),(832,'05:14:43','inhouse',36,1,'Car',510),(833,'17:24:20','take-away',29,4,'Cycle',942),(834,'22:59:35','take-away',26,1,'Pickup',502),(835,'14:31:33','inhouse',4,6,'Car',729),(836,'07:39:26','inhouse',33,9,'Customer',698),(837,'19:30:34','inhouse',27,10,'Customer',159),(838,'00:44:28','take-away',23,1,'Pickup',156),(839,'17:11:45','inhouse',36,6,'Car',693),(840,'09:33:32','take-away',3,10,'Pickup',413),(841,'12:24:28','take-away',31,4,'Customer',337),(842,'00:15:41','inhouse',23,8,'Pickup',504),(843,'10:11:03','take-away',31,3,'Cycle',553),(844,'17:55:41','take-away',8,9,'Drone',553),(845,'23:47:02','take-away',29,8,'Drone',448),(846,'19:45:02','take-away',10,9,'Customer',862),(847,'07:04:44','take-away',30,6,'Drone',785),(848,'21:48:36','inhouse',50,5,'Pickup',770),(849,'05:39:12','take-away',35,4,'Cycle',188),(850,'02:33:11','inhouse',20,7,'Customer',593),(851,'04:37:03','inhouse',10,8,'Customer',511),(852,'22:57:41','inhouse',15,10,'Drone',526),(853,'15:47:25','take-away',41,10,'Cycle',333),(854,'00:32:42','inhouse',36,5,'Cycle',101),(855,'01:06:20','take-away',13,7,'Cycle',834),(856,'02:34:26','inhouse',25,1,'Car',101),(857,'22:32:27','take-away',21,10,'Car',974),(858,'07:18:02','inhouse',48,10,'Car',375),(859,'10:48:12','take-away',19,3,'Pickup',387),(860,'01:22:15','inhouse',27,11,'Cycle',774),(861,'15:24:07','take-away',42,10,'Customer',111),(862,'16:23:01','inhouse',45,6,'Pickup',809),(863,'18:19:39','inhouse',24,3,'Pickup',418),(864,'06:31:08','take-away',14,7,'Customer',223),(865,'04:03:23','inhouse',39,6,'Drone',644),(866,'16:37:17','inhouse',47,9,'Cycle',957),(867,'06:28:15','inhouse',29,6,'Drone',569),(868,'01:56:57','inhouse',18,4,'Cycle',770),(869,'09:47:38','take-away',25,3,'Customer',127),(870,'13:06:36','take-away',36,8,'Customer',518),(871,'22:46:06','inhouse',7,2,'Cycle',50),(872,'13:04:31','take-away',5,6,'Drone',987),(873,'17:36:11','inhouse',9,5,'Cycle',159),(874,'06:35:29','inhouse',45,9,'Customer',100),(875,'22:14:49','inhouse',36,4,'Customer',761),(876,'09:04:32','inhouse',44,10,'Customer',145),(877,'12:43:21','inhouse',20,7,'Car',592),(878,'14:21:46','take-away',3,10,'Pickup',624),(879,'18:30:00','inhouse',34,4,'Pickup',822),(880,'20:02:01','take-away',24,8,'Customer',129),(881,'07:56:02','inhouse',12,10,'Cycle',137),(882,'09:45:33','inhouse',22,6,'Pickup',140),(883,'11:07:57','take-away',6,5,'Customer',514),(884,'00:33:46','inhouse',39,6,'Cycle',583),(885,'14:28:16','inhouse',13,6,'Customer',311),(886,'06:20:31','take-away',23,1,'Car',444),(887,'20:41:53','take-away',45,7,'Cycle',124),(888,'09:19:19','take-away',19,8,'Cycle',842),(889,'12:47:52','take-away',38,9,'Drone',695),(890,'10:55:05','inhouse',31,7,'Drone',99),(891,'16:46:03','inhouse',39,10,'Car',768),(892,'14:11:11','take-away',45,7,'Car',419),(893,'18:11:27','take-away',40,4,'Cycle',402),(894,'08:09:32','inhouse',24,2,'Car',387),(895,'23:34:50','inhouse',20,5,'Car',175),(896,'05:10:49','inhouse',33,4,'Pickup',713),(897,'19:41:04','inhouse',2,10,'Cycle',545),(898,'20:39:43','take-away',28,7,'Cycle',407),(899,'22:57:35','take-away',36,3,'Customer',116),(900,'04:31:59','inhouse',42,4,'Pickup',663),(901,'03:13:30','inhouse',24,5,'Car',460),(902,'11:27:15','take-away',9,4,'Cycle',262),(903,'22:05:39','take-away',11,3,'Pickup',197),(904,'04:27:36','take-away',40,7,'Pickup',858),(905,'01:27:50','take-away',27,8,'Customer',675),(906,'08:46:55','take-away',50,11,'Car',655),(907,'15:15:32','inhouse',35,6,'Cycle',92),(908,'08:20:26','take-away',41,7,'Customer',898),(909,'11:09:20','take-away',25,10,'Pickup',471),(910,'10:31:10','inhouse',33,3,'Customer',676),(911,'17:52:01','inhouse',47,6,'Drone',323),(912,'07:55:01','inhouse',10,4,'Pickup',185),(913,'15:22:42','inhouse',29,2,'Drone',140),(914,'18:41:41','inhouse',10,11,'Customer',640),(915,'23:56:29','inhouse',19,3,'Pickup',706),(916,'18:09:25','inhouse',26,6,'Pickup',70),(917,'01:05:57','inhouse',16,5,'Pickup',255),(918,'02:08:27','inhouse',10,8,'Car',246),(919,'14:44:24','inhouse',22,4,'Customer',510),(920,'07:04:27','take-away',24,5,'Drone',648),(921,'18:32:50','inhouse',18,9,'Cycle',845),(922,'16:39:34','inhouse',8,9,'Pickup',784),(923,'18:31:37','take-away',32,4,'Customer',496),(924,'05:55:31','inhouse',44,7,'Drone',273),(925,'05:02:45','inhouse',1,8,'Customer',816),(926,'14:37:59','inhouse',16,7,'Drone',204),(927,'19:15:46','take-away',17,4,'Car',954),(928,'17:24:05','take-away',48,11,'Drone',471),(929,'04:56:42','take-away',48,2,'Pickup',219),(930,'14:35:02','take-away',16,11,'Pickup',203),(931,'23:26:19','take-away',23,1,'Car',810),(932,'13:51:51','take-away',45,7,'Drone',388),(933,'14:53:01','inhouse',18,8,'Customer',887),(934,'12:21:23','inhouse',12,6,'Car',707),(935,'09:25:36','take-away',17,6,'Drone',124),(936,'13:43:00','take-away',30,1,'Cycle',462),(937,'14:24:01','inhouse',12,2,'Car',248),(938,'22:35:54','inhouse',17,1,'Drone',515),(939,'06:17:55','inhouse',49,2,'Car',355),(940,'00:49:53','take-away',25,1,'Cycle',141),(941,'04:08:49','take-away',28,1,'Drone',910),(942,'05:55:03','take-away',36,6,'Cycle',213),(943,'14:00:45','take-away',14,9,'Customer',629),(944,'11:47:08','take-away',20,7,'Pickup',438),(945,'09:27:55','inhouse',41,1,'Car',385),(946,'00:13:37','take-away',41,2,'Customer',895),(947,'14:48:19','take-away',50,11,'Customer',883),(948,'22:25:14','take-away',50,5,'Drone',198),(949,'13:36:14','inhouse',40,10,'Drone',182),(950,'00:30:32','inhouse',20,7,'Drone',628),(951,'15:12:13','take-away',13,6,'Car',302),(952,'21:42:33','take-away',18,7,'Car',82),(953,'06:23:23','inhouse',49,4,'Drone',763),(954,'09:18:51','take-away',19,2,'Customer',302),(955,'23:25:47','inhouse',9,8,'Customer',566),(956,'19:19:09','take-away',33,3,'Pickup',451),(957,'02:06:26','inhouse',38,11,'Cycle',226),(958,'03:19:07','inhouse',30,2,'Car',798),(959,'03:24:53','inhouse',36,10,'Drone',110),(960,'08:24:26','take-away',28,6,'Pickup',782),(961,'03:23:48','take-away',45,6,'Drone',339),(962,'14:18:41','inhouse',25,6,'Pickup',657),(963,'00:09:56','inhouse',25,5,'Car',152),(964,'16:23:55','take-away',50,6,'Customer',656),(965,'20:03:14','take-away',21,1,'Customer',903),(966,'18:28:56','inhouse',1,11,'Car',275),(967,'18:49:15','inhouse',30,7,'Customer',744),(968,'07:55:44','inhouse',2,3,'Drone',546),(969,'11:01:21','inhouse',39,5,'Car',522),(970,'15:33:49','inhouse',40,6,'Drone',509),(971,'03:44:36','inhouse',45,10,'Car',57),(972,'19:41:41','inhouse',37,10,'Customer',497),(973,'22:27:50','take-away',2,4,'Customer',257),(974,'02:33:52','take-away',35,4,'Cycle',110),(975,'15:26:22','inhouse',3,11,'Drone',636),(976,'07:25:03','inhouse',17,1,'Drone',226),(977,'15:01:33','inhouse',26,8,'Cycle',248),(978,'04:05:19','take-away',49,8,'Pickup',625),(979,'06:30:25','inhouse',23,9,'Drone',866),(980,'11:48:17','inhouse',49,7,'Drone',100),(981,'11:35:54','inhouse',27,7,'Pickup',244),(982,'10:26:12','take-away',19,7,'Drone',620),(983,'12:47:18','take-away',14,9,'Drone',690),(984,'21:20:33','inhouse',44,8,'Customer',755),(985,'07:57:04','take-away',1,5,'Pickup',322),(986,'10:25:47','inhouse',43,11,'Drone',413),(987,'19:51:56','inhouse',21,9,'Pickup',851),(988,'05:03:31','inhouse',2,6,'Pickup',233),(989,'11:29:41','take-away',14,11,'Cycle',407),(990,'06:08:18','inhouse',34,11,'Customer',645),(991,'18:50:47','take-away',47,3,'Drone',924),(992,'19:37:00','inhouse',13,7,'Cycle',478),(993,'09:20:32','inhouse',38,5,'Cycle',274),(994,'09:45:54','take-away',42,2,'Cycle',775),(995,'11:32:57','inhouse',34,5,'Customer',612),(996,'09:16:33','inhouse',20,5,'Pickup',660),(997,'12:06:50','inhouse',46,8,'Pickup',333),(998,'23:22:09','take-away',31,8,'Car',102),(999,'09:50:15','inhouse',11,1,'Cycle',98),(1000,'01:45:23','take-away',26,6,'Drone',995),(1001,'20:42:16','inhouse',34,7,'Pickup',391),(1002,'00:04:24','inhouse',31,8,'Drone',385),(1003,'22:05:47','take-away',41,6,'Car',454),(1004,'18:36:19','inhouse',42,10,'Pickup',307),(1005,'00:51:55','take-away',48,7,'Cycle',130),(1006,'04:03:40','take-away',49,7,'Pickup',830),(1007,'13:01:52','take-away',25,7,'Cycle',494),(1008,'19:07:20','take-away',33,10,'Drone',985),(1009,'21:49:30','inhouse',35,6,'Pickup',982),(1010,'07:38:24','take-away',32,7,'Cycle',941),(1011,'04:38:11','inhouse',22,10,'Drone',147),(1012,'20:57:19','take-away',27,6,'Customer',231),(1013,'11:36:25','take-away',6,1,'Customer',439),(1014,'18:37:13','take-away',37,5,'Customer',209),(1015,'04:21:25','take-away',33,10,'Car',392),(1016,'16:45:52','inhouse',30,10,'Cycle',994),(1017,'01:38:00','inhouse',37,6,'Pickup',624),(1018,'22:07:57','take-away',39,2,'Cycle',835),(1019,'11:20:20','inhouse',10,11,'Pickup',994),(1020,'12:35:26','take-away',29,4,'Car',327),(1021,'04:34:58','take-away',4,2,'Drone',533),(1022,'07:16:01','inhouse',34,4,'Cycle',412),(1023,'16:01:33','inhouse',17,3,'Car',612),(1024,'16:30:42','inhouse',13,3,'Pickup',98),(1025,'04:44:51','inhouse',14,11,'Drone',83),(1026,'13:50:37','inhouse',22,6,'Cycle',943),(1027,'23:41:44','take-away',20,10,'Drone',309),(1028,'20:57:53','inhouse',48,5,'Car',151),(1029,'08:41:39','take-away',7,2,'Drone',700),(1030,'23:26:02','take-away',38,9,'Car',837),(1031,'23:35:26','inhouse',5,11,'Drone',818),(1032,'02:22:10','take-away',46,2,'Customer',991),(1033,'08:21:21','inhouse',21,3,'Drone',118),(1034,'22:36:51','inhouse',19,5,'Car',935),(1035,'01:07:29','take-away',19,5,'Drone',491),(1036,'09:36:10','take-away',37,1,'Car',761),(1037,'16:54:21','inhouse',26,1,'Car',133),(1038,'12:35:30','take-away',29,6,'Pickup',888),(1039,'08:33:32','take-away',38,2,'Cycle',50),(1040,'12:23:35','inhouse',43,6,'Cycle',242),(1041,'02:35:02','take-away',34,4,'Pickup',651),(1042,'14:09:47','inhouse',30,11,'Pickup',374),(1043,'02:37:43','take-away',36,4,'Car',167),(1044,'03:57:42','inhouse',12,6,'Pickup',444),(1045,'18:21:28','take-away',47,10,'Car',87),(1046,'21:57:22','inhouse',19,4,'Pickup',994),(1047,'08:58:06','inhouse',2,6,'Car',274),(1048,'21:46:53','take-away',3,9,'Car',843),(1049,'14:45:18','take-away',42,2,'Customer',928),(1050,'20:10:48','take-away',13,1,'Drone',412),(1051,'19:23:52','take-away',49,5,'Customer',144),(1052,'23:16:16','take-away',48,9,'Customer',666),(1053,'00:24:13','inhouse',21,1,'Car',155),(1054,'21:22:13','take-away',15,7,'Customer',525),(1055,'14:25:27','take-away',42,7,'Customer',947),(1056,'20:11:17','inhouse',12,9,'Car',576),(1057,'18:16:43','take-away',2,9,'Drone',507),(1058,'12:09:48','take-away',10,9,'Drone',691),(1059,'11:16:07','inhouse',48,1,'Drone',271),(1060,'07:47:06','inhouse',46,3,'Car',629),(1061,'02:33:21','inhouse',27,9,'Car',599),(1062,'21:54:54','inhouse',26,10,'Car',592),(1063,'01:11:15','take-away',31,6,'Cycle',494),(1064,'03:55:46','take-away',39,2,'Customer',859),(1065,'23:38:06','take-away',32,11,'Cycle',571),(1066,'15:59:19','inhouse',48,6,'Pickup',150),(1067,'09:31:27','take-away',30,7,'Cycle',916),(1068,'03:51:25','take-away',30,5,'Car',528),(1069,'20:48:44','take-away',48,11,'Car',256),(1070,'01:13:17','take-away',25,8,'Cycle',322),(1071,'20:46:02','inhouse',39,11,'Cycle',247),(1072,'04:55:28','take-away',30,6,'Customer',448),(1073,'01:31:36','inhouse',22,5,'Cycle',530),(1074,'17:51:06','inhouse',30,9,'Drone',452),(1075,'00:08:58','take-away',24,2,'Cycle',414),(1076,'16:28:11','take-away',45,1,'Cycle',338),(1077,'00:10:40','take-away',14,4,'Cycle',801),(1078,'04:35:13','inhouse',11,2,'Cycle',902),(1079,'10:14:06','take-away',26,3,'Drone',894),(1080,'14:27:49','inhouse',6,8,'Pickup',328),(1081,'02:39:20','inhouse',42,8,'Pickup',167),(1082,'18:01:28','inhouse',17,8,'Pickup',465),(1083,'16:38:26','take-away',5,3,'Car',315),(1084,'12:47:24','inhouse',38,5,'Car',87),(1085,'01:40:19','inhouse',18,5,'Drone',751),(1086,'22:07:23','take-away',9,7,'Drone',478),(1087,'09:53:42','inhouse',36,8,'Pickup',747),(1088,'14:05:26','take-away',38,7,'Customer',505),(1089,'09:20:04','take-away',30,8,'Pickup',267),(1090,'06:43:37','inhouse',5,2,'Drone',656),(1091,'01:29:17','inhouse',49,7,'Drone',69),(1092,'16:17:59','inhouse',3,10,'Customer',853),(1093,'04:30:16','inhouse',18,7,'Cycle',620),(1094,'11:34:02','inhouse',39,1,'Car',265),(1095,'08:48:09','take-away',23,5,'Customer',176),(1096,'06:54:32','inhouse',38,4,'Customer',284),(1097,'00:57:52','take-away',22,6,'Drone',190),(1098,'20:26:43','inhouse',19,4,'Car',939),(1099,'17:23:24','inhouse',50,8,'Cycle',570),(1100,'18:35:13','inhouse',34,10,'Car',395),(1101,'22:08:01','inhouse',3,5,'Drone',360),(1102,'03:02:35','inhouse',18,8,'Car',150),(1103,'11:32:49','take-away',26,9,'Customer',911),(1104,'00:50:11','take-away',32,2,'Drone',924),(1105,'22:32:35','inhouse',32,11,'Drone',908),(1106,'08:12:37','inhouse',43,6,'Car',104),(1107,'05:13:48','take-away',11,3,'Pickup',486),(1108,'01:38:38','take-away',32,4,'Customer',952),(1109,'18:48:25','take-away',25,9,'Car',791),(1110,'09:04:23','inhouse',21,1,'Pickup',183),(1111,'10:48:13','inhouse',17,2,'Car',837),(1112,'06:51:52','inhouse',5,8,'Drone',580),(1113,'03:49:22','inhouse',1,5,'Customer',281),(1114,'17:05:42','inhouse',41,11,'Pickup',372),(1115,'01:18:31','take-away',1,3,'Cycle',770),(1116,'10:20:20','take-away',21,10,'Cycle',527),(1117,'09:17:09','take-away',34,3,'Drone',549),(1118,'11:17:58','take-away',11,11,'Car',679),(1119,'13:04:23','inhouse',47,2,'Customer',286),(1120,'21:20:03','inhouse',38,7,'Customer',486),(1121,'15:49:09','inhouse',12,9,'Drone',796),(1122,'04:33:28','inhouse',17,2,'Customer',538),(1123,'13:35:46','inhouse',36,3,'Car',118),(1124,'18:49:31','inhouse',14,6,'Car',931),(1125,'09:20:58','take-away',40,7,'Car',416),(1126,'07:16:16','inhouse',25,3,'Cycle',902),(1127,'08:58:10','take-away',14,9,'Pickup',999),(1128,'09:05:09','inhouse',9,7,'Drone',261),(1129,'06:24:23','inhouse',35,1,'Pickup',204),(1130,'09:11:26','take-away',47,10,'Car',746),(1131,'06:27:08','take-away',31,9,'Car',609),(1132,'20:03:37','take-away',11,10,'Drone',397),(1133,'13:00:05','inhouse',2,9,'Car',141),(1134,'03:42:39','take-away',5,7,'Customer',844),(1135,'10:31:20','take-away',40,7,'Car',338),(1136,'02:39:52','inhouse',40,6,'Cycle',194),(1137,'09:42:51','take-away',3,7,'Cycle',557),(1138,'04:25:31','take-away',18,2,'Customer',664),(1139,'05:35:04','take-away',8,5,'Pickup',457),(1140,'03:48:57','inhouse',29,11,'Pickup',381),(1141,'12:02:46','inhouse',49,8,'Pickup',790),(1142,'19:08:34','take-away',18,10,'Cycle',798),(1143,'05:11:12','take-away',28,5,'Customer',599),(1144,'04:15:37','take-away',18,7,'Pickup',364),(1145,'16:21:26','take-away',29,2,'Car',273),(1146,'16:07:36','take-away',4,5,'Customer',385),(1147,'18:52:35','inhouse',20,8,'Pickup',194),(1148,'09:39:56','take-away',30,6,'Drone',332),(1149,'20:52:41','inhouse',50,2,'Cycle',349),(1150,'04:25:40','take-away',46,4,'Car',651),(1151,'04:47:30','inhouse',15,1,'Cycle',69),(1152,'02:22:26','inhouse',12,3,'Drone',641),(1153,'20:55:42','inhouse',17,2,'Cycle',671),(1154,'06:47:48','take-away',50,9,'Drone',123),(1155,'20:58:45','take-away',23,1,'Pickup',78),(1156,'01:12:51','inhouse',11,3,'Customer',764),(1157,'04:56:03','take-away',10,5,'Customer',523),(1158,'02:45:43','inhouse',12,7,'Customer',409),(1159,'17:51:00','inhouse',50,10,'Pickup',858),(1160,'19:35:30','inhouse',49,1,'Drone',440),(1161,'09:22:58','take-away',39,1,'Cycle',152),(1162,'09:09:13','take-away',37,2,'Customer',199),(1163,'11:27:34','inhouse',37,1,'Cycle',300),(1164,'02:56:08','take-away',37,3,'Cycle',857),(1165,'04:19:52','inhouse',12,7,'Cycle',558),(1166,'17:16:57','inhouse',44,9,'Drone',627),(1167,'17:31:39','inhouse',19,9,'Cycle',300),(1168,'05:15:50','inhouse',49,10,'Drone',342),(1169,'12:15:27','inhouse',26,9,'Drone',637),(1170,'13:21:33','take-away',44,9,'Drone',758),(1171,'01:18:38','take-away',39,9,'Pickup',505),(1172,'08:38:56','take-away',30,6,'Drone',137),(1173,'03:15:25','inhouse',50,5,'Cycle',206),(1174,'05:11:34','take-away',20,3,'Car',799),(1175,'05:52:57','inhouse',9,5,'Pickup',540),(1176,'16:28:10','inhouse',19,11,'Drone',870),(1177,'16:05:12','inhouse',8,4,'Cycle',620),(1178,'12:30:16','inhouse',32,3,'Cycle',313),(1179,'23:08:50','inhouse',11,6,'Drone',313),(1180,'17:02:52','inhouse',28,6,'Customer',330),(1181,'22:38:36','take-away',43,5,'Cycle',923),(1182,'00:07:00','inhouse',48,6,'Pickup',261),(1183,'01:54:12','inhouse',48,11,'Cycle',706),(1184,'05:52:02','inhouse',5,7,'Pickup',148),(1185,'02:02:04','take-away',1,6,'Car',839),(1186,'20:33:34','inhouse',5,5,'Cycle',609),(1187,'03:33:05','inhouse',29,8,'Drone',182),(1188,'06:26:50','take-away',45,8,'Drone',322),(1189,'02:10:34','inhouse',18,3,'Cycle',737),(1190,'14:26:02','inhouse',25,8,'Customer',979),(1191,'10:15:39','take-away',29,2,'Pickup',928),(1192,'23:54:24','take-away',4,3,'Pickup',833),(1193,'04:03:09','take-away',10,2,'Drone',582),(1194,'22:14:43','take-away',9,2,'Customer',126),(1195,'17:42:43','take-away',24,6,'Customer',869),(1196,'22:59:37','take-away',25,9,'Cycle',319),(1197,'22:48:11','inhouse',20,2,'Car',704),(1198,'17:40:05','take-away',40,6,'Customer',902),(1199,'09:15:31','inhouse',7,3,'Pickup',131),(1200,'01:38:22','take-away',5,9,'Customer',424),(1201,'04:35:11','take-away',48,11,'Drone',999),(1202,'03:41:08','take-away',40,2,'Pickup',75),(1203,'10:25:18','inhouse',12,1,'Cycle',265),(1204,'11:14:29','take-away',1,3,'Pickup',809),(1205,'04:01:02','take-away',7,4,'Drone',425),(1206,'04:11:33','inhouse',18,4,'Cycle',539),(1207,'22:14:28','take-away',14,2,'Car',114),(1208,'04:18:27','take-away',23,2,'Customer',945),(1209,'01:19:18','inhouse',22,8,'Pickup',921),(1210,'16:51:16','inhouse',31,1,'Cycle',903),(1211,'16:57:22','take-away',49,3,'Drone',433),(1212,'14:34:55','inhouse',28,3,'Drone',548),(1213,'04:07:06','take-away',50,5,'Drone',886),(1214,'00:24:53','inhouse',8,8,'Car',718),(1215,'07:47:58','take-away',42,4,'Pickup',630),(1216,'12:42:32','take-away',6,3,'Cycle',204),(1217,'05:51:04','inhouse',5,11,'Pickup',484),(1218,'13:58:59','take-away',29,7,'Cycle',969),(1219,'08:15:14','take-away',47,2,'Drone',486),(1220,'06:05:26','inhouse',15,10,'Pickup',570),(1221,'19:51:51','take-away',35,9,'Drone',865),(1222,'19:11:47','take-away',39,2,'Pickup',327),(1223,'09:14:51','take-away',32,9,'Pickup',836),(1224,'09:06:03','take-away',42,7,'Cycle',552),(1225,'03:17:28','inhouse',30,8,'Car',146),(1226,'13:53:15','inhouse',19,3,'Cycle',336),(1227,'08:21:36','take-away',39,6,'Drone',806),(1228,'13:21:30','inhouse',25,5,'Customer',545),(1229,'04:24:18','take-away',26,3,'Pickup',127),(1230,'00:32:11','inhouse',34,6,'Drone',187),(1231,'22:05:30','inhouse',2,8,'Cycle',625),(1232,'14:18:26','take-away',33,6,'Pickup',261),(1233,'12:01:31','inhouse',33,5,'Car',773),(1234,'00:27:59','inhouse',38,1,'Cycle',990),(1235,'22:09:21','inhouse',20,7,'Drone',141),(1236,'08:39:06','inhouse',35,5,'Drone',97),(1237,'11:02:43','take-away',9,8,'Cycle',753),(1238,'05:11:15','take-away',32,4,'Car',310),(1239,'14:35:00','inhouse',8,11,'Pickup',105),(1240,'17:05:06','inhouse',41,3,'Car',76),(1241,'16:45:25','take-away',28,7,'Drone',916),(1242,'04:22:59','take-away',29,10,'Car',453),(1243,'21:11:30','inhouse',9,3,'Car',921),(1244,'04:46:29','inhouse',27,5,'Cycle',383),(1245,'21:04:13','take-away',25,8,'Cycle',378),(1246,'17:39:55','inhouse',32,4,'Customer',809),(1247,'20:34:06','inhouse',37,11,'Customer',803),(1248,'19:35:32','take-away',41,11,'Drone',947),(1249,'17:07:06','take-away',50,8,'Customer',627),(1250,'01:31:38','inhouse',32,11,'Cycle',274),(1251,'21:30:43','inhouse',2,1,'Cycle',244),(1252,'18:59:29','inhouse',10,11,'Pickup',708),(1253,'11:10:31','inhouse',17,8,'Pickup',225),(1254,'12:52:14','inhouse',40,3,'Customer',576),(1255,'10:59:34','take-away',21,1,'Customer',782),(1256,'23:34:49','inhouse',8,3,'Drone',363),(1257,'05:27:01','take-away',22,11,'Drone',95),(1258,'00:58:34','inhouse',44,4,'Cycle',622),(1259,'13:07:13','inhouse',31,8,'Drone',754),(1260,'09:10:08','inhouse',40,9,'Cycle',283),(1261,'23:28:10','inhouse',21,11,'Customer',323),(1262,'12:59:48','take-away',28,10,'Cycle',212),(1263,'03:05:18','inhouse',11,6,'Drone',995),(1264,'10:38:30','take-away',24,4,'Customer',848),(1265,'13:53:32','inhouse',33,9,'Drone',692),(1266,'23:45:45','take-away',4,10,'Pickup',247),(1267,'10:14:03','inhouse',10,11,'Cycle',125),(1268,'22:33:16','inhouse',9,9,'Customer',801),(1269,'20:19:01','take-away',27,9,'Customer',684),(1270,'22:14:10','inhouse',5,1,'Customer',689),(1271,'02:06:35','inhouse',4,11,'Drone',844),(1272,'23:16:45','inhouse',1,8,'Drone',839),(1273,'10:16:21','inhouse',8,4,'Drone',727),(1274,'14:43:49','take-away',11,5,'Car',863),(1275,'05:29:01','inhouse',16,3,'Pickup',464),(1276,'09:22:50','take-away',13,11,'Car',386),(1277,'09:58:22','take-away',6,2,'Customer',742),(1278,'18:26:25','take-away',50,1,'Pickup',313),(1279,'22:34:25','take-away',4,4,'Cycle',494),(1280,'01:50:47','take-away',25,1,'Car',598),(1281,'03:47:17','take-away',38,7,'Pickup',333),(1282,'22:14:14','inhouse',21,8,'Customer',678),(1283,'21:44:25','take-away',9,5,'Pickup',491),(1284,'03:51:49','inhouse',30,6,'Car',319),(1285,'09:06:30','inhouse',33,3,'Customer',787),(1286,'13:53:56','take-away',21,11,'Pickup',954),(1287,'16:26:34','take-away',3,1,'Drone',623),(1288,'13:25:53','take-away',47,8,'Pickup',749),(1289,'05:57:47','take-away',45,5,'Car',277),(1290,'00:52:01','inhouse',36,7,'Customer',609),(1291,'08:51:26','inhouse',33,9,'Car',495),(1292,'20:58:33','inhouse',3,8,'Cycle',528),(1293,'06:35:31','inhouse',12,2,'Cycle',588),(1294,'21:53:22','take-away',37,1,'Cycle',767),(1295,'21:00:09','inhouse',22,9,'Car',349),(1296,'11:15:03','take-away',32,2,'Customer',943),(1297,'21:52:42','take-away',14,1,'Drone',948),(1298,'14:18:27','take-away',26,8,'Car',861),(1299,'20:45:18','inhouse',18,10,'Drone',304),(1300,'13:32:21','take-away',47,4,'Customer',899),(1301,'13:02:04','take-away',20,8,'Customer',765),(1302,'21:06:53','take-away',5,11,'Drone',187),(1303,'15:31:38','take-away',26,1,'Pickup',77),(1304,'04:36:29','take-away',35,2,'Customer',851),(1305,'01:57:32','take-away',25,11,'Cycle',481),(1306,'12:24:09','take-away',29,7,'Customer',757),(1307,'08:05:04','inhouse',34,8,'Cycle',548),(1308,'04:16:59','inhouse',25,7,'Pickup',868),(1309,'19:30:58','inhouse',2,4,'Pickup',402),(1310,'18:49:40','inhouse',49,5,'Cycle',123),(1311,'17:25:08','take-away',25,3,'Customer',628),(1312,'03:29:52','take-away',28,7,'Drone',283),(1313,'14:56:31','take-away',6,8,'Car',62),(1314,'12:14:01','take-away',25,3,'Customer',96),(1315,'19:18:09','inhouse',24,4,'Customer',495),(1316,'08:03:07','inhouse',5,8,'Cycle',945),(1317,'10:55:46','take-away',44,8,'Customer',430),(1318,'06:39:42','take-away',45,5,'Customer',453),(1319,'10:19:18','inhouse',3,5,'Pickup',776),(1320,'06:10:00','take-away',31,3,'Pickup',312),(1321,'10:42:38','inhouse',18,2,'Car',810),(1322,'18:08:54','take-away',15,8,'Pickup',808),(1323,'23:52:25','take-away',36,6,'Drone',278),(1324,'03:16:02','inhouse',41,7,'Car',639),(1325,'13:17:11','take-away',46,7,'Drone',544),(1326,'03:31:01','take-away',3,4,'Drone',856),(1327,'15:45:35','inhouse',6,3,'Cycle',610),(1328,'12:48:24','inhouse',3,5,'Drone',638),(1329,'09:31:30','inhouse',25,1,'Pickup',886),(1330,'13:49:35','take-away',28,2,'Cycle',595),(1331,'22:45:02','inhouse',48,8,'Customer',435),(1332,'06:36:30','inhouse',27,9,'Car',891),(1333,'09:04:12','inhouse',20,3,'Drone',180),(1334,'14:20:26','inhouse',35,3,'Customer',819),(1335,'18:13:24','take-away',36,11,'Customer',115),(1336,'23:04:02','take-away',18,5,'Pickup',561),(1337,'17:29:29','take-away',29,8,'Car',704),(1338,'22:36:24','inhouse',21,6,'Cycle',990),(1339,'08:45:34','take-away',38,6,'Customer',77),(1340,'13:37:26','inhouse',16,9,'Drone',198),(1341,'11:07:56','inhouse',45,4,'Car',588),(1342,'18:12:10','take-away',3,2,'Car',822),(1343,'19:22:21','inhouse',9,11,'Drone',818),(1344,'16:15:18','inhouse',44,3,'Cycle',598),(1345,'03:51:15','take-away',18,4,'Car',370),(1346,'01:47:28','take-away',32,10,'Customer',895),(1347,'01:00:12','take-away',21,2,'Car',418),(1348,'18:07:59','take-away',40,3,'Drone',878),(1349,'22:35:14','inhouse',5,8,'Customer',932),(1350,'20:49:31','inhouse',48,3,'Car',996),(1351,'10:45:07','inhouse',36,9,'Drone',661),(1352,'16:18:05','take-away',43,4,'Cycle',583),(1353,'10:46:20','inhouse',32,4,'Drone',897),(1354,'02:03:28','take-away',19,7,'Cycle',212),(1355,'04:28:03','inhouse',30,11,'Cycle',315),(1356,'21:20:57','take-away',21,6,'Drone',952),(1357,'14:46:23','inhouse',41,8,'Customer',533),(1358,'18:36:08','take-away',14,4,'Pickup',282),(1359,'22:16:21','take-away',16,8,'Cycle',215),(1360,'01:05:03','inhouse',19,2,'Drone',216),(1361,'17:14:17','inhouse',32,5,'Pickup',803),(1362,'07:28:52','inhouse',40,1,'Car',945),(1363,'09:52:44','take-away',46,1,'Pickup',391),(1364,'17:59:42','take-away',27,1,'Drone',404),(1365,'03:38:28','inhouse',35,11,'Pickup',828),(1366,'02:47:09','take-away',33,4,'Pickup',412),(1367,'17:32:23','inhouse',14,6,'Pickup',487),(1368,'05:37:56','take-away',40,7,'Customer',950),(1369,'22:25:58','inhouse',1,9,'Pickup',670),(1370,'13:37:59','inhouse',5,4,'Car',382),(1371,'16:34:31','take-away',3,6,'Customer',764),(1372,'23:29:38','take-away',16,11,'Pickup',617),(1373,'08:01:21','take-away',19,1,'Customer',877),(1374,'17:12:34','take-away',17,11,'Drone',836),(1375,'19:04:03','take-away',14,3,'Car',586),(1376,'10:48:17','take-away',35,9,'Car',247),(1377,'13:22:09','inhouse',38,9,'Cycle',139),(1378,'12:22:32','take-away',33,4,'Pickup',477),(1379,'03:11:19','inhouse',8,7,'Cycle',793),(1380,'08:47:16','inhouse',5,9,'Cycle',820),(1381,'20:15:47','take-away',28,5,'Customer',493),(1382,'18:16:56','inhouse',48,2,'Car',688),(1383,'00:29:37','inhouse',47,5,'Customer',252),(1384,'15:43:37','take-away',24,4,'Drone',733),(1385,'11:14:57','inhouse',6,4,'Customer',951),(1386,'12:14:48','take-away',48,10,'Pickup',232),(1387,'06:44:51','inhouse',5,10,'Pickup',785),(1388,'07:44:27','take-away',5,11,'Car',616),(1389,'11:50:28','inhouse',48,6,'Pickup',278),(1390,'22:23:13','inhouse',34,7,'Car',684),(1391,'00:02:50','take-away',37,2,'Car',786),(1392,'19:21:28','take-away',45,10,'Customer',540),(1393,'17:29:49','take-away',15,3,'Pickup',523),(1394,'11:38:38','inhouse',27,5,'Cycle',552),(1395,'16:47:55','inhouse',31,5,'Car',315),(1396,'06:01:22','take-away',44,7,'Car',793),(1397,'12:58:05','inhouse',15,6,'Cycle',292),(1398,'20:13:21','take-away',20,7,'Cycle',741),(1399,'22:45:27','take-away',13,8,'Customer',312),(1400,'20:30:24','take-away',4,7,'Cycle',809),(1401,'05:47:44','take-away',11,4,'Drone',152),(1402,'16:55:21','inhouse',16,1,'Car',580),(1403,'12:12:31','take-away',41,3,'Drone',382),(1404,'15:54:59','inhouse',24,3,'Customer',390),(1405,'05:41:28','take-away',30,7,'Drone',599),(1406,'00:49:32','take-away',34,11,'Customer',423),(1407,'18:45:30','take-away',39,7,'Customer',318),(1408,'15:55:05','inhouse',44,5,'Customer',761),(1409,'10:47:45','take-away',40,3,'Car',433),(1410,'17:54:44','inhouse',1,10,'Car',543),(1411,'14:56:52','take-away',34,4,'Car',690),(1412,'11:05:24','inhouse',27,7,'Drone',110),(1413,'19:54:10','take-away',34,1,'Drone',620),(1414,'02:53:22','inhouse',45,7,'Customer',53),(1415,'22:33:56','take-away',37,9,'Customer',351),(1416,'07:12:33','take-away',13,7,'Car',370),(1417,'04:03:00','inhouse',30,5,'Pickup',639),(1418,'23:01:28','take-away',4,7,'Drone',694),(1419,'16:35:03','take-away',45,7,'Car',431),(1420,'18:20:09','take-away',33,7,'Customer',683),(1421,'12:23:23','inhouse',11,2,'Pickup',175),(1422,'19:53:34','inhouse',4,11,'Customer',488),(1423,'20:18:13','take-away',15,2,'Pickup',696),(1424,'21:18:38','inhouse',1,4,'Cycle',862),(1425,'17:55:32','inhouse',41,7,'Pickup',705),(1426,'11:52:06','inhouse',41,5,'Pickup',282),(1427,'14:52:05','take-away',13,2,'Customer',363),(1428,'06:05:24','take-away',28,1,'Car',263),(1429,'20:47:41','inhouse',33,10,'Car',550),(1430,'16:05:00','inhouse',22,1,'Drone',684),(1431,'17:19:42','inhouse',33,10,'Cycle',914),(1432,'04:32:31','take-away',11,2,'Pickup',966),(1433,'13:26:44','inhouse',19,11,'Cycle',181),(1434,'14:05:57','inhouse',34,9,'Drone',294),(1435,'15:21:26','inhouse',27,2,'Drone',619),(1436,'01:31:38','inhouse',1,2,'Pickup',763),(1437,'10:41:52','inhouse',29,6,'Cycle',667),(1438,'04:07:04','inhouse',37,11,'Car',897),(1439,'19:49:17','take-away',4,8,'Customer',87),(1440,'20:17:54','take-away',36,2,'Customer',711),(1441,'11:56:23','take-away',36,11,'Customer',923),(1442,'11:59:04','inhouse',31,6,'Car',634),(1443,'15:39:16','inhouse',23,9,'Car',315),(1444,'09:47:12','take-away',36,4,'Pickup',838),(1445,'03:58:18','take-away',30,8,'Pickup',455),(1446,'18:07:09','inhouse',17,10,'Drone',217),(1447,'06:43:24','take-away',46,1,'Pickup',569),(1448,'11:04:50','take-away',30,5,'Pickup',431),(1449,'05:54:17','take-away',36,9,'Pickup',374),(1450,'21:51:18','take-away',6,11,'Car',986),(1451,'10:55:57','inhouse',16,4,'Car',675),(1452,'23:43:28','inhouse',43,1,'Pickup',99),(1453,'20:30:24','inhouse',7,9,'Drone',381),(1454,'04:57:37','inhouse',48,3,'Drone',270),(1455,'22:49:20','inhouse',4,1,'Drone',77),(1456,'11:09:25','take-away',24,7,'Cycle',728),(1457,'08:59:48','take-away',17,1,'Car',664),(1458,'17:34:01','inhouse',40,7,'Car',263),(1459,'02:17:35','take-away',23,6,'Car',797),(1460,'15:08:18','inhouse',28,5,'Car',517),(1461,'00:10:09','take-away',17,9,'Pickup',961),(1462,'11:49:50','inhouse',27,5,'Car',266),(1463,'14:25:46','take-away',17,10,'Pickup',342),(1464,'01:55:17','take-away',12,1,'Cycle',901),(1465,'14:49:06','inhouse',28,8,'Customer',486),(1466,'05:20:21','inhouse',34,3,'Customer',561),(1467,'10:52:01','take-away',47,5,'Car',200),(1468,'21:25:44','take-away',12,1,'Drone',588),(1469,'05:09:52','inhouse',44,4,'Customer',394),(1470,'10:20:44','take-away',33,1,'Car',78),(1471,'13:46:36','take-away',15,7,'Drone',787),(1472,'13:31:22','take-away',45,1,'Cycle',173),(1473,'00:24:44','inhouse',2,4,'Drone',575),(1474,'05:58:32','take-away',39,7,'Drone',159),(1475,'01:49:16','inhouse',7,7,'Pickup',545),(1476,'16:49:41','take-away',38,9,'Car',418),(1477,'23:41:37','inhouse',37,9,'Drone',934),(1478,'17:53:16','inhouse',21,2,'Drone',481),(1479,'16:29:21','inhouse',47,6,'Customer',120),(1480,'17:04:08','inhouse',42,4,'Car',438),(1481,'06:50:37','take-away',8,1,'Customer',101),(1482,'13:09:03','take-away',23,3,'Pickup',625),(1483,'22:28:27','take-away',20,5,'Drone',72),(1484,'07:18:06','take-away',29,6,'Drone',831),(1485,'08:16:48','take-away',9,8,'Cycle',68),(1486,'02:52:11','inhouse',15,11,'Car',271),(1487,'08:13:30','inhouse',38,1,'Cycle',253),(1488,'20:46:45','take-away',47,4,'Customer',172),(1489,'00:59:21','inhouse',16,11,'Customer',257),(1490,'09:11:17','inhouse',31,4,'Pickup',406),(1491,'19:52:10','take-away',34,2,'Drone',159),(1492,'22:33:20','inhouse',9,4,'Pickup',995),(1493,'23:36:14','inhouse',26,6,'Drone',252),(1494,'04:21:56','inhouse',27,8,'Cycle',341),(1495,'02:10:47','take-away',13,9,'Cycle',629),(1496,'00:29:15','inhouse',48,3,'Drone',692),(1497,'03:27:11','inhouse',38,5,'Customer',558),(1498,'03:49:24','inhouse',41,2,'Customer',428),(1499,'07:11:05','take-away',14,8,'Pickup',654),(1500,'00:00:43','inhouse',45,8,'Customer',178),(1501,'10:34:24','take-away',45,1,'Car',383),(1502,'02:51:47','take-away',31,3,'Pickup',876),(1503,'21:20:41','inhouse',44,1,'Drone',71),(1504,'22:20:20','inhouse',24,11,'Cycle',210),(1505,'22:07:22','inhouse',46,1,'Cycle',62),(1506,'13:49:55','take-away',46,4,'Pickup',186),(1507,'00:16:24','inhouse',18,11,'Car',214),(1508,'06:42:32','inhouse',22,11,'Drone',489),(1509,'16:12:15','inhouse',22,7,'Drone',491),(1510,'21:06:14','inhouse',44,10,'Pickup',405),(1511,'09:51:07','inhouse',11,3,'Customer',610),(1512,'21:06:45','inhouse',25,8,'Drone',556),(1513,'09:17:11','take-away',2,1,'Drone',713),(1514,'02:05:19','inhouse',2,6,'Cycle',543),(1515,'01:13:11','inhouse',42,4,'Pickup',334),(1516,'19:34:28','inhouse',3,8,'Car',674),(1517,'10:53:29','take-away',6,4,'Car',936),(1518,'03:39:59','take-away',14,1,'Cycle',463),(1519,'11:11:48','inhouse',11,3,'Car',832),(1520,'01:28:16','inhouse',17,10,'Cycle',845),(1521,'03:50:51','inhouse',3,5,'Drone',646),(1522,'17:43:33','inhouse',19,10,'Drone',75),(1523,'11:07:51','take-away',12,4,'Cycle',694),(1524,'08:38:22','inhouse',30,6,'Drone',567),(1525,'13:48:09','take-away',38,4,'Car',538),(1526,'03:26:07','inhouse',35,2,'Car',204),(1527,'05:34:12','take-away',2,8,'Pickup',728),(1528,'08:03:07','inhouse',44,9,'Pickup',229),(1529,'17:39:19','inhouse',41,6,'Cycle',398),(1530,'16:37:52','take-away',10,11,'Car',548),(1531,'18:42:55','inhouse',27,2,'Customer',779),(1532,'16:08:28','take-away',5,8,'Car',326),(1533,'16:27:57','inhouse',19,1,'Car',122),(1534,'05:12:59','take-away',7,8,'Car',960),(1535,'09:01:07','take-away',27,4,'Car',491),(1536,'03:08:16','take-away',26,9,'Cycle',693),(1537,'07:01:40','take-away',28,9,'Drone',191),(1538,'14:33:23','take-away',15,4,'Cycle',102),(1539,'18:12:37','take-away',35,3,'Drone',728),(1540,'17:45:27','take-away',44,11,'Cycle',686),(1541,'17:18:08','take-away',9,9,'Cycle',818),(1542,'19:20:53','inhouse',42,4,'Cycle',54),(1543,'07:00:31','take-away',34,2,'Car',473),(1544,'04:47:02','inhouse',23,1,'Cycle',95),(1545,'16:33:09','inhouse',4,8,'Cycle',444),(1546,'00:58:03','take-away',50,10,'Customer',465),(1547,'00:08:49','inhouse',42,3,'Pickup',108),(1548,'11:54:20','inhouse',37,4,'Cycle',698),(1549,'18:54:14','inhouse',22,8,'Pickup',259),(1550,'05:42:28','take-away',45,3,'Drone',963),(1551,'10:43:20','inhouse',2,11,'Drone',189),(1552,'15:13:10','take-away',19,11,'Cycle',514),(1553,'15:27:22','inhouse',26,11,'Car',51),(1554,'06:02:43','take-away',43,7,'Cycle',67),(1555,'21:03:44','take-away',34,8,'Cycle',182),(1556,'00:07:02','inhouse',19,7,'Cycle',385),(1557,'19:18:03','take-away',33,7,'Customer',850),(1558,'04:26:47','take-away',26,5,'Customer',891),(1559,'05:05:42','take-away',37,7,'Drone',978),(1560,'16:18:39','take-away',8,3,'Car',539),(1561,'02:27:28','take-away',24,7,'Drone',923),(1562,'02:23:27','take-away',27,10,'Cycle',697),(1563,'18:04:41','take-away',45,6,'Car',51),(1564,'20:05:07','take-away',40,8,'Customer',866),(1565,'10:40:42','inhouse',26,2,'Cycle',476),(1566,'10:10:30','take-away',25,8,'Customer',374),(1567,'04:01:39','inhouse',1,4,'Drone',226),(1568,'10:13:31','inhouse',10,9,'Car',449),(1569,'17:49:52','inhouse',40,6,'Cycle',801),(1570,'01:53:22','take-away',22,6,'Drone',711),(1571,'03:29:26','inhouse',7,7,'Cycle',313),(1572,'09:24:08','take-away',35,10,'Customer',88),(1573,'03:30:36','take-away',37,2,'Customer',849),(1574,'01:41:27','inhouse',8,9,'Drone',639),(1575,'20:11:37','inhouse',16,4,'Pickup',732),(1576,'12:11:24','take-away',31,2,'Customer',390),(1577,'05:25:33','take-away',43,8,'Cycle',812),(1578,'19:17:17','inhouse',20,3,'Customer',788),(1579,'10:25:59','take-away',31,10,'Drone',612),(1580,'21:43:03','take-away',7,8,'Customer',437),(1581,'01:38:23','inhouse',23,9,'Pickup',816),(1582,'14:49:34','inhouse',21,5,'Car',837),(1583,'16:32:08','inhouse',50,1,'Pickup',479),(1584,'02:00:41','inhouse',6,10,'Cycle',312),(1585,'04:03:38','take-away',16,7,'Pickup',273),(1586,'03:02:02','take-away',47,10,'Cycle',257),(1587,'17:49:35','inhouse',6,1,'Customer',996),(1588,'18:57:28','take-away',5,8,'Pickup',917),(1589,'10:46:33','take-away',36,3,'Customer',908),(1590,'03:10:07','take-away',20,8,'Pickup',418),(1591,'17:54:37','inhouse',23,7,'Car',630),(1592,'03:33:36','inhouse',32,10,'Customer',60),(1593,'03:21:38','inhouse',36,5,'Drone',674),(1594,'01:46:23','take-away',15,5,'Pickup',196),(1595,'02:13:31','inhouse',36,7,'Pickup',955),(1596,'12:33:45','inhouse',5,4,'Cycle',601),(1597,'00:09:33','inhouse',46,9,'Customer',500),(1598,'01:45:31','inhouse',14,1,'Drone',195),(1599,'12:15:26','take-away',24,4,'Pickup',74),(1600,'09:07:55','inhouse',43,9,'Car',359),(1601,'07:41:30','inhouse',23,5,'Cycle',595),(1602,'10:43:22','inhouse',8,4,'Drone',592),(1603,'06:02:02','take-away',15,10,'Pickup',989),(1604,'06:52:59','inhouse',33,6,'Car',602),(1605,'08:03:39','take-away',43,10,'Drone',88),(1606,'21:54:39','inhouse',15,7,'Drone',498),(1607,'01:44:35','inhouse',38,9,'Car',907),(1608,'01:10:59','take-away',36,1,'Cycle',599),(1609,'11:10:28','inhouse',44,8,'Drone',494),(1610,'08:06:06','take-away',49,5,'Drone',603),(1611,'01:45:06','take-away',15,10,'Cycle',902),(1612,'02:24:27','inhouse',38,6,'Cycle',551),(1613,'18:17:11','inhouse',30,11,'Customer',123),(1614,'18:14:35','inhouse',43,11,'Customer',169),(1615,'01:42:46','take-away',12,9,'Drone',972),(1616,'21:51:45','inhouse',14,8,'Customer',280),(1617,'23:18:54','take-away',10,8,'Cycle',904),(1618,'13:49:06','take-away',39,5,'Pickup',698),(1619,'09:19:33','take-away',35,9,'Cycle',901),(1620,'06:42:35','inhouse',25,1,'Cycle',571),(1621,'14:52:33','inhouse',24,5,'Car',251),(1622,'05:09:30','take-away',32,5,'Customer',175),(1623,'14:22:19','inhouse',26,11,'Drone',521),(1624,'15:53:47','inhouse',1,1,'Drone',778),(1625,'17:45:29','inhouse',37,2,'Cycle',486),(1626,'23:04:22','inhouse',32,6,'Cycle',199),(1627,'13:48:46','inhouse',29,7,'Customer',54),(1628,'02:08:01','take-away',42,4,'Car',447),(1629,'13:15:51','take-away',11,5,'Drone',514),(1630,'15:40:34','take-away',49,11,'Car',112),(1631,'21:32:07','inhouse',43,3,'Cycle',955),(1632,'19:01:04','take-away',18,7,'Cycle',647),(1633,'04:56:24','take-away',45,8,'Drone',205),(1634,'04:38:55','inhouse',37,6,'Customer',200),(1635,'05:19:55','take-away',50,1,'Drone',972),(1636,'06:33:11','take-away',45,1,'Cycle',261),(1637,'06:40:43','inhouse',2,11,'Drone',70),(1638,'03:26:18','inhouse',18,9,'Drone',932),(1639,'12:21:37','take-away',5,7,'Customer',595),(1640,'12:29:37','take-away',9,11,'Customer',490),(1641,'05:16:50','take-away',9,6,'Car',868),(1642,'07:53:45','inhouse',35,11,'Drone',72),(1643,'09:11:58','inhouse',14,11,'Drone',547),(1644,'13:35:10','take-away',13,11,'Customer',386),(1645,'07:44:13','take-away',2,7,'Customer',686),(1646,'06:09:54','inhouse',28,5,'Cycle',419),(1647,'10:35:07','inhouse',13,6,'Pickup',855),(1648,'10:18:02','inhouse',36,5,'Car',276),(1649,'13:58:42','take-away',4,10,'Drone',765),(1650,'02:55:45','inhouse',28,4,'Drone',57),(1651,'08:39:39','take-away',44,4,'Pickup',736),(1652,'20:15:15','inhouse',36,5,'Drone',195),(1653,'23:52:56','inhouse',5,8,'Customer',210),(1654,'23:14:03','inhouse',38,11,'Drone',219),(1655,'02:26:17','inhouse',38,2,'Pickup',259),(1656,'02:18:21','inhouse',7,5,'Car',726),(1657,'04:56:38','take-away',32,4,'Pickup',495),(1658,'14:47:59','take-away',31,9,'Customer',312),(1659,'00:17:30','take-away',41,7,'Customer',803),(1660,'20:14:27','take-away',10,7,'Drone',387),(1661,'17:26:47','take-away',26,4,'Drone',342),(1662,'12:15:59','inhouse',6,4,'Cycle',658),(1663,'14:14:23','inhouse',32,9,'Pickup',254),(1664,'11:59:11','take-away',19,7,'Drone',966),(1665,'01:24:39','inhouse',2,9,'Customer',626),(1666,'12:26:23','take-away',25,11,'Car',604),(1667,'07:55:38','inhouse',16,5,'Drone',91),(1668,'01:34:35','inhouse',37,5,'Cycle',347),(1669,'16:53:54','inhouse',48,4,'Car',728),(1670,'07:50:28','take-away',37,8,'Car',225),(1671,'11:44:42','inhouse',47,11,'Customer',477),(1672,'05:03:55','take-away',1,8,'Pickup',430),(1673,'00:20:08','take-away',4,8,'Drone',551),(1674,'13:34:58','inhouse',37,8,'Customer',324),(1675,'14:12:19','inhouse',32,1,'Pickup',460),(1676,'08:00:36','take-away',42,3,'Drone',807),(1677,'04:41:32','inhouse',13,7,'Pickup',954),(1678,'23:45:58','take-away',15,2,'Customer',137),(1679,'09:55:29','take-away',37,7,'Car',180),(1680,'16:20:35','inhouse',50,3,'Drone',916),(1681,'08:07:06','take-away',27,3,'Pickup',656),(1682,'17:04:16','inhouse',46,9,'Car',806),(1683,'10:46:45','take-away',8,10,'Car',92),(1684,'07:23:54','inhouse',36,9,'Drone',622),(1685,'09:00:48','inhouse',17,4,'Cycle',253),(1686,'18:55:43','take-away',4,6,'Cycle',461),(1687,'11:45:41','inhouse',41,7,'Cycle',246),(1688,'01:31:16','take-away',49,3,'Pickup',192),(1689,'11:22:09','take-away',26,6,'Customer',671),(1690,'12:44:28','take-away',19,6,'Cycle',115),(1691,'14:11:16','inhouse',6,2,'Car',504),(1692,'17:27:10','inhouse',8,10,'Pickup',571),(1693,'04:00:33','take-away',39,5,'Car',318),(1694,'01:10:16','inhouse',25,10,'Pickup',615),(1695,'11:52:07','inhouse',43,11,'Drone',484),(1696,'07:52:36','take-away',10,5,'Cycle',481),(1697,'03:54:17','inhouse',1,9,'Drone',503),(1698,'08:26:46','inhouse',34,9,'Cycle',371),(1699,'10:55:43','inhouse',42,11,'Customer',440),(1700,'02:29:02','take-away',47,3,'Car',824),(1701,'05:43:55','take-away',1,4,'Drone',235),(1702,'04:21:41','take-away',44,3,'Drone',729),(1703,'04:17:32','take-away',21,8,'Pickup',948),(1704,'10:42:09','inhouse',13,10,'Cycle',202),(1705,'11:48:19','take-away',27,7,'Customer',787),(1706,'18:01:18','inhouse',45,10,'Pickup',890),(1707,'01:07:06','take-away',35,8,'Cycle',54),(1708,'06:06:44','take-away',44,4,'Cycle',739),(1709,'11:59:48','take-away',4,6,'Cycle',850),(1710,'13:09:04','take-away',24,9,'Pickup',583),(1711,'08:01:54','take-away',24,5,'Cycle',238),(1712,'00:01:34','take-away',14,10,'Pickup',994),(1713,'02:46:08','inhouse',19,1,'Drone',934),(1714,'20:44:16','inhouse',48,1,'Drone',67),(1715,'23:17:05','inhouse',7,5,'Pickup',733),(1716,'07:21:30','take-away',33,8,'Customer',718),(1717,'07:54:52','take-away',48,10,'Customer',491),(1718,'23:12:12','inhouse',47,4,'Drone',967),(1719,'17:31:02','take-away',23,10,'Car',789),(1720,'18:26:42','inhouse',15,4,'Drone',436),(1721,'22:58:13','take-away',18,8,'Customer',386),(1722,'05:01:55','inhouse',24,4,'Pickup',688),(1723,'09:53:46','inhouse',37,9,'Cycle',640),(1724,'06:19:59','inhouse',33,9,'Car',586),(1725,'13:29:43','take-away',9,11,'Drone',266),(1726,'12:58:05','inhouse',37,3,'Drone',384),(1727,'04:31:59','take-away',49,4,'Customer',52),(1728,'15:40:37','take-away',20,2,'Car',175),(1729,'01:45:35','take-away',35,5,'Customer',132),(1730,'12:25:17','take-away',21,10,'Pickup',220),(1731,'23:04:48','inhouse',18,7,'Customer',441),(1732,'09:56:30','take-away',18,9,'Cycle',236),(1733,'01:13:20','inhouse',30,10,'Drone',689),(1734,'01:00:06','take-away',49,3,'Car',961),(1735,'08:41:16','take-away',8,5,'Car',787),(1736,'15:46:49','take-away',19,8,'Car',220),(1737,'23:17:45','inhouse',8,9,'Pickup',621),(1738,'10:18:18','inhouse',31,10,'Cycle',317),(1739,'07:19:36','take-away',32,8,'Drone',476),(1740,'23:03:17','take-away',49,9,'Customer',183),(1741,'18:12:03','inhouse',29,9,'Cycle',839),(1742,'20:19:15','inhouse',49,8,'Car',89),(1743,'02:17:26','take-away',19,5,'Customer',165),(1744,'05:07:29','inhouse',35,3,'Car',994),(1745,'17:22:39','take-away',22,11,'Drone',712),(1746,'19:23:45','inhouse',5,3,'Customer',361),(1747,'11:01:31','inhouse',3,7,'Cycle',269),(1748,'01:54:47','take-away',6,6,'Cycle',412),(1749,'12:04:51','inhouse',28,2,'Customer',995),(1750,'23:21:21','inhouse',10,8,'Drone',795),(1751,'06:01:19','inhouse',37,6,'Drone',405),(1752,'12:33:08','inhouse',12,7,'Pickup',605),(1753,'20:43:07','take-away',48,11,'Cycle',92),(1754,'08:40:28','take-away',18,5,'Cycle',343),(1755,'03:07:47','take-away',27,10,'Cycle',506),(1756,'22:08:12','take-away',15,3,'Pickup',470),(1757,'05:02:32','inhouse',26,11,'Car',376),(1758,'17:28:54','inhouse',39,1,'Drone',646),(1759,'08:06:07','inhouse',12,6,'Customer',758),(1760,'11:35:36','take-away',14,7,'Cycle',582),(1761,'08:01:30','inhouse',47,2,'Cycle',900),(1762,'10:25:34','take-away',10,4,'Cycle',345),(1763,'13:03:10','take-away',45,9,'Drone',188),(1764,'16:33:40','take-away',6,5,'Car',791),(1765,'17:00:40','inhouse',47,9,'Pickup',870),(1766,'23:46:22','take-away',11,11,'Car',273),(1767,'16:00:55','inhouse',37,5,'Cycle',887),(1768,'19:55:22','take-away',47,6,'Pickup',736),(1769,'01:49:49','take-away',7,9,'Customer',449),(1770,'20:00:10','inhouse',8,1,'Pickup',836),(1771,'03:47:20','take-away',5,10,'Cycle',164),(1772,'13:47:48','take-away',27,8,'Pickup',169),(1773,'20:46:47','inhouse',17,6,'Drone',503),(1774,'20:23:47','inhouse',6,4,'Drone',936),(1775,'19:32:35','inhouse',38,7,'Drone',266),(1776,'15:02:03','inhouse',50,10,'Drone',433),(1777,'04:43:17','inhouse',26,1,'Cycle',862),(1778,'23:44:12','take-away',20,5,'Customer',953),(1779,'08:18:44','take-away',2,6,'Customer',840),(1780,'18:49:49','take-away',2,8,'Cycle',581),(1781,'17:37:06','take-away',34,4,'Customer',466),(1782,'05:03:51','inhouse',18,10,'Pickup',480),(1783,'23:38:28','take-away',50,6,'Cycle',756),(1784,'17:06:39','inhouse',42,9,'Car',713),(1785,'12:52:41','take-away',49,5,'Drone',294),(1786,'10:43:43','take-away',21,1,'Car',782),(1787,'10:52:01','take-away',50,6,'Cycle',188),(1788,'21:55:19','take-away',37,3,'Pickup',211),(1789,'19:13:24','take-away',46,11,'Pickup',116),(1790,'10:53:21','take-away',9,4,'Customer',684),(1791,'19:31:40','take-away',26,1,'Pickup',198),(1792,'07:45:09','inhouse',22,8,'Drone',763),(1793,'01:33:05','inhouse',19,3,'Car',629),(1794,'18:02:00','inhouse',45,11,'Customer',877),(1795,'14:36:47','take-away',41,11,'Customer',864),(1796,'02:43:38','inhouse',32,11,'Cycle',127),(1797,'05:49:48','inhouse',13,9,'Drone',575),(1798,'13:41:09','take-away',42,5,'Cycle',345),(1799,'10:21:29','take-away',21,9,'Drone',469),(1800,'01:32:16','take-away',1,1,'Pickup',707),(1801,'10:12:17','take-away',40,3,'Car',872),(1802,'23:06:17','inhouse',5,11,'Drone',562),(1803,'18:28:15','inhouse',32,1,'Pickup',499),(1804,'06:07:29','inhouse',19,4,'Pickup',817),(1805,'01:46:00','take-away',32,6,'Pickup',275),(1806,'00:58:01','take-away',29,8,'Drone',809),(1807,'02:54:43','inhouse',1,1,'Customer',239),(1808,'10:36:21','take-away',10,7,'Drone',290),(1809,'08:27:07','inhouse',23,3,'Customer',107),(1810,'22:19:08','inhouse',4,5,'Drone',667),(1811,'19:50:21','inhouse',9,5,'Car',846),(1812,'12:29:26','inhouse',16,4,'Drone',336),(1813,'22:57:48','take-away',38,3,'Customer',811),(1814,'08:58:14','inhouse',43,5,'Pickup',875),(1815,'01:29:57','take-away',6,11,'Customer',73),(1816,'06:57:44','inhouse',47,11,'Car',89),(1817,'15:30:33','take-away',29,8,'Car',129),(1818,'05:07:11','take-away',33,2,'Cycle',770),(1819,'06:34:12','take-away',28,9,'Customer',920),(1820,'03:20:03','inhouse',43,3,'Car',388),(1821,'11:15:27','inhouse',43,8,'Customer',182),(1822,'05:58:24','take-away',12,5,'Customer',117),(1823,'19:36:41','take-away',13,11,'Cycle',975),(1824,'05:29:02','take-away',31,10,'Car',502),(1825,'22:13:20','inhouse',34,5,'Drone',90),(1826,'16:12:30','inhouse',29,11,'Car',382),(1827,'13:50:06','inhouse',17,7,'Customer',964),(1828,'18:23:15','take-away',29,5,'Pickup',876),(1829,'05:31:36','take-away',40,8,'Pickup',471),(1830,'02:52:28','inhouse',27,7,'Drone',960),(1831,'18:03:01','take-away',46,1,'Drone',196),(1832,'06:29:53','take-away',41,10,'Customer',762),(1833,'17:15:48','inhouse',24,5,'Drone',293),(1834,'10:08:04','take-away',47,2,'Cycle',598),(1835,'04:29:26','inhouse',8,4,'Car',669),(1836,'04:48:29','inhouse',24,10,'Drone',605),(1837,'06:53:27','inhouse',15,6,'Cycle',391),(1838,'13:12:38','take-away',36,11,'Drone',821),(1839,'02:18:49','take-away',13,10,'Customer',876),(1840,'06:57:53','inhouse',6,10,'Pickup',588),(1841,'17:10:10','inhouse',49,3,'Cycle',324),(1842,'20:33:09','inhouse',1,10,'Pickup',428),(1843,'07:25:42','take-away',39,6,'Customer',310),(1844,'17:23:06','inhouse',28,7,'Customer',610),(1845,'21:55:23','inhouse',35,9,'Cycle',865),(1846,'09:57:57','inhouse',2,8,'Drone',254),(1847,'14:25:16','take-away',49,8,'Car',354),(1848,'23:46:51','inhouse',26,6,'Cycle',65),(1849,'21:38:41','inhouse',23,9,'Drone',444),(1850,'01:09:11','take-away',39,6,'Pickup',761),(1851,'12:05:56','inhouse',27,2,'Pickup',185),(1852,'13:06:02','inhouse',17,8,'Pickup',650),(1853,'00:20:22','inhouse',30,7,'Drone',914),(1854,'19:29:15','take-away',37,1,'Car',233),(1855,'06:07:45','inhouse',32,10,'Pickup',350),(1856,'04:52:03','take-away',14,1,'Car',855),(1857,'06:14:06','inhouse',3,1,'Car',521),(1858,'22:55:07','take-away',24,5,'Car',584),(1859,'11:59:32','inhouse',37,4,'Cycle',636),(1860,'17:52:32','take-away',16,1,'Pickup',326),(1861,'00:24:47','inhouse',15,1,'Car',525),(1862,'08:40:21','take-away',14,1,'Drone',833),(1863,'17:09:08','inhouse',34,9,'Drone',677),(1864,'05:46:06','inhouse',33,5,'Drone',720),(1865,'21:26:17','take-away',11,10,'Cycle',739),(1866,'17:10:20','inhouse',8,10,'Pickup',605),(1867,'06:13:21','inhouse',11,3,'Car',143),(1868,'06:42:44','take-away',22,2,'Cycle',391),(1869,'03:55:02','take-away',19,10,'Car',189),(1870,'06:45:42','inhouse',9,2,'Drone',187),(1871,'14:59:49','take-away',36,7,'Cycle',149),(1872,'01:53:07','inhouse',47,10,'Customer',177),(1873,'12:47:26','inhouse',42,7,'Pickup',183),(1874,'03:14:29','inhouse',39,4,'Drone',151),(1875,'06:42:31','take-away',31,11,'Cycle',866),(1876,'18:22:13','inhouse',40,2,'Customer',435),(1877,'21:21:33','inhouse',4,3,'Car',120),(1878,'10:02:33','inhouse',41,9,'Car',318),(1879,'10:20:58','take-away',17,5,'Drone',420),(1880,'00:28:03','take-away',40,2,'Customer',160),(1881,'17:03:21','take-away',6,8,'Car',106),(1882,'00:36:29','inhouse',9,1,'Cycle',516),(1883,'11:18:41','inhouse',9,7,'Pickup',680),(1884,'12:03:13','take-away',2,1,'Car',471),(1885,'10:53:22','take-away',46,1,'Car',496),(1886,'14:20:06','inhouse',22,7,'Car',56),(1887,'20:22:54','take-away',10,10,'Cycle',647),(1888,'00:36:43','inhouse',33,6,'Drone',113),(1889,'18:03:50','take-away',18,10,'Customer',358),(1890,'00:08:21','take-away',47,11,'Pickup',662),(1891,'20:52:42','inhouse',27,1,'Customer',114),(1892,'07:31:14','inhouse',48,9,'Car',952),(1893,'02:33:26','take-away',30,5,'Customer',924),(1894,'17:18:28','inhouse',39,3,'Cycle',343),(1895,'22:57:29','take-away',27,5,'Customer',529),(1896,'07:38:15','inhouse',6,1,'Car',724),(1897,'18:10:10','take-away',31,7,'Drone',127),(1898,'20:29:25','take-away',12,10,'Car',901),(1899,'15:17:09','take-away',11,8,'Pickup',983),(1900,'00:24:29','take-away',46,9,'Drone',728),(1901,'02:32:14','take-away',39,11,'Pickup',239),(1902,'13:57:18','take-away',27,5,'Drone',621),(1903,'19:48:32','inhouse',31,6,'Cycle',224),(1904,'11:43:13','inhouse',32,6,'Cycle',286),(1905,'12:08:28','take-away',3,8,'Drone',911),(1906,'20:33:21','inhouse',42,10,'Customer',99),(1907,'14:31:54','take-away',34,8,'Cycle',610),(1908,'11:01:51','take-away',18,11,'Car',828),(1909,'06:54:26','take-away',34,7,'Car',798),(1910,'07:02:07','take-away',12,7,'Drone',824),(1911,'23:04:48','take-away',36,1,'Car',812),(1912,'21:06:50','take-away',38,5,'Drone',808),(1913,'03:45:06','inhouse',25,7,'Cycle',98),(1914,'17:46:37','take-away',4,10,'Cycle',999),(1915,'19:36:00','inhouse',44,8,'Cycle',190),(1916,'23:17:34','inhouse',12,3,'Car',309),(1917,'05:41:30','inhouse',19,4,'Customer',75),(1918,'22:19:26','take-away',22,4,'Cycle',185),(1919,'18:27:22','inhouse',44,1,'Customer',107),(1920,'18:21:11','inhouse',29,2,'Pickup',647),(1921,'13:40:07','inhouse',13,2,'Customer',293),(1922,'01:47:14','inhouse',35,7,'Drone',639),(1923,'19:38:40','take-away',11,6,'Cycle',134),(1924,'05:11:47','inhouse',11,11,'Pickup',54),(1925,'21:27:25','take-away',33,1,'Drone',461),(1926,'04:05:34','inhouse',25,2,'Customer',597),(1927,'09:00:40','take-away',31,11,'Pickup',165),(1928,'00:17:14','take-away',29,9,'Customer',428),(1929,'13:51:47','inhouse',10,5,'Drone',493),(1930,'23:08:13','inhouse',27,9,'Drone',85),(1931,'05:57:00','inhouse',7,5,'Customer',839),(1932,'15:37:25','take-away',38,9,'Pickup',558),(1933,'17:37:14','take-away',43,1,'Cycle',602),(1934,'20:10:15','take-away',45,3,'Cycle',864),(1935,'14:48:56','inhouse',38,5,'Pickup',488),(1936,'08:49:30','inhouse',43,10,'Customer',557),(1937,'15:26:13','inhouse',4,7,'Customer',90),(1938,'14:43:17','take-away',15,4,'Customer',384),(1939,'01:12:14','inhouse',28,11,'Customer',474),(1940,'00:26:22','inhouse',28,6,'Pickup',483),(1941,'18:34:08','inhouse',13,5,'Cycle',357),(1942,'01:08:58','inhouse',20,4,'Customer',668),(1943,'17:29:18','take-away',8,4,'Car',401),(1944,'20:05:11','take-away',1,7,'Car',724),(1945,'17:20:16','inhouse',22,5,'Customer',523),(1946,'20:09:47','inhouse',5,9,'Pickup',762),(1947,'12:02:23','take-away',25,11,'Car',554),(1948,'14:36:01','inhouse',44,1,'Customer',736),(1949,'01:38:07','inhouse',15,4,'Cycle',783),(1950,'18:15:39','take-away',34,7,'Pickup',300),(1951,'08:38:03','inhouse',26,8,'Pickup',879),(1952,'02:01:39','take-away',44,10,'Pickup',84),(1953,'02:54:21','take-away',33,5,'Car',755),(1954,'04:00:58','inhouse',41,5,'Drone',915),(1955,'22:55:50','take-away',48,3,'Customer',611),(1956,'04:51:52','inhouse',18,8,'Pickup',89),(1957,'09:23:49','inhouse',27,9,'Car',93),(1958,'06:27:19','take-away',2,7,'Customer',826),(1959,'11:00:37','take-away',9,10,'Drone',290),(1960,'01:40:04','take-away',45,3,'Drone',292),(1961,'19:22:39','inhouse',7,11,'Cycle',113),(1962,'11:40:56','take-away',19,11,'Car',362),(1963,'01:09:46','take-away',19,9,'Cycle',663),(1964,'23:07:07','inhouse',44,8,'Drone',795),(1965,'18:47:38','inhouse',37,9,'Car',743),(1966,'13:04:33','take-away',26,2,'Cycle',847),(1967,'01:02:13','take-away',31,1,'Drone',478),(1968,'20:23:08','inhouse',41,1,'Car',569),(1969,'06:38:59','take-away',40,2,'Customer',375),(1970,'04:59:07','take-away',37,4,'Cycle',748),(1971,'23:00:19','take-away',49,8,'Car',802),(1972,'05:33:50','inhouse',11,6,'Customer',938),(1973,'15:10:54','take-away',42,5,'Customer',164),(1974,'20:16:38','inhouse',49,11,'Customer',434),(1975,'01:30:56','take-away',5,7,'Customer',754),(1976,'08:21:19','take-away',29,7,'Car',963),(1977,'13:04:08','inhouse',29,4,'Pickup',397),(1978,'12:04:50','inhouse',6,7,'Cycle',425),(1979,'20:27:54','take-away',34,3,'Customer',514),(1980,'04:44:42','inhouse',10,8,'Drone',675),(1981,'00:10:46','take-away',2,11,'Pickup',529),(1982,'06:56:29','inhouse',21,9,'Car',597),(1983,'05:23:53','take-away',49,9,'Drone',927),(1984,'20:01:42','take-away',9,7,'Car',286),(1985,'18:42:18','take-away',37,9,'Drone',460),(1986,'05:27:50','take-away',12,6,'Customer',303),(1987,'21:59:38','take-away',46,8,'Car',816),(1988,'08:07:00','inhouse',29,2,'Drone',734),(1989,'03:30:01','inhouse',44,9,'Car',690),(1990,'11:36:39','take-away',46,6,'Pickup',283),(1991,'21:35:14','inhouse',12,2,'Customer',256),(1992,'08:06:49','inhouse',5,9,'Cycle',749),(1993,'15:27:53','take-away',42,4,'Cycle',221),(1994,'02:26:00','take-away',17,4,'Customer',267),(1995,'03:47:50','inhouse',24,1,'Customer',185),(1996,'12:18:00','take-away',50,11,'Pickup',943),(1997,'18:00:28','take-away',11,10,'Drone',429),(1998,'05:27:20','inhouse',41,2,'Drone',243),(1999,'17:39:06','inhouse',2,3,'Cycle',191),(2000,'16:56:56','inhouse',5,4,'Pickup',357);
/*!40000 ALTER TABLE `orders` ENABLE KEYS */;
UNLOCK TABLES;
/*!40103 SET TIME_ZONE=@OLD_TIME_ZONE */;

/*!40101 SET SQL_MODE=@OLD_SQL_MODE */;
/*!40014 SET FOREIGN_KEY_CHECKS=@OLD_FOREIGN_KEY_CHECKS */;
/*!40014 SET UNIQUE_CHECKS=@OLD_UNIQUE_CHECKS */;
/*!40101 SET CHARACTER_SET_CLIENT=@OLD_CHARACTER_SET_CLIENT */;
/*!40101 SET CHARACTER_SET_RESULTS=@OLD_CHARACTER_SET_RESULTS */;
/*!40101 SET COLLATION_CONNECTION=@OLD_COLLATION_CONNECTION */;
/*!40111 SET SQL_NOTES=@OLD_SQL_NOTES */;

-- Dump completed on 2018-10-06 14:47:28
