-- MySQL dump 10.13  Distrib 5.7.21, for Win64 (x86_64)
--
-- Host: localhost    Database: dat210_statistics
-- ------------------------------------------------------
-- Server version	5.7.21-log

/*!40101 SET @OLD_CHARACTER_SET_CLIENT=@@CHARACTER_SET_CLIENT */;
/*!40101 SET @OLD_CHARACTER_SET_RESULTS=@@CHARACTER_SET_RESULTS */;
/*!40101 SET @OLD_COLLATION_CONNECTION=@@COLLATION_CONNECTION */;
/*!40101 SET NAMES utf8 */;
/*!40103 SET @OLD_TIME_ZONE=@@TIME_ZONE */;
/*!40103 SET TIME_ZONE='+00:00' */;
/*!40014 SET @OLD_UNIQUE_CHECKS=@@UNIQUE_CHECKS, UNIQUE_CHECKS=0 */;
/*!40014 SET @OLD_FOREIGN_KEY_CHECKS=@@FOREIGN_KEY_CHECKS, FOREIGN_KEY_CHECKS=0 */;
/*!40101 SET @OLD_SQL_MODE=@@SQL_MODE, SQL_MODE='NO_AUTO_VALUE_ON_ZERO' */;
/*!40111 SET @OLD_SQL_NOTES=@@SQL_NOTES, SQL_NOTES=0 */;

--
-- Table structure for table `address`
--

DROP TABLE IF EXISTS `address`;
/*!40101 SET @saved_cs_client     = @@character_set_client */;
/*!40101 SET character_set_client = utf8 */;
CREATE TABLE `address` (
  `address_id` int(11) NOT NULL,
  `city` varchar(128) COLLATE utf8mb4_unicode_ci DEFAULT NULL,
  `postcode` int(11) DEFAULT NULL,
  `street_name` varchar(128) COLLATE utf8mb4_unicode_ci DEFAULT NULL,
  `street_number` int(11) DEFAULT NULL,
  `apartment_number` int(11) DEFAULT NULL,
  PRIMARY KEY (`address_id`)
) ENGINE=InnoDB DEFAULT CHARSET=utf8mb4 COLLATE=utf8mb4_unicode_ci;
/*!40101 SET character_set_client = @saved_cs_client */;

--
-- Dumping data for table `address`
--

LOCK TABLES `address` WRITE;
/*!40000 ALTER TABLE `address` DISABLE KEYS */;
INSERT INTO `address` VALUES (0,'Steinborg',5102,'Jenssenjordet',990,57),(1,'Hegevær',2701,'Isaksenspranget',120,1),(2,'Vik',3856,'Sandviklia',93,75),(3,'Randigrunn',1549,'Halvorsenrøa',36,86),(4,'Haugland',5614,'Tveiteggen',710,11),(5,'Åsesjøen',3418,'Hauglandkollen',101,99),(6,'Brekke',8411,'Kristoffersenmarka',364,31),(7,'Iversen',9812,'Nguyenberget',18,4),(8,'Mariusnes',6450,'Ødegårdløkka',808,3),(9,'Vik',4010,'Christensenmarka',355,83),(10,'Nilsen',3299,'Christensenfaret',639,62),(11,'Malineid',1267,'Moevollen',631,60),(12,'Strøm',2938,'Solheimfaret',153,12),(13,'Gulbrandsen',8151,'Engenalléen',188,92),(14,'Næss',4415,'Andersenmyra',118,2),(15,'Solheim',5640,'Abrahamsenengen',516,63),(16,'Birkeland',6265,'Jacobsenstien',902,32),(17,'Karlnes',7114,'Sivertsengrenda',67,86),(18,'Malinsand',8730,'Pedersenengen',555,60),(19,'Andersvåg',4801,'Tangenlunden',71,77),(20,'Berg',4129,'Jacobsenplassen',692,12),(21,'Nygård',1210,'Brekkegrenda',528,75),(22,'Jennyvik',2489,'Auneringen',48,35),(23,'Larsnes',9726,'Johansenløkka',845,72),(24,'Nilsen',8852,'Haugkollen',65,83),(25,'Nielsen',7998,'Sandvikmyra',310,62),(26,'Larsfoss',4197,'Knudsenlia',871,46),(27,'Frankstrøm',4127,'Andresenholtet',273,32),(28,'Magnestad',2093,'Gulbrandseneggen',672,26),(29,'Håkonstrand',7136,'Vikgata',465,68),(30,'Magnesund',9641,'Bakkeskrenten',682,3),(31,'Kristensen',4920,'Ruudbråten',965,66),(32,'Marteodden',7636,'Ruudlunden',73,1),(33,'Marieeid',2064,'Bakkeberget',342,19),(34,'Brekke',5325,'Knutsengrenda',728,61),(35,'Sofiefjell',4500,'Jørgenseneggen',674,49),(36,'Arnesen',1181,'Mikkelsenstien',172,7),(37,'Siljeodden',2866,'Gundersenmarka',79,76),(38,'Johnvik',4997,'Nilsenbakken',509,21),(39,'Bjørnodden',207,'Edvardseneggen',78,72),(40,'Asbjørnfjell',6938,'Christensengrenda',221,19),(41,'Emmanes',5129,'Dahleggen',28,45),(42,'Nguyen',1637,'Hellandspranget',790,15),(43,'Jensen',6733,'Simonsenhagen',980,68),(44,'Rønning',8137,'Ruudbråten',145,86),(45,'Cecilieeid',6135,'Myhrerøa',313,59),(46,'Brekke',5744,'Bakkerøa',41,54),(47,'Svendsen',1032,'Christensengrenda',284,85),(48,'Jannevåg',3392,'Kristofferseneggen',826,6),(49,'Eliseås',7670,'Nguyenskogen',182,35),(50,'Isaksen',6998,'Engenåsen',159,39),(51,'Stianeid',2640,'Evensenvollen',978,20),(52,'Kjetilfjord',8284,'Edvardsenstien',798,60),(53,'Ingerdal',2012,'Thomassengrenda',43,73),(54,'Ali',5033,'Haugenskrenten',396,98),(55,'Birkeland',1495,'Johannessenåsen',358,64),(56,'Andersfjell',8972,'Jacobsenringen',350,75),(57,'Knutsen',9608,'Arnesenstykket',837,60),(58,'Sebastiannes',7585,'Mikkelsenhavna',488,6),(59,'Vildevær',659,'Mikkelsenhagen',802,61),(60,'Eirikstrøm',9856,'Tangenkollen',892,77),(61,'Vegardnes',5105,'Jacobsenfaret',903,22),(62,'Ingeborgfjord',9145,'Johnsenkollen',451,94),(63,'Ingerbø',2368,'Gundersenhavna',800,67),(64,'Malingrunn',4218,'Lienstranda',835,57),(65,'Jørgensen',9003,'Nielsengata',303,36),(66,'Solberg',6057,'Nguyenflata',127,24),(67,'Christensen',1209,'Gulbrandsenmarka',427,56),(68,'Simenås',7822,'Thomassenberget',788,16),(69,'Rønning',9640,'Christensenalléen',962,68),(70,'Jakobsen',9953,'Moehagen',106,63),(71,'Thomashavn',9423,'Bergtjernet',386,85),(72,'Gundersen',2137,'Vikskrenten',262,83),(73,'Karolinebø',2753,'Edvardsenroa',197,45),(74,'Jenssen',3460,'Andersenstien',111,90),(75,'Jakobsen',5005,'Andresensvingen',717,21),(76,'Ninafoss',9786,'Antonsenberget',595,35),(77,'Berg',4228,'Johansenstykket',996,20),(78,'Sigurdvik',2576,'Jørgensenalléen',869,93),(79,'Maritvåg',6714,'Lundeholtet',332,58),(80,'Kjerstistrand',3740,'Aasstranda',738,10),(81,'Annavåg',8288,'Abrahamsenekra',81,51),(82,'Ninaøy',6754,'Næssstykket',220,7),(83,'Camillavik',1974,'Jensenåsen',917,37),(84,'Eliassen',1573,'Nguyenflata',823,5),(85,'Siristrøm',2848,'Ahmedgropa',225,65),(86,'Knudsen',6325,'Sandvikløkka',850,12),(87,'Moe',8222,'Eriksenmoen',812,90),(88,'Ahmed',7431,'Hanssenmyra',325,40),(89,'Mathisen',5988,'Thorsenvollen',968,59),(90,'Håkonberg',1694,'Ahmedtoppen',68,75),(91,'Nilsen',8741,'Nielsenbråten',264,10),(92,'Annaodden',8256,'Christensenstubben',706,55),(93,'Haugland',584,'Lienfaret',973,26),(94,'Emildal',2392,'Abrahamsengata',104,51),(95,'Mathisen',1654,'Abrahamsenjordet',200,91),(96,'Eide',3357,'Antonsenhagen',908,59),(97,'Sivertsen',812,'Mikkelsengata',513,31),(98,'Hildesand',1871,'Arnesenfaret',839,47),(99,'Emilsund',4820,'Jenssenhagen',954,27);
/*!40000 ALTER TABLE `address` ENABLE KEYS */;
UNLOCK TABLES;

--
-- Table structure for table `allergene`
--

DROP TABLE IF EXISTS `allergene`;
/*!40101 SET @saved_cs_client     = @@character_set_client */;
/*!40101 SET character_set_client = utf8 */;
CREATE TABLE `allergene` (
  `allergene_id` int(11) NOT NULL,
  `allergene_name` varchar(128) COLLATE utf8mb4_unicode_ci DEFAULT NULL,
  PRIMARY KEY (`allergene_id`)
) ENGINE=InnoDB DEFAULT CHARSET=utf8mb4 COLLATE=utf8mb4_unicode_ci;
/*!40101 SET character_set_client = @saved_cs_client */;

--
-- Dumping data for table `allergene`
--

LOCK TABLES `allergene` WRITE;
/*!40000 ALTER TABLE `allergene` DISABLE KEYS */;
INSERT INTO `allergene` VALUES (0,'Gluten'),(1,'Egg'),(2,'Milk');
/*!40000 ALTER TABLE `allergene` ENABLE KEYS */;
UNLOCK TABLES;

--
-- Table structure for table `allergene_in_ingredient`
--

DROP TABLE IF EXISTS `allergene_in_ingredient`;
/*!40101 SET @saved_cs_client     = @@character_set_client */;
/*!40101 SET character_set_client = utf8 */;
CREATE TABLE `allergene_in_ingredient` (
  `ingredient_id` int(11) NOT NULL,
  `allergene_id` int(11) NOT NULL,
  PRIMARY KEY (`ingredient_id`,`allergene_id`),
  KEY `allergene_id` (`allergene_id`),
  CONSTRAINT `allergene_in_ingredient_ibfk_1` FOREIGN KEY (`ingredient_id`) REFERENCES `ingredient` (`ingredient_id`),
  CONSTRAINT `allergene_in_ingredient_ibfk_2` FOREIGN KEY (`allergene_id`) REFERENCES `allergene` (`allergene_id`)
) ENGINE=InnoDB DEFAULT CHARSET=utf8mb4 COLLATE=utf8mb4_unicode_ci;
/*!40101 SET character_set_client = @saved_cs_client */;

--
-- Dumping data for table `allergene_in_ingredient`
--

LOCK TABLES `allergene_in_ingredient` WRITE;
/*!40000 ALTER TABLE `allergene_in_ingredient` DISABLE KEYS */;
INSERT INTO `allergene_in_ingredient` VALUES (0,0),(21,0),(16,1),(19,1),(24,1),(19,2),(24,2);
/*!40000 ALTER TABLE `allergene_in_ingredient` ENABLE KEYS */;
UNLOCK TABLES;

--
-- Table structure for table `booking`
--

DROP TABLE IF EXISTS `booking`;
/*!40101 SET @saved_cs_client     = @@character_set_client */;
/*!40101 SET character_set_client = utf8 */;
CREATE TABLE `booking` (
  `booking_id` int(11) NOT NULL,
  `restaurant_id` int(11) DEFAULT NULL,
  `table_id` int(11) DEFAULT NULL,
  `booking_date` datetime DEFAULT NULL,
  `booking_length` int(11) DEFAULT NULL,
  `no_of_seats` int(11) DEFAULT NULL,
  `customer_id` int(11) DEFAULT NULL,
  PRIMARY KEY (`booking_id`),
  KEY `customer_id` (`customer_id`),
  KEY `restaurant_id` (`restaurant_id`),
  CONSTRAINT `booking_ibfk_1` FOREIGN KEY (`customer_id`) REFERENCES `customer` (`customer_id`),
  CONSTRAINT `booking_ibfk_2` FOREIGN KEY (`restaurant_id`) REFERENCES `restaurant` (`restaurant_id`)
) ENGINE=InnoDB DEFAULT CHARSET=utf8mb4 COLLATE=utf8mb4_unicode_ci;
/*!40101 SET character_set_client = @saved_cs_client */;

--
-- Dumping data for table `booking`
--

LOCK TABLES `booking` WRITE;
/*!40000 ALTER TABLE `booking` DISABLE KEYS */;
INSERT INTO `booking` VALUES (0,1,11,'2018-09-26 00:00:00',3,6,116),(1,0,0,'2018-08-04 00:00:00',5,14,61),(2,0,14,'2018-09-20 00:00:00',3,6,90),(3,2,18,'2018-04-21 00:00:00',4,17,124),(4,2,18,'2018-04-18 00:00:00',4,16,131),(5,1,11,'2018-04-14 00:00:00',5,4,182),(6,2,16,'2018-01-04 00:00:00',4,19,32),(7,0,15,'2017-11-24 00:00:00',4,4,139),(8,2,4,'2018-01-07 00:00:00',3,8,178),(9,0,10,'2017-12-26 00:00:00',4,10,182),(10,2,11,'2017-11-30 00:00:00',4,18,48),(11,2,15,'2018-09-05 00:00:00',6,15,81),(12,1,16,'2018-04-08 00:00:00',1,18,118),(13,0,2,'2017-11-21 00:00:00',2,6,155),(14,1,5,'2018-02-09 00:00:00',4,9,177),(15,0,8,'2018-05-28 00:00:00',1,6,169),(16,1,19,'2018-03-20 00:00:00',1,2,14),(17,2,8,'2018-10-18 00:00:00',4,11,87),(18,1,18,'2018-04-13 00:00:00',4,19,174),(19,0,12,'2018-05-07 00:00:00',4,1,74),(20,2,19,'2018-03-07 00:00:00',3,11,156),(21,0,4,'2018-06-12 00:00:00',2,15,155),(22,1,13,'2018-08-17 00:00:00',5,11,133),(23,1,13,'2018-07-04 00:00:00',4,9,175),(24,2,15,'2018-04-23 00:00:00',3,8,73),(25,0,5,'2018-10-05 00:00:00',4,6,8),(26,0,18,'2018-03-09 00:00:00',5,12,160),(27,2,6,'2017-11-22 00:00:00',4,15,6),(28,2,12,'2018-09-25 00:00:00',1,3,18),(29,0,12,'2018-03-23 00:00:00',6,16,97),(30,0,9,'2018-09-30 00:00:00',5,11,132),(31,2,14,'2018-07-10 00:00:00',6,3,77),(32,0,16,'2018-01-04 00:00:00',2,5,37),(33,1,13,'2018-01-17 00:00:00',2,17,35),(34,1,3,'2018-03-01 00:00:00',4,18,85),(35,2,4,'2017-12-04 00:00:00',3,14,190),(36,1,8,'2018-10-13 00:00:00',3,6,16),(37,1,7,'2017-11-01 00:00:00',4,8,193),(38,0,8,'2018-07-22 00:00:00',2,18,70),(39,0,12,'2018-04-19 00:00:00',2,7,143),(40,2,4,'2017-11-14 00:00:00',2,11,185),(41,2,19,'2018-07-27 00:00:00',4,1,132),(42,1,6,'2018-03-08 00:00:00',6,8,141),(43,0,0,'2017-12-06 00:00:00',3,15,60),(44,2,0,'2018-05-21 00:00:00',4,14,127),(45,1,10,'2018-10-28 00:00:00',6,19,132),(46,0,18,'2018-06-03 00:00:00',5,19,124),(47,1,15,'2018-03-26 00:00:00',5,1,5),(48,1,18,'2018-03-28 00:00:00',1,15,146),(49,0,12,'2018-08-19 00:00:00',4,7,10),(50,1,12,'2018-02-28 00:00:00',1,14,45),(51,0,19,'2018-03-11 00:00:00',1,12,43),(52,2,7,'2018-09-14 00:00:00',1,17,97),(53,0,4,'2018-03-25 00:00:00',3,17,7),(54,1,16,'2018-08-29 00:00:00',1,9,186),(55,2,0,'2018-10-31 00:00:00',1,14,123),(56,0,9,'2018-06-18 00:00:00',2,8,159),(57,1,18,'2017-12-04 00:00:00',1,10,62),(58,1,14,'2018-06-19 00:00:00',2,9,41),(59,1,9,'2018-04-29 00:00:00',5,1,74),(60,2,10,'2018-07-01 00:00:00',6,7,47),(61,2,1,'2017-11-03 00:00:00',6,10,161),(62,2,19,'2018-07-24 00:00:00',4,1,108),(63,0,13,'2018-04-13 00:00:00',6,11,158),(64,1,3,'2018-01-07 00:00:00',1,19,187),(65,1,18,'2018-08-31 00:00:00',3,17,181),(66,2,1,'2018-04-26 00:00:00',6,14,113),(67,2,5,'2018-02-28 00:00:00',4,4,142),(68,2,10,'2018-01-05 00:00:00',6,19,132),(69,2,6,'2018-08-21 00:00:00',6,17,25),(70,1,2,'2017-11-04 00:00:00',3,17,32),(71,2,2,'2018-08-05 00:00:00',6,11,185),(72,2,15,'2017-12-08 00:00:00',3,3,16),(73,2,14,'2018-06-19 00:00:00',5,1,90),(74,0,18,'2018-03-10 00:00:00',5,7,27),(75,2,14,'2018-07-30 00:00:00',6,18,45),(76,2,1,'2018-05-31 00:00:00',3,17,172),(77,2,12,'2018-04-08 00:00:00',3,19,158),(78,0,18,'2018-04-27 00:00:00',6,11,138),(79,1,6,'2018-10-11 00:00:00',1,17,197),(80,0,3,'2018-08-19 00:00:00',3,1,17),(81,0,0,'2018-08-03 00:00:00',3,18,156),(82,1,19,'2017-12-30 00:00:00',6,14,156),(83,0,12,'2018-09-01 00:00:00',4,3,55),(84,0,11,'2018-03-27 00:00:00',6,11,90),(85,1,11,'2018-05-18 00:00:00',6,4,7),(86,0,4,'2017-12-23 00:00:00',4,12,180),(87,2,4,'2018-07-31 00:00:00',1,2,68),(88,2,5,'2017-12-06 00:00:00',1,11,143),(89,2,15,'2018-07-10 00:00:00',5,3,128),(90,1,11,'2018-01-17 00:00:00',1,14,80),(91,0,17,'2018-08-16 00:00:00',2,19,58),(92,2,13,'2018-04-18 00:00:00',2,14,179),(93,1,4,'2017-11-23 00:00:00',4,17,170),(94,1,18,'2018-09-11 00:00:00',4,10,145),(95,1,8,'2018-06-30 00:00:00',2,12,33),(96,2,8,'2017-11-14 00:00:00',5,10,63),(97,1,5,'2018-08-19 00:00:00',2,19,189),(98,1,1,'2018-02-17 00:00:00',3,14,94),(99,0,11,'2018-06-25 00:00:00',6,1,129);
/*!40000 ALTER TABLE `booking` ENABLE KEYS */;
UNLOCK TABLES;

--
-- Table structure for table `course`
--

DROP TABLE IF EXISTS `course`;
/*!40101 SET @saved_cs_client     = @@character_set_client */;
/*!40101 SET character_set_client = utf8 */;
CREATE TABLE `course` (
  `course_id` int(11) NOT NULL,
  `course_name` varchar(128) COLLATE utf8mb4_unicode_ci DEFAULT NULL,
  `price` double DEFAULT NULL,
  `category` varchar(128) COLLATE utf8mb4_unicode_ci DEFAULT NULL,
  `information` text COLLATE utf8mb4_unicode_ci,
  PRIMARY KEY (`course_id`)
) ENGINE=InnoDB DEFAULT CHARSET=utf8mb4 COLLATE=utf8mb4_unicode_ci;
/*!40101 SET character_set_client = @saved_cs_client */;

--
-- Dumping data for table `course`
--

LOCK TABLES `course` WRITE;
/*!40000 ALTER TABLE `course` DISABLE KEYS */;
INSERT INTO `course` VALUES (0,'Pizza Margherita',114,'Pizza','Numquam nam nulla hic.'),(1,'Pizza Diavola',168,'Pizza','In tenetur quod vel. Quo totam at reprehenderit.'),(2,'Pizza Prosciutto',175,'Pizza','Eum ipsum ratione ut laboriosam. Laboriosam sapiente perspiciatis soluta ab omnis.'),(3,'Pasta Bolognese',103,'Pasta','Accusamus mollitia perferendis ullam.'),(4,'Pasta Carbonara',126,'Pasta','Dolores voluptates voluptatibus facere. Corporis totam ex sint quidem perferendis.'),(5,'Caesar Salad',167,'Salad','Similique id placeat sed. Praesentium doloribus aut. Repellat numquam velit modi.'),(6,'Chicken Salad',172,'Salad','Facilis consectetur nam explicabo nam. Harum occaecati consequatur est ipsam quia.'),(7,'Fish and Chips',174,'Fish','Voluptatem perferendis nemo modi. Totam esse dolore quas iste quas molestias.'),(8,'Sushi',146,'Fish','Sit voluptatibus minima adipisci velit odio. Expedita molestias molestiae expedita.'),(9,'Prawn soup',167,'Fish','Amet dolorem provident tempora provident. Earum expedita ad odio hic.'),(10,'Cheeseburger',122,'Burger','Assumenda laboriosam quam provident. Tenetur sed iusto aut adipisci. A beatae veritatis possimus.'),(11,'Baconburger',140,'Burger','Rerum tempore ipsa. Magnam delectus neque nam nesciunt occaecati. Similique totam neque sunt.');
/*!40000 ALTER TABLE `course` ENABLE KEYS */;
UNLOCK TABLES;

--
-- Table structure for table `course_in_purchase`
--

DROP TABLE IF EXISTS `course_in_purchase`;
/*!40101 SET @saved_cs_client     = @@character_set_client */;
/*!40101 SET character_set_client = utf8 */;
CREATE TABLE `course_in_purchase` (
  `course_id` int(11) NOT NULL,
  `purchase_id` int(11) NOT NULL,
  `quantity` int(11) DEFAULT NULL,
  PRIMARY KEY (`course_id`,`purchase_id`),
  KEY `purchase_id` (`purchase_id`),
  CONSTRAINT `course_in_purchase_ibfk_1` FOREIGN KEY (`course_id`) REFERENCES `course` (`course_id`),
  CONSTRAINT `course_in_purchase_ibfk_2` FOREIGN KEY (`purchase_id`) REFERENCES `purchase` (`purchase_id`)
) ENGINE=InnoDB DEFAULT CHARSET=utf8mb4 COLLATE=utf8mb4_unicode_ci;
/*!40101 SET character_set_client = @saved_cs_client */;

--
-- Dumping data for table `course_in_purchase`
--

LOCK TABLES `course_in_purchase` WRITE;
/*!40000 ALTER TABLE `course_in_purchase` DISABLE KEYS */;
INSERT INTO `course_in_purchase` VALUES (0,1,2),(0,8,4),(0,11,3),(0,14,4),(0,19,2),(0,24,1),(0,27,3),(0,31,2),(0,33,1),(0,40,3),(0,41,3),(0,43,3),(0,49,0),(0,53,4),(0,55,3),(0,60,4),(0,66,1),(0,70,1),(0,76,3),(0,78,2),(0,80,4),(0,82,1),(0,83,1),(0,90,1),(0,94,4),(0,97,4),(0,100,2),(0,102,4),(0,116,1),(0,124,3),(0,125,3),(0,127,1),(0,128,1),(0,130,1),(0,133,4),(0,137,0),(0,142,4),(0,145,4),(0,146,1),(0,149,4),(0,163,1),(0,165,3),(0,166,2),(0,169,1),(0,173,0),(0,176,3),(0,181,2),(0,183,3),(0,185,1),(0,190,4),(0,195,4),(0,198,0),(0,205,2),(0,211,1),(0,213,0),(0,217,4),(0,219,0),(0,226,4),(0,228,1),(0,229,0),(0,232,0),(0,235,4),(0,239,4),(0,241,2),(0,246,3),(0,250,4),(0,254,1),(0,255,3),(0,256,2),(0,257,4),(0,259,2),(0,260,1),(0,263,2),(0,269,3),(0,275,1),(0,286,1),(0,288,4),(0,290,0),(0,293,3),(0,296,3),(0,297,3),(0,302,4),(0,303,0),(0,306,3),(0,308,1),(0,310,2),(0,311,2),(0,312,1),(0,315,0),(0,316,0),(0,323,1),(0,324,1),(0,331,0),(0,343,0),(0,344,0),(0,345,3),(0,348,4),(0,351,2),(0,362,4),(0,364,3),(0,366,4),(0,369,4),(0,375,4),(0,378,1),(0,381,4),(0,382,4),(0,383,1),(0,385,3),(0,388,1),(0,399,0),(0,401,2),(0,403,2),(0,404,0),(0,406,4),(0,408,3),(0,412,4),(0,413,2),(0,414,3),(0,416,0),(0,423,4),(0,424,1),(0,425,2),(0,430,4),(0,439,4),(0,446,4),(0,448,2),(0,456,4),(0,461,2),(0,466,0),(0,467,2),(0,473,0),(0,474,0),(0,476,2),(0,486,2),(0,499,0),(1,2,3),(1,3,4),(1,6,1),(1,12,0),(1,16,0),(1,21,0),(1,35,4),(1,36,0),(1,38,1),(1,39,0),(1,58,2),(1,59,1),(1,63,1),(1,69,1),(1,74,1),(1,75,4),(1,81,3),(1,88,3),(1,89,0),(1,93,0),(1,99,1),(1,103,4),(1,111,4),(1,112,1),(1,114,2),(1,117,2),(1,118,3),(1,121,4),(1,126,0),(1,136,1),(1,139,3),(1,144,2),(1,152,3),(1,167,3),(1,168,3),(1,177,4),(1,186,0),(1,199,3),(1,201,4),(1,204,4),(1,207,0),(1,214,0),(1,221,3),(1,224,1),(1,237,0),(1,243,3),(1,245,2),(1,247,3),(1,248,2),(1,251,0),(1,261,2),(1,264,2),(1,265,2),(1,267,2),(1,272,4),(1,273,1),(1,278,1),(1,279,2),(1,283,0),(1,285,0),(1,289,0),(1,291,3),(1,292,2),(1,294,1),(1,298,3),(1,299,4),(1,300,2),(1,304,1),(1,322,2),(1,325,0),(1,329,0),(1,339,0),(1,340,1),(1,347,0),(1,350,4),(1,355,1),(1,360,4),(1,363,3),(1,373,3),(1,376,4),(1,379,1),(1,384,0),(1,390,3),(1,392,2),(1,395,4),(1,396,3),(1,397,0),(1,398,4),(1,407,3),(1,411,0),(1,422,2),(1,429,4),(1,433,0),(1,437,1),(1,441,4),(1,443,4),(1,444,1),(1,451,3),(1,452,2),(1,454,4),(1,459,2),(1,460,4),(1,462,1),(1,468,1),(1,470,0),(1,481,1),(1,482,2),(1,489,1),(1,491,3),(1,497,3),(1,498,0),(2,5,4),(2,17,4),(2,18,4),(2,20,2),(2,22,1),(2,25,2),(2,26,1),(2,29,3),(2,30,0),(2,32,2),(2,34,3),(2,42,0),(2,45,4),(2,46,4),(2,48,4),(2,52,2),(2,56,2),(2,57,2),(2,61,1),(2,67,2),(2,72,3),(2,73,4),(2,79,0),(2,92,1),(2,95,2),(2,101,4),(2,105,0),(2,107,0),(2,109,0),(2,110,3),(2,113,4),(2,119,1),(2,120,0),(2,123,1),(2,129,4),(2,132,1),(2,138,2),(2,140,2),(2,143,0),(2,147,3),(2,150,1),(2,151,2),(2,159,3),(2,162,0),(2,171,2),(2,172,1),(2,174,1),(2,175,2),(2,178,0),(2,179,0),(2,182,4),(2,187,4),(2,188,2),(2,189,4),(2,191,2),(2,192,2),(2,196,0),(2,200,3),(2,203,2),(2,206,4),(2,208,3),(2,212,1),(2,218,0),(2,220,1),(2,225,4),(2,233,1),(2,234,0),(2,236,3),(2,238,2),(2,240,2),(2,242,2),(2,244,4),(2,253,2),(2,268,3),(2,270,0),(2,271,0),(2,276,3),(2,277,0),(2,282,2),(2,287,4),(2,295,2),(2,305,2),(2,309,2),(2,313,2),(2,319,3),(2,320,0),(2,327,0),(2,328,2),(2,332,0),(2,336,3),(2,346,0),(2,353,3),(2,354,3),(2,356,3),(2,357,4),(2,358,3),(2,361,1),(2,367,3),(2,371,0),(2,377,4),(2,386,4),(2,394,4),(2,400,1),(2,402,0),(2,410,4),(2,417,1),(2,426,0),(2,428,4),(2,432,0),(2,434,4),(2,440,0),(2,442,4),(2,445,4),(2,447,3),(2,457,3),(2,458,2),(2,478,3),(2,479,1),(2,488,4),(2,490,1),(2,494,2),(2,495,0),(3,0,1),(3,4,3),(3,7,2),(3,9,0),(3,10,0),(3,13,3),(3,15,1),(3,23,1),(3,28,0),(3,37,4),(3,44,0),(3,47,1),(3,50,4),(3,51,3),(3,54,0),(3,62,4),(3,64,0),(3,65,1),(3,68,0),(3,71,1),(3,77,3),(3,84,3),(3,85,3),(3,86,1),(3,87,3),(3,91,4),(3,96,2),(3,98,3),(3,104,4),(3,106,0),(3,108,1),(3,115,3),(3,122,2),(3,131,0),(3,134,4),(3,135,2),(3,141,0),(3,148,3),(3,153,3),(3,154,2),(3,155,2),(3,156,0),(3,157,3),(3,158,3),(3,160,4),(3,161,3),(3,164,2),(3,170,4),(3,180,2),(3,184,2),(3,193,4),(3,194,1),(3,197,3),(3,202,3),(3,209,0),(3,210,4),(3,215,1),(3,216,3),(3,222,4),(3,223,4),(3,227,2),(3,230,4),(3,231,2),(3,249,3),(3,252,0),(3,258,3),(3,262,1),(3,266,0),(3,274,0),(3,280,0),(3,281,4),(3,284,4),(3,301,4),(3,307,2),(3,314,1),(3,317,4),(3,318,3),(3,321,2),(3,326,3),(3,330,2),(3,333,4),(3,334,0),(3,335,3),(3,337,3),(3,338,4),(3,341,3),(3,342,0),(3,349,2),(3,352,1),(3,359,2),(3,365,3),(3,368,0),(3,370,2),(3,372,4),(3,374,4),(3,380,3),(3,387,1),(3,389,0),(3,391,3),(3,393,0),(3,405,2),(3,409,4),(3,415,2),(3,418,4),(3,419,3),(3,420,0),(3,421,0),(3,427,2),(3,431,3),(3,435,2),(3,436,2),(3,438,2),(3,449,1),(3,450,0),(3,453,1),(3,455,2),(3,463,3),(3,464,1),(3,465,1),(3,469,2),(3,471,1),(3,472,4),(3,475,3),(3,477,3),(3,480,3),(3,483,3),(3,484,0),(3,485,0),(3,487,3),(3,492,4),(3,493,0),(3,496,0),(4,1,0),(4,7,4),(4,8,3),(4,11,3),(4,14,4),(4,17,0),(4,19,1),(4,27,4),(4,28,0),(4,31,0),(4,32,0),(4,35,3),(4,37,3),(4,38,0),(4,39,0),(4,52,2),(4,54,4),(4,58,2),(4,64,2),(4,75,0),(4,76,4),(4,78,0),(4,87,2),(4,92,3),(4,93,2),(4,98,4),(4,100,0),(4,102,2),(4,103,2),(4,105,3),(4,107,0),(4,111,4),(4,112,3),(4,114,4),(4,120,2),(4,125,0),(4,126,2),(4,132,2),(4,136,4),(4,142,1),(4,143,3),(4,144,3),(4,145,4),(4,147,3),(4,148,0),(4,149,3),(4,150,1),(4,151,2),(4,157,4),(4,158,2),(4,159,4),(4,160,1),(4,164,3),(4,169,2),(4,171,0),(4,172,0),(4,173,4),(4,178,2),(4,181,3),(4,192,0),(4,193,3),(4,194,1),(4,197,3),(4,198,0),(4,201,0),(4,202,0),(4,205,3),(4,206,0),(4,212,1),(4,213,0),(4,215,3),(4,216,2),(4,222,3),(4,223,0),(4,225,1),(4,226,4),(4,229,2),(4,235,2),(4,239,1),(4,244,2),(4,249,1),(4,257,1),(4,259,3),(4,260,3),(4,262,1),(4,270,1),(4,276,0),(4,277,3),(4,278,2),(4,282,4),(4,283,4),(4,285,4),(4,297,2),(4,298,2),(4,299,0),(4,301,2),(4,304,2),(4,307,2),(4,311,4),(4,313,3),(4,315,3),(4,320,0),(4,322,4),(4,323,1),(4,326,4),(4,332,2),(4,336,2),(4,337,3),(4,341,3),(4,344,2),(4,346,3),(4,347,2),(4,349,4),(4,354,1),(4,355,4),(4,356,3),(4,357,4),(4,358,3),(4,359,0),(4,361,2),(4,369,2),(4,376,2),(4,378,0),(4,380,1),(4,381,4),(4,385,1),(4,386,0),(4,388,3),(4,395,0),(4,402,1),(4,403,1),(4,404,4),(4,407,4),(4,412,1),(4,414,1),(4,416,0),(4,417,4),(4,419,1),(4,421,4),(4,427,0),(4,428,4),(4,434,3),(4,435,1),(4,438,2),(4,440,0),(4,446,0),(4,449,4),(4,451,2),(4,452,3),(4,453,0),(4,457,4),(4,458,1),(4,460,0),(4,466,3),(4,467,4),(4,468,4),(4,469,3),(4,473,3),(4,474,0),(4,477,3),(4,482,1),(4,483,3),(4,484,1),(4,485,1),(4,486,1),(4,493,3),(4,494,4),(4,497,4),(4,498,1),(4,499,4),(5,0,0),(5,2,4),(5,4,1),(5,5,2),(5,9,1),(5,12,4),(5,18,1),(5,22,3),(5,23,4),(5,26,0),(5,33,1),(5,41,2),(5,46,4),(5,47,1),(5,50,1),(5,55,3),(5,56,2),(5,57,0),(5,59,0),(5,62,3),(5,63,3),(5,69,3),(5,71,1),(5,74,2),(5,77,0),(5,79,4),(5,80,2),(5,81,4),(5,82,0),(5,83,4),(5,85,2),(5,86,3),(5,89,4),(5,90,2),(5,97,3),(5,101,3),(5,104,4),(5,106,0),(5,108,4),(5,109,4),(5,110,4),(5,113,3),(5,116,1),(5,118,1),(5,121,3),(5,123,2),(5,124,0),(5,127,2),(5,130,3),(5,131,0),(5,134,2),(5,135,3),(5,138,4),(5,139,0),(5,140,4),(5,141,4),(5,153,3),(5,154,2),(5,155,4),(5,166,1),(5,168,4),(5,170,4),(5,174,0),(5,175,2),(5,176,1),(5,182,0),(5,183,4),(5,184,3),(5,185,3),(5,187,0),(5,195,2),(5,200,3),(5,207,3),(5,208,2),(5,209,3),(5,211,4),(5,218,3),(5,219,4),(5,220,4),(5,224,0),(5,227,3),(5,231,2),(5,233,3),(5,234,1),(5,238,0),(5,240,0),(5,241,3),(5,243,2),(5,248,3),(5,250,0),(5,251,4),(5,253,3),(5,258,3),(5,261,1),(5,265,4),(5,266,0),(5,267,4),(5,272,1),(5,273,3),(5,275,2),(5,279,4),(5,280,1),(5,281,2),(5,284,4),(5,287,0),(5,291,4),(5,292,1),(5,296,3),(5,300,4),(5,302,4),(5,303,1),(5,308,4),(5,309,0),(5,310,2),(5,312,4),(5,316,1),(5,317,3),(5,319,3),(5,325,4),(5,327,2),(5,328,2),(5,330,3),(5,333,4),(5,338,4),(5,339,1),(5,340,0),(5,342,4),(5,348,1),(5,351,1),(5,353,0),(5,363,1),(5,364,4),(5,365,3),(5,368,4),(5,370,4),(5,372,2),(5,373,2),(5,379,1),(5,382,4),(5,383,4),(5,390,3),(5,392,4),(5,393,4),(5,396,0),(5,401,2),(5,405,2),(5,409,1),(5,410,2),(5,411,1),(5,415,1),(5,420,1),(5,423,3),(5,424,3),(5,425,0),(5,426,2),(5,431,4),(5,432,3),(5,433,0),(5,439,3),(5,441,2),(5,443,2),(5,444,3),(5,448,1),(5,456,0),(5,461,3),(5,463,4),(5,464,3),(5,465,2),(5,470,4),(5,471,1),(5,475,2),(5,476,1),(5,478,2),(5,479,2),(5,480,2),(5,487,2),(5,488,1),(5,495,3),(6,3,3),(6,6,0),(6,10,1),(6,13,2),(6,15,2),(6,16,1),(6,20,4),(6,21,2),(6,24,0),(6,25,4),(6,29,1),(6,30,2),(6,34,2),(6,36,0),(6,40,4),(6,42,4),(6,43,0),(6,44,1),(6,45,4),(6,48,1),(6,49,2),(6,51,3),(6,53,0),(6,60,1),(6,61,0),(6,65,3),(6,66,4),(6,67,1),(6,68,4),(6,70,1),(6,72,1),(6,73,2),(6,84,2),(6,88,0),(6,91,0),(6,94,0),(6,95,3),(6,96,3),(6,99,3),(6,115,3),(6,117,3),(6,119,2),(6,122,4),(6,128,1),(6,129,1),(6,133,0),(6,137,0),(6,146,4),(6,152,1),(6,156,1),(6,161,2),(6,162,2),(6,163,0),(6,165,3),(6,167,2),(6,177,2),(6,179,0),(6,180,3),(6,186,0),(6,188,3),(6,189,1),(6,190,0),(6,191,2),(6,196,0),(6,199,0),(6,203,3),(6,204,0),(6,210,2),(6,214,4),(6,217,3),(6,221,2),(6,228,3),(6,230,0),(6,232,3),(6,236,1),(6,237,1),(6,242,1),(6,245,4),(6,246,0),(6,247,1),(6,252,2),(6,254,2),(6,255,1),(6,256,1),(6,263,1),(6,264,0),(6,268,2),(6,269,1),(6,271,4),(6,274,2),(6,286,2),(6,288,4),(6,289,2),(6,290,2),(6,293,1),(6,294,1),(6,295,1),(6,305,3),(6,306,4),(6,314,3),(6,318,1),(6,321,3),(6,324,2),(6,329,0),(6,331,1),(6,334,3),(6,335,3),(6,343,1),(6,345,2),(6,350,3),(6,352,3),(6,360,2),(6,362,1),(6,366,2),(6,367,4),(6,371,1),(6,374,0),(6,375,0),(6,377,3),(6,384,3),(6,387,4),(6,389,4),(6,391,1),(6,394,0),(6,397,3),(6,398,3),(6,399,4),(6,400,2),(6,406,4),(6,408,0),(6,413,3),(6,418,4),(6,422,1),(6,429,3),(6,430,2),(6,436,1),(6,437,3),(6,442,4),(6,445,1),(6,447,3),(6,450,4),(6,454,3),(6,455,3),(6,459,4),(6,462,1),(6,472,0),(6,481,3),(6,489,4),(6,490,4),(6,491,1),(6,492,2),(6,496,4),(7,6,0),(7,10,1),(7,12,3),(7,14,4),(7,18,1),(7,34,0),(7,48,0),(7,49,0),(7,59,1),(7,60,0),(7,61,3),(7,71,3),(7,75,4),(7,76,1),(7,77,4),(7,79,1),(7,85,0),(7,86,1),(7,89,0),(7,94,4),(7,95,4),(7,96,3),(7,98,3),(7,103,0),(7,111,3),(7,116,3),(7,117,4),(7,131,1),(7,152,1),(7,153,2),(7,169,3),(7,170,0),(7,172,1),(7,176,3),(7,183,1),(7,185,1),(7,190,4),(7,197,2),(7,198,0),(7,208,4),(7,209,4),(7,211,0),(7,220,2),(7,226,0),(7,229,3),(7,235,4),(7,250,3),(7,251,2),(7,274,0),(7,278,3),(7,286,0),(7,289,1),(7,294,0),(7,295,3),(7,298,3),(7,304,1),(7,305,3),(7,306,1),(7,313,2),(7,314,2),(7,315,1),(7,319,0),(7,322,1),(7,324,4),(7,328,0),(7,329,4),(7,330,1),(7,333,1),(7,336,1),(7,339,1),(7,351,0),(7,352,1),(7,354,2),(7,370,0),(7,371,2),(7,379,1),(7,380,1),(7,383,4),(7,396,4),(7,404,0),(7,407,2),(7,410,0),(7,414,3),(7,424,4),(7,427,3),(7,428,2),(7,429,3),(7,432,3),(7,435,4),(7,436,3),(7,437,3),(7,439,1),(7,449,4),(7,458,2),(7,462,2),(7,464,4),(7,465,1),(7,468,1),(7,489,2),(7,495,4),(7,498,0),(8,15,2),(8,20,2),(8,23,2),(8,25,1),(8,26,1),(8,29,0),(8,36,4),(8,62,4),(8,63,0),(8,67,1),(8,69,0),(8,70,1),(8,83,4),(8,87,2),(8,91,1),(8,97,3),(8,99,3),(8,105,1),(8,107,0),(8,109,0),(8,115,4),(8,118,2),(8,119,4),(8,127,3),(8,134,4),(8,149,0),(8,150,1),(8,151,0),(8,155,1),(8,156,4),(8,161,1),(8,164,4),(8,171,4),(8,175,1),(8,178,2),(8,180,4),(8,191,4),(8,192,4),(8,193,1),(8,195,3),(8,196,0),(8,201,3),(8,203,4),(8,204,3),(8,213,4),(8,216,0),(8,218,2),(8,224,0),(8,225,3),(8,234,1),(8,236,2),(8,240,1),(8,242,2),(8,243,2),(8,252,0),(8,253,2),(8,254,3),(8,259,1),(8,264,3),(8,265,2),(8,272,3),(8,273,2),(8,275,2),(8,277,4),(8,291,1),(8,292,2),(8,299,2),(8,310,4),(8,311,3),(8,321,2),(8,323,0),(8,325,2),(8,327,0),(8,334,4),(8,335,0),(8,338,4),(8,344,0),(8,364,1),(8,366,2),(8,374,0),(8,375,4),(8,376,0),(8,386,4),(8,391,3),(8,402,3),(8,408,0),(8,415,3),(8,419,3),(8,425,4),(8,444,3),(8,451,3),(8,453,4),(8,459,3),(8,461,0),(8,471,4),(8,476,4),(8,477,4),(8,482,3),(8,486,2),(8,491,4),(8,494,0),(9,1,0),(9,3,0),(9,5,1),(9,19,4),(9,21,0),(9,24,3),(9,27,4),(9,33,3),(9,41,4),(9,43,2),(9,47,3),(9,50,2),(9,65,1),(9,72,3),(9,73,0),(9,74,3),(9,80,1),(9,82,0),(9,84,3),(9,93,1),(9,112,4),(9,113,3),(9,122,4),(9,125,0),(9,126,0),(9,129,4),(9,130,3),(9,139,4),(9,154,3),(9,160,1),(9,162,0),(9,163,4),(9,174,0),(9,177,1),(9,184,4),(9,188,0),(9,199,2),(9,202,4),(9,205,2),(9,206,4),(9,207,2),(9,212,4),(9,214,0),(9,219,2),(9,230,3),(9,231,1),(9,238,0),(9,241,2),(9,244,4),(9,246,2),(9,249,1),(9,271,1),(9,283,0),(9,287,3),(9,288,3),(9,290,2),(9,297,3),(9,301,3),(9,307,0),(9,308,4),(9,312,1),(9,316,0),(9,318,1),(9,342,0),(9,345,3),(9,346,4),(9,349,3),(9,353,3),(9,368,2),(9,373,0),(9,381,2),(9,382,1),(9,392,3),(9,397,2),(9,399,4),(9,400,0),(9,406,0),(9,409,2),(9,416,1),(9,430,3),(9,431,2),(9,433,0),(9,438,4),(9,443,0),(9,445,0),(9,446,3),(9,452,2),(9,460,3),(9,466,3),(9,474,3),(9,479,0),(9,483,0),(9,493,4),(9,499,3),(10,4,0),(10,7,3),(10,8,0),(10,11,2),(10,17,0),(10,28,2),(10,31,0),(10,32,1),(10,35,0),(10,37,1),(10,38,4),(10,40,0),(10,54,4),(10,57,4),(10,66,2),(10,78,4),(10,81,1),(10,88,0),(10,92,3),(10,101,4),(10,106,1),(10,114,0),(10,120,4),(10,128,3),(10,135,4),(10,137,0),(10,138,3),(10,140,2),(10,141,1),(10,145,3),(10,158,1),(10,166,0),(10,167,0),(10,173,4),(10,179,1),(10,182,3),(10,200,2),(10,215,1),(10,217,1),(10,221,3),(10,223,4),(10,227,3),(10,232,4),(10,237,2),(10,247,4),(10,248,4),(10,256,3),(10,257,2),(10,258,3),(10,260,2),(10,262,0),(10,263,1),(10,268,2),(10,269,3),(10,279,0),(10,285,3),(10,300,3),(10,302,2),(10,303,0),(10,309,1),(10,317,0),(10,332,2),(10,340,2),(10,343,1),(10,347,1),(10,348,3),(10,350,3),(10,355,4),(10,356,2),(10,357,1),(10,358,2),(10,359,3),(10,361,4),(10,362,2),(10,365,4),(10,367,1),(10,369,4),(10,372,4),(10,389,2),(10,390,2),(10,393,0),(10,394,1),(10,395,3),(10,412,3),(10,413,2),(10,426,3),(10,434,0),(10,441,2),(10,450,2),(10,457,4),(10,463,3),(10,467,2),(10,469,4),(10,475,4),(10,480,0),(10,481,2),(10,485,4),(10,487,3),(10,490,3),(10,492,1),(11,0,1),(11,2,3),(11,9,2),(11,13,4),(11,16,1),(11,22,0),(11,30,3),(11,39,3),(11,42,0),(11,44,4),(11,45,2),(11,46,2),(11,51,3),(11,52,2),(11,53,2),(11,55,1),(11,56,0),(11,58,1),(11,64,2),(11,68,3),(11,90,1),(11,100,1),(11,102,3),(11,104,2),(11,108,2),(11,110,3),(11,121,0),(11,123,0),(11,124,2),(11,132,3),(11,133,4),(11,136,4),(11,142,0),(11,143,3),(11,144,4),(11,146,4),(11,147,2),(11,148,0),(11,157,0),(11,159,4),(11,165,3),(11,168,4),(11,181,2),(11,186,1),(11,187,2),(11,189,0),(11,194,3),(11,210,3),(11,222,3),(11,228,3),(11,233,1),(11,239,1),(11,245,2),(11,255,4),(11,261,4),(11,266,2),(11,267,4),(11,270,2),(11,276,4),(11,280,0),(11,281,1),(11,282,1),(11,284,0),(11,293,0),(11,296,0),(11,320,0),(11,326,2),(11,331,4),(11,337,4),(11,341,0),(11,360,3),(11,363,2),(11,377,1),(11,378,3),(11,384,0),(11,385,2),(11,387,3),(11,388,4),(11,398,3),(11,401,4),(11,403,0),(11,405,1),(11,411,1),(11,417,3),(11,418,0),(11,420,0),(11,421,0),(11,422,4),(11,423,2),(11,440,2),(11,442,3),(11,447,4),(11,448,1),(11,454,0),(11,455,2),(11,456,4),(11,470,0),(11,472,4),(11,473,4),(11,478,4),(11,484,0),(11,488,2),(11,496,3),(11,497,2);
/*!40000 ALTER TABLE `course_in_purchase` ENABLE KEYS */;
UNLOCK TABLES;

--
-- Table structure for table `customer`
--

DROP TABLE IF EXISTS `customer`;
/*!40101 SET @saved_cs_client     = @@character_set_client */;
/*!40101 SET character_set_client = utf8 */;
CREATE TABLE `customer` (
  `customer_id` int(11) NOT NULL,
  `first_name` varchar(128) COLLATE utf8mb4_unicode_ci DEFAULT NULL,
  `last_name` varchar(128) COLLATE utf8mb4_unicode_ci DEFAULT NULL,
  `email` varchar(128) COLLATE utf8mb4_unicode_ci DEFAULT NULL,
  `phone` varchar(32) COLLATE utf8mb4_unicode_ci DEFAULT NULL,
  `birthdate` date DEFAULT NULL,
  `address_id` int(11) DEFAULT NULL,
  PRIMARY KEY (`customer_id`),
  KEY `address_id` (`address_id`),
  CONSTRAINT `customer_ibfk_1` FOREIGN KEY (`address_id`) REFERENCES `address` (`address_id`)
) ENGINE=InnoDB DEFAULT CHARSET=utf8mb4 COLLATE=utf8mb4_unicode_ci;
/*!40101 SET character_set_client = @saved_cs_client */;

--
-- Dumping data for table `customer`
--

LOCK TABLES `customer` WRITE;
/*!40000 ALTER TABLE `customer` DISABLE KEYS */;
INSERT INTO `customer` VALUES (0,'Lene','Arnesen','hilde50@yahoo.com','+47 04 78 74 15','1995-02-11',65),(1,'Rita','Solheim','olsensigrid@birkeland.net','948 92 516','1976-06-25',89),(2,'Kjersti','Nguyen','nygaardfrode@paulsen.no','15989042','1979-07-15',53),(3,'Roger','Abrahamsen','uarnesen@yahoo.com','32 21 25 83','1986-03-11',22),(4,'Emilie','Ahmed','kirsten49@simonsen.no','07 33 00 38','1988-08-05',74),(5,'Kristine','Pettersen','beritpaulsen@stroem.no','25073590','1919-06-11',26),(6,'Marte','Haugland','kirstenknudsen@yahoo.com','08 55 74 79','1963-01-13',38),(7,'Kirsten','Ødegård','qberge@martinsen-haugland.com','33499452','1982-08-12',7),(8,'Kjetil','Evensen','thea93@kristiansen.net','936 26 027','1990-02-25',45),(9,'Eli','Haugen','abrahamsenjohan@thorsen.com','99611467','1946-01-04',68),(10,'Emil','Thomassen','andreasroenning@gundersen.no','61 95 91 35','1954-01-11',19),(11,'Helene','Solberg','tveitunni@hotmail.com','42307634','1979-03-03',63),(12,'Jens','Hansen','redvardsen@strand.no','95 49 11 65','1944-05-09',98),(13,'Hege','Gundersen','fredrik61@hotmail.com','40217459','1950-12-19',70),(14,'Marie','Bøe','roarbakke@yahoo.com','448 60 900','1922-09-20',60),(15,'Randi','Pedersen','markusevensen@yahoo.com','915 61 701','1930-03-26',42),(16,'Eirik','Andersen','ruthhalvorsen@ruud-isaksen.no','497 51 448','1922-05-03',17),(17,'Håkon','Kristiansen','stroemsander@johnsen.no','984 26 942','1932-09-01',16),(18,'Cecilie','Amundsen','epaulsen@hanssen.com','988 52 105','1955-04-30',6),(19,'Stine','Bakke','eliassengunnar@yahoo.com','981 18 990','1963-01-13',79),(20,'Tore','Ahmed','moekristoffer@hotmail.com','57 55 88 25','1976-02-06',21),(21,'Roger','Ali','hmathisen@yahoo.com','+47956970915','1946-04-13',18),(22,'Bjørn','Dahl','ingeborg45@yahoo.com','415 49 554','1928-08-23',69),(23,'Jenny','Sivertsen','andresenmagne@solheim-madsen.no','+47685310698','1954-02-18',8),(24,'Karen','Engen','tone85@evensen.net','03 57 98 28','1943-01-07',91),(25,'Morten','Andreassen','larsenespen@hotmail.com','91878017','1957-06-11',41),(26,'Nina','Olsen','thomasbakken@hotmail.com','49665597','1987-10-21',21),(27,'Alf','Berge','christian97@kristensen.com','71 41 59 60','1996-07-18',0),(28,'Leif','Berg','asolberg@ali.no','50 09 16 52','1970-11-02',85),(29,'Eirik','Lien','andreafredriksen@yahoo.com','+47 15 69 12 89','1931-04-27',86),(30,'Tore','Jensen','frodesoerensen@jakobsen.com','400 62 768','1965-08-29',7),(31,'Sondre','Birkeland','gmartinsen@yahoo.com','95645522','1955-08-07',81),(32,'Ruth','Johannessen','haugelinn@birkeland.no','42 79 85 83','1924-05-01',11),(33,'Simen','Rasmussen','marianneandresen@gmail.com','99740982','1997-11-16',97),(34,'Astrid','Arnesen','kjenssen@gmail.com','94379545','1964-05-16',18),(35,'Karin','Myklebust','roylarsen@gmail.com','48198484','1978-03-19',27),(36,'Fredrik','Mathisen','unni83@yahoo.com','409 96 207','1999-02-28',5),(37,'Irene','Svendsen','karlsenjan@yahoo.com','90643524','1961-10-03',55),(38,'Aud','Hauge','paulsendaniel@hotmail.com','89743479','1936-08-10',50),(39,'Maria','Jensen','ellingsenelisabeth@solberg.no','979 22 920','1997-09-09',94),(40,'Wenche','Gundersen','mariadahl@solberg.com','06 48 15 68','1945-01-27',41),(41,'Odd','Johannessen','kristine68@nguyen.com','40080646','1979-11-21',26),(42,'Arne','Vik','rthomassen@lie.no','33261225','1941-09-29',86),(43,'Kjetil','Olsen','lsoerensen@christensen-kristensen.no','992 52 718','1971-10-30',48),(44,'Andrea','Martinsen','smadsen@nilsen.no','57275272','1961-04-06',35),(45,'Helge','Aas','sigurd55@yahoo.com','96795960','1928-02-18',68),(46,'Finn','Edvardsen','gundersenstine@yahoo.com','+47 62 87 96 85','1998-01-03',80),(47,'Marianne','Jørgensen','jstrand@ellingsen.no','400 92 825','1935-08-11',38),(48,'Nora','Tveit','christenseneva@aune.no','+47 27 53 00 80','1958-08-17',54),(49,'Martin','Eide','vchristensen@kristoffersen-thomassen.no','479 75 388','1994-10-23',40),(50,'Vegard','Jacobsen','shansen@thorsen.net','05532094','1930-01-02',87),(51,'Siri','Engen','vilde87@gmail.com','+47969281000','1988-10-11',73),(52,'Dag','Thorsen','olav90@yahoo.com','02124898','1964-08-01',19),(53,'Aud','Jacobsen','halvorsenmaren@gmail.com','+47474280275','1965-05-20',68),(54,'Randi','Madsen','bsivertsen@johnsen.no','83375729','1921-11-10',11),(55,'Elisabeth','Sørensen','myklebustsondre@yahoo.com','+47 18 41 57 56','1927-06-24',97),(56,'Jorunn','Birkeland','magnus37@yahoo.com','+47524325866','1958-12-08',33),(57,'Synnøve','Moe','paal27@gmail.com','90654029','1989-01-16',35),(58,'Mari','Simonsen','hlien@hansen-ruud.no','45906351','1966-07-04',52),(59,'Asbjørn','Hauge','ida59@dahl.org','96834258','1969-06-07',51),(60,'Andreas','Henriksen','stine53@yahoo.com','+47 45 20 44 67','1972-05-31',72),(61,'Markus','Mathisen','marigundersen@karlsen.net','94 28 50 18','1922-10-04',35),(62,'Rolf','Thomassen','hsolheim@yahoo.com','94890692','1964-04-17',67),(63,'Nora','Ruud','arnesenellen@kristiansen-gulbrandsen.no','+47630488507','1976-09-10',14),(64,'Ola','Mathisen','hauglandjens@kristiansen-mathisen.no','65 98 89 61','1957-04-26',89),(65,'Britt','Vik','knut22@hotmail.com','+47163219730','1987-12-22',48),(66,'Ingrid','Jacobsen','steinarkarlsen@gmail.com','48562369','1976-04-04',35),(67,'Helene','Tangen','anders34@hotmail.com','40587172','1921-03-30',27),(68,'Ingeborg','Ali','siriengen@eliassen.no','+47420840059','1928-05-22',38),(69,'Einar','Nygård','engenann@gmail.com','+47023455446','1941-11-26',91),(70,'Nina','Jenssen','vidartangen@lund.com','994 50 902','1968-09-22',75),(71,'Rune','Birkeland','bergelise@lunde.no','407 78 104','1973-04-24',50),(72,'Helge','Gundersen','dahlmathias@haug-birkeland.com','+47699546354','1921-03-19',6),(73,'Linn','Kristensen','qengen@gmail.com','12 82 54 56','1950-07-02',44),(74,'Cecilie','Gundersen','aasemoe@ali-karlsen.com','81 24 40 17','1992-11-30',56),(75,'Kjell','Nilsen','sondresandvik@edvardsen.no','33253562','1968-10-31',29),(76,'Vilde','Mikkelsen','synnoevesimonsen@hotmail.com','931 88 300','1988-11-04',99),(77,'Kari','Engen','xeide@yahoo.com','52566824','1954-01-31',62),(78,'Gunn','Ellingsen','torill35@vik-hauge.com','49356986','1928-11-29',21),(79,'Tone','Christensen','olsensolveig@tangen.com','+47 12 71 55 93','1928-03-04',48),(80,'Odd','Larsen','pantonsen@solheim.com','57 62 36 32','1967-06-23',39),(81,'Arne','Strøm','sander91@arnesen.no','+47225707169','1952-08-02',0),(82,'Anna','Berg','vikelse@gmail.com','455 99 765','1979-11-05',9),(83,'Rolf','Andresen','vaasen@gmail.com','920 45 151','1938-05-12',61),(84,'Gunnar','Thorsen','annoedegaard@ruud-eliassen.no','+47 44 44 48 57','1968-08-18',50),(85,'Maren','Jacobsen','ann82@yahoo.com','07953997','1931-07-03',38),(86,'Marie','Gundersen','odd67@yahoo.com','29897756','1928-04-29',54),(87,'Marianne','Haugen','roenningmarius@hotmail.com','+47 22 37 89 16','2000-02-02',87),(88,'Linn','Holm','roy54@rasmussen-birkeland.no','18583197','1932-01-01',61),(89,'Line','Larsen','finnpedersen@andersen-madsen.com','923 51 943','1922-05-03',23),(90,'Egil','Lund','ilien@eriksen.com','+47 15 12 22 39','1941-09-20',51),(91,'Bjørg','Haugland','msivertsen@tangen-eide.no','+47 31 67 79 74','1976-08-17',80),(92,'Anne','Lien','roarhaugland@hotmail.com','905 25 353','1983-05-28',61),(93,'Jonas','Evensen','stroemdaniel@lie.com','+47 82 35 06 16','1997-03-12',20),(94,'Elise','Simonsen','thomassenterje@gmail.com','927 85 690','1929-08-06',36),(95,'Petter','Johnsen','saetherivar@gmail.com','14 41 96 28','1981-07-01',75),(96,'Ragnhild','Johnsen','henrikarnesen@roenning-madsen.com','96 26 99 90','1923-11-26',47),(97,'Arne','Aasen','rogerahmed@yahoo.com','+47 02 12 94 33','1923-01-14',83),(98,'Kjell','Johnsen','lienjoakim@thomassen.net','+47558546252','1988-08-29',76),(99,'Maren','Bakke','thaugen@berntsen-hanssen.org','30 23 16 99','1972-06-10',44),(100,'Nora','Ødegård','leifeide@yahoo.com','954 94 853','1928-10-27',26),(101,'Randi','Hansen','joergensensimen@gmail.com','953 03 785','1989-02-02',21),(102,'Marit','Andersen','henriksentobias@yahoo.com','95496098','1983-07-02',66),(103,'Inger','Martinsen','joergen50@haugland-nilsen.no','26 26 98 50','1922-04-03',72),(104,'Liv','Nielsen','kristinehaug@tangen-karlsen.no','79 94 07 03','1973-11-18',58),(105,'Kjersti','Kristoffersen','xberg@hotmail.com','14 71 65 12','1931-04-04',85),(106,'Berit','Helland','xstroem@yahoo.com','400 01 901','1958-11-15',60),(107,'Gerd','Næss','joergen74@bakken.com','90 91 72 58','1999-02-04',84),(108,'Sondre','Hansen','groarnesen@yahoo.com','496 61 531','1971-01-13',3),(109,'Markus','Antonsen','torbjoern14@berg-pedersen.no','54 30 72 46','1941-08-12',92),(110,'Siv','Hanssen','linda45@halvorsen-larsen.no','99105051','1960-04-09',59),(111,'Elin','Jacobsen','finnbirkeland@olsen.no','+47 56 70 46 48','1935-01-17',84),(112,'Torill','Johnsen','umoe@yahoo.com','+47490636318','1967-03-21',13),(113,'Trond','Paulsen','jens65@oedegaard.no','38948243','1928-03-22',3),(114,'Stein','Jørgensen','sandvikmette@yahoo.com','+47 65 54 06 55','1923-08-08',46),(115,'Elin','Abrahamsen','elisevik@jakobsen.no','+47 60 53 85 77','1992-01-28',60),(116,'Trond','Knutsen','asbjoernmikkelsen@berntsen.com','913 74 938','1928-01-19',8),(117,'Vilde','Rønning','hpaulsen@lie-eliassen.net','33521323','1949-11-25',17),(118,'Knut','Strøm','mroenning@olsen.no','04030052','1965-12-28',75),(119,'Irene','Tangen','andreaskarlsen@sandvik.no','490 21 432','1928-02-13',42),(120,'Kristian','Solberg','heidi22@christensen.no','987 32 465','1969-05-07',44),(121,'Hilde','Pettersen','isaksenkim@gulbrandsen.no','59 75 80 27','1939-03-03',96),(122,'Sondre','Engen','kim04@yahoo.com','97095262','1987-02-25',96),(123,'Lene','Jørgensen','jenny67@hotmail.com','16021325','1928-02-02',37),(124,'Stein','Tangen','kjell37@arnesen.com','442 51 712','1917-11-28',38),(125,'Torbjørn','Eliassen','moenlinn@amundsen.no','37688413','1973-05-22',87),(126,'Emilie','Hansen','qmyhre@hotmail.com','74988546','1961-11-07',87),(127,'Ingeborg','Haugen','kkristoffersen@yahoo.com','448 20 691','1934-08-29',74),(128,'Henrik','Johannessen','magnusnguyen@kristensen-svendsen.no','902 06 604','1976-05-03',42),(129,'Ingeborg','Ellingsen','alexander80@kristoffersen-evensen.com','459 71 138','1972-06-28',72),(130,'Ivar','Haug','hansknudsen@gmail.com','444 44 658','1962-06-27',37),(131,'Hans','Tveit','bevensen@hotmail.com','49013261','1979-06-13',72),(132,'Lene','Danielsen','ifredriksen@rasmussen.no','+47 57 56 72 27','1964-09-15',24),(133,'Joakim','Gundersen','sjacobsen@yahoo.com','+47472133450','1935-06-27',65),(134,'Ann','Christensen','sjenssen@isaksen-bakke.no','+47825899787','1972-07-29',95),(135,'Jørgen','Brekke','thorhalvorsen@tveit-hauge.no','+47 02 34 73 84','1957-02-09',35),(136,'Martine','Amundsen','ingerengen@hotmail.com','+47 53 55 63 16','1958-11-07',9),(137,'Arne','Gundersen','espenvik@amundsen.no','+47065974276','1938-10-20',68),(138,'Per','Berntsen','hali@gmail.com','97556139','1989-11-19',88),(139,'Camilla','Fredriksen','thorfredriksen@thomassen-andresen.com','99 28 60 89','1932-11-30',77),(140,'Mathias','Strøm','gundersenespen@berntsen.no','44046002','1963-09-18',26),(141,'Emil','Nguyen','mari62@ellingsen.no','60 84 40 08','1925-09-12',43),(142,'May','Nguyen','kirsten15@yahoo.com','94965824','1937-05-28',65),(143,'Solveig','Gulbrandsen','aeliassen@eliassen-sivertsen.no','93 57 52 47','1929-08-08',42),(144,'Kristian','Simonsen','julie45@johannessen.com','59 10 40 37','1970-04-23',41),(145,'Janne','Thorsen','rolfaasen@yahoo.com','42 82 21 94','1933-09-10',58),(146,'Per','Danielsen','may42@yahoo.com','76901637','1992-01-23',34),(147,'Vilde','Birkeland','ipettersen@yahoo.com','90567284','1996-03-04',10),(148,'Ola','Christensen','revensen@boee-christensen.no','401 31 718','1941-02-23',97),(149,'Kjetil','Sørensen','evensenvilde@iversen-knutsen.no','913 47 527','1945-09-09',67),(150,'Nora','Sandvik','siveide@gmail.com','498 88 416','1929-04-11',75),(151,'Unni','Martinsen','mikkelsenjohn@hotmail.com','70093815','1993-07-04',74),(152,'Kenneth','Strøm','gundersensiv@antonsen-solheim.com','07538949','1934-02-06',70),(153,'Elisabeth','Sørensen','johannguyen@hotmail.com','94181096','1965-01-19',15),(154,'Kristian','Lund','henrik28@gmail.com','980 96 886','1923-04-27',31),(155,'Henrik','Andersen','roedegaard@gmail.com','+47 47 12 84 40','1932-04-03',32),(156,'Solveig','Gulbrandsen','larstangen@isaksen.no','955 99 099','1995-02-16',47),(157,'Nora','Larsen','echristensen@svendsen.no','459 73 070','1971-08-14',17),(158,'Karen','Henriksen','sondrenguyen@gmail.com','408 28 836','1975-06-19',3),(159,'Kari','Svendsen','johannes24@haug.no','66 38 84 08','1942-02-15',50),(160,'Wenche','Kristoffersen','tjakobsen@abrahamsen-gulbrandsen.no','45267097','1968-07-31',4),(161,'Rolf','Ahmed','bjoerg65@jakobsen.com','82005634','1994-05-18',85),(162,'Rune','Myhre','reidunsoerensen@strand-johnsen.org','97647756','1989-02-21',5),(163,'Mari','Haug','jantonsen@knudsen.org','40 45 45 70','1954-01-16',26),(164,'Morten','Rasmussen','hjohannessen@mathisen.no','482 84 739','1937-11-22',85),(165,'Trond','Ahmed','spedersen@yahoo.com','95947132','1941-01-12',19),(166,'Sebastian','Christensen','hjoergensen@hotmail.com','53694757','1968-07-19',40),(167,'Vilde','Mathisen','anders26@danielsen.org','63 40 18 60','1974-07-06',66),(168,'Robert','Johnsen','yarnesen@berg-karlsen.com','982 76 806','1962-12-04',45),(169,'Andreas','Sandvik','britt19@engen.net','28055005','1945-02-23',55),(170,'Anders','Paulsen','marteeliassen@jacobsen-johannessen.no','+47444958951','1989-11-09',65),(171,'Roy','Henriksen','nielsensiv@olsen.no','97 73 42 79','1985-11-06',8),(172,'Hans','Johansen','johanlien@moen.no','+47 68 64 44 28','1960-05-18',97),(173,'Grethe','Ellingsen','linnkristoffersen@ruud-lund.com','94717138','1998-08-06',39),(174,'Petter','Jacobsen','bergetommy@hotmail.com','45452573','1940-04-10',33),(175,'Astrid','Haugland','elunde@solheim-saether.no','48569785','1928-08-11',89),(176,'Marius','Lunde','feliassen@gmail.com','13430503','1920-04-01',62),(177,'Gunnar','Fredriksen','sarasvendsen@yahoo.com','98400430','1980-04-14',74),(178,'Roger','Vik','linn36@tangen-larsen.net','90 50 99 52','1993-12-24',28),(179,'Thea','Hansen','benteali@gmail.com','46710020','1987-04-03',44),(180,'Roy','Nielsen','kpettersen@yahoo.com','437 82 426','1934-10-23',64),(181,'Karen','Thorsen','bergesynnoeve@lund-tveit.com','96796534','1939-02-23',10),(182,'Nils','Sæther','stein09@yahoo.com','26 18 72 47','1944-07-06',83),(183,'Mathias','Amundsen','stroemkaare@hotmail.com','81250516','1955-11-03',2),(184,'Per','Lie','gundersensolveig@pettersen-henriksen.no','20539822','1988-07-22',87),(185,'Stig','Danielsen','nils83@yahoo.com','44192201','1937-06-03',74),(186,'Hanne','Eriksen','jakobsentonje@yahoo.com','+47 12 40 96 18','1998-01-28',42),(187,'Tove','Tangen','tonje01@hotmail.com','975 23 224','1988-05-21',72),(188,'Mette','Nygård','amundsenmartin@gmail.com','48377141','1955-09-24',29),(189,'Ole','Brekke','henrik58@aasen.no','93 15 72 91','1965-04-15',20),(190,'Eli','Christensen','nlien@yahoo.com','14380275','1996-05-13',61),(191,'Turid','Christensen','tom40@hotmail.com','+47 84 42 39 63','1962-06-21',63),(192,'Tom','Berge','jiversen@hotmail.com','913 34 826','1924-05-23',87),(193,'Espen','Kristoffersen','anitaevensen@yahoo.com','965 66 130','1989-03-01',86),(194,'Kristian','Madsen','emma76@rasmussen.no','972 26 000','1936-09-02',17),(195,'Ole','Moen','nilsentobias@gmail.com','+47 55 56 99 99','1990-10-26',68),(196,'Emilie','Berntsen','aellingsen@fredriksen.com','992 93 046','1995-04-12',79),(197,'Sofie','Ali','fredrikseneirik@yahoo.com','92408264','1974-01-07',79),(198,'Jorunn','Ødegård','tpaulsen@gulbrandsen.no','+47 92 42 43 08','1969-10-11',8),(199,'Siri','Jørgensen','henriksenbritt@yahoo.com','906 94 613','1925-10-01',18);
/*!40000 ALTER TABLE `customer` ENABLE KEYS */;
UNLOCK TABLES;

--
-- Table structure for table `employee`
--

DROP TABLE IF EXISTS `employee`;
/*!40101 SET @saved_cs_client     = @@character_set_client */;
/*!40101 SET character_set_client = utf8 */;
CREATE TABLE `employee` (
  `employee_id` int(11) NOT NULL,
  `first_name` varchar(128) COLLATE utf8mb4_unicode_ci DEFAULT NULL,
  `last_name` varchar(128) COLLATE utf8mb4_unicode_ci DEFAULT NULL,
  `email` varchar(128) COLLATE utf8mb4_unicode_ci DEFAULT NULL,
  `phone` varchar(32) COLLATE utf8mb4_unicode_ci DEFAULT NULL,
  `birthdate` date DEFAULT NULL,
  `address_id` int(11) DEFAULT NULL,
  `restaurant_id` int(11) DEFAULT NULL,
  `salary` double DEFAULT NULL,
  `start_date` date DEFAULT NULL,
  PRIMARY KEY (`employee_id`),
  KEY `address_id` (`address_id`),
  KEY `restaurant_id` (`restaurant_id`),
  CONSTRAINT `employee_ibfk_1` FOREIGN KEY (`address_id`) REFERENCES `address` (`address_id`),
  CONSTRAINT `employee_ibfk_2` FOREIGN KEY (`restaurant_id`) REFERENCES `restaurant` (`restaurant_id`)
) ENGINE=InnoDB DEFAULT CHARSET=utf8mb4 COLLATE=utf8mb4_unicode_ci;
/*!40101 SET character_set_client = @saved_cs_client */;

--
-- Dumping data for table `employee`
--

LOCK TABLES `employee` WRITE;
/*!40000 ALTER TABLE `employee` DISABLE KEYS */;
INSERT INTO `employee` VALUES (0,'Aud','Olsen','joergensenmarius@gmail.com','92616211','1966-02-04',21,2,497771,'2018-02-07'),(1,'Andreas','Brekke','imadsen@yahoo.com','90380220','1994-06-14',64,2,403062,'2018-07-26'),(2,'Britt','Tveit','tkristoffersen@ruud-edvardsen.org','12 47 42 43','1962-06-15',41,0,485657,'2017-11-28'),(3,'Reidun','Danielsen','solveig66@moen-martinsen.com','42027124','1977-07-29',71,2,440268,'2018-05-13'),(4,'Olav','Amundsen','ruudlinn@gmail.com','+47137306463','1974-06-20',78,2,417004,'2018-05-21'),(5,'Tobias','Fredriksen','christian97@hotmail.com','947 47 413','1966-12-01',5,1,318006,'2018-06-20'),(6,'Julie','Nielsen','onielsen@johannessen.no','96558067','1966-12-23',47,2,407058,'2018-09-19'),(7,'Line','Haugland','kenneth15@yahoo.com','973 82 816','1965-03-20',5,2,460420,'2017-11-20'),(8,'Kari','Johansen','eliassenjohan@dahl-oedegaard.org','925 18 609','1985-05-24',9,1,359748,'2018-05-27'),(9,'Kenneth','Kristiansen','henriksensindre@fredriksen.com','+47755180205','1953-01-03',79,0,390750,'2018-06-10'),(10,'Tove','Christensen','bjoernbakken@kristiansen-iversen.no','39110066','1983-04-28',66,2,399558,'2018-05-06'),(11,'Andreas','Ødegård','hthorsen@bakke.no','54532231','1974-01-14',75,1,313748,'2017-12-31'),(12,'Håvard','Jørgensen','asbjoernbrekke@gmail.com','84140138','1963-01-11',3,1,321018,'2018-03-11'),(13,'Cecilie','Strøm','maritholm@yahoo.com','74141110','1980-01-27',37,1,389208,'2018-05-29'),(14,'Grete','Haugland','hanskristensen@ruud.com','995 54 226','1962-01-01',18,1,477449,'2018-02-22'),(15,'Knut','Nilsen','moentove@hotmail.com','955 72 736','1980-09-29',96,2,363446,'2018-07-05'),(16,'Elise','Helland','msolberg@knutsen-svendsen.net','56121206','1976-11-05',88,0,493367,'2018-10-01'),(17,'Karen','Engen','aase93@svendsen.no','86399295','1970-03-02',45,2,397363,'2018-09-22'),(18,'Jens','Engen','solbergmay@hotmail.com','+47114287035','1968-08-05',53,0,319572,'2017-12-09'),(19,'Wenche','Vik','mpettersen@eide.no','17 19 06 71','1969-01-22',81,0,355645,'2017-11-23'),(20,'Morten','Hanssen','hagenheidi@moe.com','46953158','1963-03-19',99,0,458637,'2018-02-24'),(21,'Vidar','Kristensen','gundersenellen@nguyen.no','07 61 67 40','1973-12-08',79,2,491534,'2018-08-01'),(22,'Marte','Rasmussen','lsandvik@andresen.no','70071314','1974-12-14',18,2,334734,'2017-11-25'),(23,'Synnøve','Sørensen','marte00@henriksen-oedegaard.no','992 73 557','1968-05-03',86,1,470720,'2018-04-08'),(24,'Anna','Abrahamsen','gulbrandseneva@hotmail.com','40668547','1990-09-12',95,0,457253,'2017-11-23'),(25,'Kim','Holm','egil21@yahoo.com','88835307','1951-06-15',59,1,456699,'2018-09-13'),(26,'Line','Strand','olav99@kristoffersen.com','968 54 825','1980-04-15',93,1,375604,'2018-08-25'),(27,'Sindre','Eliassen','sandvikjan@strand-ahmed.no','459 61 339','1997-11-17',50,1,396434,'2018-04-30'),(28,'Ellen','Gulbrandsen','anitaberntsen@hotmail.com','+47790482085','1985-04-17',29,1,302292,'2018-09-13'),(29,'Thor','Gulbrandsen','mkristoffersen@olsen.no','468 01 411','1958-11-27',40,2,369730,'2017-11-25');
/*!40000 ALTER TABLE `employee` ENABLE KEYS */;
UNLOCK TABLES;

--
-- Table structure for table `ingredient`
--

DROP TABLE IF EXISTS `ingredient`;
/*!40101 SET @saved_cs_client     = @@character_set_client */;
/*!40101 SET character_set_client = utf8 */;
CREATE TABLE `ingredient` (
  `ingredient_id` int(11) NOT NULL,
  `ingredient_name` varchar(128) COLLATE utf8mb4_unicode_ci DEFAULT NULL,
  `quantity_in_stock` int(11) DEFAULT NULL,
  PRIMARY KEY (`ingredient_id`)
) ENGINE=InnoDB DEFAULT CHARSET=utf8mb4 COLLATE=utf8mb4_unicode_ci;
/*!40101 SET character_set_client = @saved_cs_client */;

--
-- Dumping data for table `ingredient`
--

LOCK TABLES `ingredient` WRITE;
/*!40000 ALTER TABLE `ingredient` DISABLE KEYS */;
INSERT INTO `ingredient` VALUES (0,'Flour',NULL),(1,'Yeast',NULL),(2,'Olive oil',NULL),(3,'Tomato sauce',NULL),(4,'Mozzarella',NULL),(5,'Salami',NULL),(6,'Chili',NULL),(7,'Ruccola',NULL),(8,'Prosciutto',NULL),(9,'Onion',NULL),(10,'Garlic',NULL),(11,'Minced beef',NULL),(12,'Bolognese sauce',NULL),(13,'Spaghetti',NULL),(14,'Parmesan',NULL),(15,'Bacon',NULL),(16,'Egg',NULL),(17,'Spaghetti',NULL),(18,'Romaine salad',NULL),(19,'Caesar dressing',NULL),(20,'Chicken',NULL),(21,'Brioche buns',NULL),(22,'Cheddar',NULL),(23,'Lettuce',NULL),(24,'Burger dressing',NULL);
/*!40000 ALTER TABLE `ingredient` ENABLE KEYS */;
UNLOCK TABLES;

--
-- Table structure for table `ingredient_in_course`
--

DROP TABLE IF EXISTS `ingredient_in_course`;
/*!40101 SET @saved_cs_client     = @@character_set_client */;
/*!40101 SET character_set_client = utf8 */;
CREATE TABLE `ingredient_in_course` (
  `course_id` int(11) NOT NULL,
  `ingredient_id` int(11) NOT NULL,
  PRIMARY KEY (`course_id`,`ingredient_id`),
  KEY `ingredient_id` (`ingredient_id`),
  CONSTRAINT `ingredient_in_course_ibfk_1` FOREIGN KEY (`course_id`) REFERENCES `course` (`course_id`),
  CONSTRAINT `ingredient_in_course_ibfk_2` FOREIGN KEY (`ingredient_id`) REFERENCES `ingredient` (`ingredient_id`)
) ENGINE=InnoDB DEFAULT CHARSET=utf8mb4 COLLATE=utf8mb4_unicode_ci;
/*!40101 SET character_set_client = @saved_cs_client */;

--
-- Dumping data for table `ingredient_in_course`
--

LOCK TABLES `ingredient_in_course` WRITE;
/*!40000 ALTER TABLE `ingredient_in_course` DISABLE KEYS */;
INSERT INTO `ingredient_in_course` VALUES (1,0),(2,0),(9,0),(10,0),(4,1),(3,2),(0,3),(5,3),(6,6),(7,6),(8,6),(11,6),(5,7),(11,7),(7,8),(8,8),(0,9),(2,10),(6,10),(9,10),(1,11),(10,11),(3,12),(4,12),(8,13),(1,14),(4,14),(2,15),(7,15),(3,16),(11,16),(0,17),(5,17),(9,17),(10,17),(6,18),(0,19),(8,19),(9,19),(4,21),(7,21),(10,21),(11,21),(3,22),(2,23),(6,23),(1,24),(5,24);
/*!40000 ALTER TABLE `ingredient_in_course` ENABLE KEYS */;
UNLOCK TABLES;

--
-- Table structure for table `purchase`
--

DROP TABLE IF EXISTS `purchase`;
/*!40101 SET @saved_cs_client     = @@character_set_client */;
/*!40101 SET character_set_client = utf8 */;
CREATE TABLE `purchase` (
  `purchase_id` int(11) NOT NULL,
  `purchase_time` datetime DEFAULT NULL,
  `price` double DEFAULT NULL,
  `order_ready` datetime DEFAULT NULL,
  `order_delivered` datetime DEFAULT NULL,
  `delivery_method` varchar(128) COLLATE utf8mb4_unicode_ci DEFAULT NULL,
  `address_id` int(11) DEFAULT NULL,
  `amount` double DEFAULT NULL,
  `tips` double DEFAULT NULL,
  `discount` double DEFAULT NULL,
  `customer_id` int(11) DEFAULT NULL,
  `payment_id` int(11) DEFAULT NULL,
  PRIMARY KEY (`purchase_id`),
  KEY `address_id` (`address_id`),
  KEY `customer_id` (`customer_id`),
  CONSTRAINT `purchase_ibfk_1` FOREIGN KEY (`address_id`) REFERENCES `address` (`address_id`),
  CONSTRAINT `purchase_ibfk_2` FOREIGN KEY (`customer_id`) REFERENCES `customer` (`customer_id`)
) ENGINE=InnoDB DEFAULT CHARSET=utf8mb4 COLLATE=utf8mb4_unicode_ci;
/*!40101 SET character_set_client = @saved_cs_client */;

--
-- Dumping data for table `purchase`
--

LOCK TABLES `purchase` WRITE;
/*!40000 ALTER TABLE `purchase` DISABLE KEYS */;
INSERT INTO `purchase` VALUES (0,'2017-12-28 05:52:00',137,'2018-02-06 09:45:01','2017-12-03 04:35:29','Pickup',60,137.1392062685311,25,0.15346168970042534,173,498),(1,'2017-11-25 20:31:15',496,'2018-08-09 13:14:48','2018-10-08 09:54:19','Cycle',40,451.21654483563856,83,0.22069681375537387,143,465),(2,'2018-08-05 07:58:44',492,'2017-12-19 13:46:04','2018-10-23 06:56:42','Drone',83,507.82807767388545,53,0.06820536206626532,132,28),(3,'2018-08-15 19:06:50',717,'2018-09-02 03:46:00','2018-05-15 17:51:57','Cycle',24,674.2055673140827,80,0.15407080638132656,80,48),(4,'2018-05-21 12:44:59',511,'2018-04-13 14:14:09','2018-07-16 12:04:26','Drone',37,536.1486172208278,79,0.09127353013419026,99,421),(5,'2018-03-31 05:26:12',517,'2018-06-19 21:59:16','2017-11-17 21:29:16','Car',21,560.5172039048125,86,0.0704523981678068,116,290),(6,'2017-12-02 07:55:48',466,'2017-11-21 18:46:03','2017-12-09 01:30:50','Pickup',7,428.5905693847809,25,0.1271067833303851,96,290),(7,'2018-04-24 08:23:13',564,'2018-05-01 10:50:59','2018-05-23 22:59:11','Pickup',30,491.515385103491,74,0.22959970986913633,96,155),(8,'2018-06-14 12:16:35',479,'2018-07-07 13:51:00','2017-11-01 15:45:00','Cycle',28,407.5078445925407,52,0.23256526442082723,83,284),(9,'2018-09-29 04:11:48',551,'2018-04-19 03:53:07','2018-06-09 07:52:47','Inhouse',80,459.2953935925203,40,0.2228504338536035,190,414),(10,'2018-06-20 10:00:37',268,'2018-04-04 07:38:47','2018-07-26 00:59:28','Cycle',22,285.8774150132245,92,0.2058960694077098,103,230),(11,'2018-07-08 05:22:05',365,'2018-06-10 19:45:57','2018-05-19 13:32:41','Inhouse',21,430.03968009687446,97,0.06917818160849684,133,233),(12,'2017-11-29 00:23:49',978,'2017-12-16 12:55:14','2018-03-29 04:22:45','Inhouse',7,812.4743547068208,62,0.21877465893574918,163,154),(13,'2017-11-10 00:33:38',868,'2018-01-30 23:40:51','2018-02-16 17:52:56','Drone',79,810.2015836467604,27,0.09474683391423422,148,36),(14,'2017-12-26 17:46:45',292,'2017-11-17 09:26:46','2018-06-13 22:40:39','Cycle',47,235.04921779572297,19,0.24421473377581038,74,92),(15,'2018-02-04 05:24:47',692,'2018-09-11 16:14:44','2017-12-27 00:43:19','Drone',6,677.2073785428594,68,0.10893765981202705,61,294),(16,'2017-12-08 01:24:53',691,'2018-03-06 15:26:33','2017-11-27 23:58:01','Drone',12,694.8190110916187,98,0.11936753980783435,40,498),(17,'2018-07-27 07:31:51',721,'2018-06-02 08:14:13','2017-12-12 23:17:24','Pickup',16,706.1200637000593,6,0.02872068266841918,31,241),(18,'2017-11-30 13:35:55',478,'2018-02-13 01:26:21','2017-12-11 23:08:40','Inhouse',10,383.28156576471997,13,0.21938581310647662,199,105),(19,'2017-11-28 00:54:45',237,'2018-05-11 06:43:31','2018-09-17 21:24:07','Car',93,250.77422647919997,40,0.09467788274657055,108,351),(20,'2017-11-04 10:57:17',917,'2018-06-02 11:54:30','2018-09-10 21:00:42','Drone',29,802.7879528494548,37,0.1585031940781396,16,160),(21,'2017-11-03 17:45:24',148,'2018-03-21 15:31:45','2018-09-28 01:42:05','Drone',67,143.8263137148313,26,0.17341199014464778,95,340),(22,'2018-05-20 06:43:40',637,'2018-03-31 14:34:00','2018-03-01 07:11:51','Cycle',87,571.7990787447002,63,0.18314417322185697,42,94),(23,'2018-03-02 00:38:43',423,'2018-05-08 15:47:31','2017-11-03 15:34:42','Cycle',99,497.39282853951613,77,0.005214342920967813,131,168),(24,'2018-05-01 06:35:20',724,'2017-11-26 00:58:49','2018-07-25 03:20:50','Inhouse',55,682.4759326775694,46,0.11366761989926061,20,388),(25,'2018-06-19 19:43:38',776,'2018-05-08 08:43:38','2018-07-27 15:30:42','Car',13,683.8881410260195,37,0.1588091746297423,181,165),(26,'2017-11-30 16:35:35',238,'2018-08-03 20:24:23','2018-07-17 06:15:17','Inhouse',48,268.67676035541854,50,0.06709458209924121,1,208),(27,'2018-09-28 01:49:24',973,'2018-10-15 08:42:43','2018-09-06 12:49:59','Car',72,823.2425190645703,3,0.15651381243384185,142,401),(28,'2018-02-26 18:22:35',164,'2018-07-23 13:15:37','2018-04-01 05:21:45','Cycle',46,234.23822303201374,74,0.015805785579774162,183,449),(29,'2018-05-20 10:21:32',600,'2017-11-07 21:38:51','2018-02-27 10:10:42','Inhouse',87,506.8222605320986,5,0.1622772553188453,4,317),(30,'2018-09-07 06:00:41',648,'2018-01-14 05:49:59','2018-07-06 16:33:20','Car',97,693.6064452331398,86,0.055032090963024805,30,197),(31,'2018-06-19 22:11:11',383,'2018-08-13 16:06:29','2018-09-12 17:20:51','Pickup',32,384.93799767537877,64,0.13884116851145686,76,337),(32,'2018-10-24 10:37:39',907,'2018-04-11 00:13:47','2018-09-17 22:27:24','Car',37,972.4017281480831,81,0.015787724546474535,85,343),(33,'2018-09-26 21:07:11',979,'2018-09-21 23:31:16','2018-05-11 18:19:42','Inhouse',58,913.631841049301,43,0.10603538057798331,106,276),(34,'2018-03-21 18:18:39',432,'2018-05-14 00:44:27','2018-01-03 15:35:54','Pickup',92,412.9449338939181,95,0.21642327534360883,51,402),(35,'2018-09-18 05:43:27',378,'2018-05-20 20:21:13','2018-07-14 19:52:36','Drone',67,317.0750759282284,1,0.16339030098092774,164,15),(36,'2018-05-09 21:48:35',578,'2018-08-01 16:44:28','2018-03-29 18:37:03','Inhouse',74,538.6287265673717,0,0.06811639002184827,13,305),(37,'2017-12-19 05:46:19',716,'2018-09-02 14:53:31','2018-03-02 11:11:03','Inhouse',57,686.9477474673381,52,0.10553678715190351,60,461),(38,'2018-07-25 12:07:08',694,'2018-01-12 04:45:45','2018-09-08 15:15:14','Inhouse',33,658.458209689728,4,0.056650129384343745,2,107),(39,'2018-01-05 23:53:45',751,'2018-04-07 23:44:35','2017-11-21 18:13:50','Drone',70,745.2586421873757,77,0.09992917610220334,6,96),(40,'2018-10-15 16:03:26',762,'2018-09-22 19:46:15','2017-12-12 18:54:21','Cycle',13,637.159130320496,18,0.18312932010192814,136,447),(41,'2018-07-09 14:07:06',181,'2018-03-07 17:37:35','2018-09-15 13:55:41','Drone',4,186.41597954382263,11,0.02908343987592385,51,206),(42,'2018-01-10 21:02:17',759,'2018-10-01 21:35:13','2018-04-28 14:27:04','Pickup',93,656.4044438768298,50,0.18862244267388162,84,339),(43,'2018-04-16 22:20:00',701,'2017-12-24 05:36:35','2018-01-23 07:08:31','Drone',69,733.2438308488976,43,0.014457216600944095,104,227),(44,'2018-03-24 15:42:39',777,'2018-09-17 03:24:04','2018-04-26 15:20:23','Drone',65,715.5211856018016,28,0.11115380670583652,184,185),(45,'2018-08-08 14:55:24',977,'2017-12-10 01:13:50','2018-02-23 19:53:51','Car',84,876.2475755657895,64,0.1582636161711917,83,352),(46,'2018-08-23 07:31:12',678,'2018-07-18 13:31:38','2018-09-22 10:49:41','Car',34,626.971270599658,36,0.12188897675117913,125,184),(47,'2018-06-11 16:38:09',578,'2018-01-09 16:26:27','2018-06-15 21:37:24','Pickup',23,468.65123032913533,41,0.24288977329703493,27,140),(48,'2018-04-02 07:00:57',519,'2018-04-11 06:17:34','2018-06-09 15:54:16','Drone',64,429.73256597085435,37,0.22709970149126912,148,301),(49,'2018-07-10 15:18:56',374,'2018-07-31 22:00:26','2018-02-09 00:00:22','Car',70,398.90159603256484,34,0.0223000097241057,11,244),(50,'2018-08-01 21:12:04',865,'2017-12-30 00:33:47','2018-04-19 16:49:20','Inhouse',69,805.3671520074072,41,0.11107378365628354,14,126),(51,'2018-04-24 03:00:12',131,'2017-12-13 04:41:12','2018-03-23 20:11:21','Drone',50,153.4609887598648,26,0.022541472867103174,197,187),(52,'2018-09-26 18:02:42',833,'2018-01-03 18:54:48','2018-01-17 01:05:08','Cycle',90,687.98141910988,42,0.21373552101728,182,100),(53,'2018-02-08 19:13:19',707,'2018-09-29 13:53:56','2018-07-12 21:54:15','Cycle',46,605.1089477006249,69,0.22022042822084434,71,453),(54,'2018-01-13 00:09:52',625,'2017-11-04 04:10:40','2018-01-16 12:29:01','Car',59,622.5574728458507,83,0.12068153552845953,10,217),(55,'2018-09-16 15:47:44',126,'2018-09-02 01:05:23','2018-04-03 17:38:05','Cycle',23,146.80039676205155,25,0.02781194197316858,67,266),(56,'2018-02-26 22:47:05',832,'2018-04-17 20:59:16','2018-10-18 00:13:38','Pickup',37,707.6843152234445,54,0.2012592378967895,126,393),(57,'2018-09-07 07:47:06',170,'2018-03-02 23:57:46','2017-12-13 02:36:25','Inhouse',25,177.11577457789627,64,0.24309498043634065,87,233),(58,'2018-04-07 16:38:37',197,'2018-05-23 11:03:33','2018-10-20 13:44:16','Drone',85,218.28427070941243,59,0.14732706754135774,127,200),(59,'2018-08-28 08:31:57',807,'2018-08-27 17:49:48','2018-05-12 22:11:18','Drone',28,781.6627444926438,36,0.07276068268962779,8,265),(60,'2018-10-18 05:01:57',635,'2018-01-08 16:05:18','2018-01-21 06:28:25','Pickup',63,646.1055277812221,65,0.07699210316968275,66,255),(61,'2018-06-27 15:08:14',804,'2018-03-23 16:28:52','2017-11-01 15:21:49','Pickup',31,669.6032299086622,67,0.23122476474321224,114,270),(62,'2018-04-18 05:43:39',652,'2018-09-02 09:40:40','2018-03-09 04:18:45','Inhouse',10,598.6499240327793,13,0.0997745503266477,199,415),(63,'2018-10-20 13:35:04',824,'2018-09-02 15:31:37','2018-05-09 11:28:05','Car',89,836.0811085953902,25,0.015216597649717029,99,155),(64,'2017-11-18 00:20:33',350,'2018-10-10 16:32:03','2018-07-20 02:54:00','Pickup',92,310.17073261069487,50,0.2245731684732628,48,99),(65,'2018-07-10 13:01:32',237,'2018-08-11 23:23:52','2018-08-17 11:24:33','Inhouse',97,205.37769989483868,31,0.23366529889985566,77,141),(66,'2018-10-06 01:18:45',634,'2018-05-11 13:38:22','2018-08-14 09:31:50','Car',79,638.5455000760745,26,0.032506818066553755,75,199),(67,'2018-01-18 14:01:55',422,'2018-10-17 05:40:15','2018-07-18 10:40:12','Pickup',21,457.11868204156366,93,0.11239090865715795,194,74),(68,'2018-07-04 04:23:21',657,'2018-02-07 03:47:33','2017-11-13 20:40:46','Cycle',21,624.1856760096821,55,0.12333472470550266,35,252),(69,'2017-12-25 21:55:31',923,'2018-04-21 03:50:13','2018-02-02 19:03:32','Pickup',29,898.9261227529381,57,0.08272844617047129,53,57),(70,'2018-07-01 05:39:51',364,'2018-06-07 10:58:50','2018-01-22 01:15:31','Drone',81,392.1219227215477,67,0.09020435563446003,72,106),(71,'2018-09-09 07:43:32',726,'2018-05-17 04:31:42','2018-03-04 14:39:36','Cycle',50,716.3498837574831,68,0.09779611617445447,168,203),(72,'2018-09-28 06:30:10',497,'2018-02-25 13:49:15','2018-01-30 16:25:24','Cycle',32,499.72159477727814,28,0.04814934328137496,42,69),(73,'2018-04-26 18:30:21',695,'2018-05-29 22:54:48','2018-05-07 21:13:02','Cycle',69,634.53271739292,17,0.10880236321219106,116,139),(74,'2017-11-22 18:27:51',545,'2018-01-13 16:14:20','2018-01-15 17:35:55','Drone',10,519.3457149707575,31,0.09835813373132368,17,160),(75,'2018-08-30 04:44:28',413,'2018-05-04 23:18:18','2018-10-29 19:39:01','Inhouse',5,428.8631467344076,92,0.15076604607047994,24,357),(76,'2018-09-25 17:29:17',122,'2017-12-02 03:15:06','2018-05-17 18:32:28','Cycle',29,114.26820102461559,8,0.1210138382721877,65,95),(77,'2018-01-29 13:57:42',198,'2017-11-04 05:47:46','2018-10-29 14:37:03','Inhouse',96,242.17751605256652,89,0.15617590225586575,193,385),(78,'2018-08-01 18:04:33',447,'2018-10-05 22:50:47','2018-06-19 08:45:32','Cycle',17,517.0159678271172,74,0.007646894765610007,119,228),(79,'2018-09-13 06:05:05',682,'2018-10-16 01:45:51','2017-11-02 18:21:34','Drone',56,527.6822036280854,12,0.2396510034177444,28,244),(80,'2018-01-01 00:35:40',267,'2018-04-30 19:34:02','2018-05-20 04:07:49','Pickup',44,264.16308646715737,57,0.18468183189148962,133,287),(81,'2017-11-07 08:57:43',122,'2018-06-07 14:36:18','2018-02-15 09:07:26','Car',98,115.21541476818224,26,0.2215174677825525,60,314),(82,'2018-04-02 21:31:12',124,'2018-07-19 07:11:16','2018-05-07 09:15:11','Pickup',0,127.89553942196396,16,0.08646043270025736,60,23),(83,'2018-10-10 02:13:43',251,'2018-05-18 16:42:42','2018-05-21 14:47:12','Pickup',96,265.81028200677076,84,0.20653647162157981,20,159),(84,'2018-06-19 13:07:40',970,'2018-01-14 23:43:11','2018-07-07 20:04:49','Drone',46,826.6153081298761,43,0.1839927856565883,16,131),(85,'2018-04-25 00:47:18',380,'2018-09-03 17:44:48','2018-10-20 13:41:13','Cycle',49,393.93125241633084,87,0.1564641275881567,33,42),(86,'2017-11-11 09:55:03',131,'2018-10-20 11:21:35','2018-08-03 08:14:56','Car',4,128.22424558835593,31,0.2084923111829881,156,77),(87,'2018-09-23 09:27:38',197,'2018-01-12 09:07:40','2018-02-09 09:51:59','Drone',66,202.38330147442352,54,0.1936920259983127,182,460),(88,'2018-07-23 10:35:43',462,'2018-04-20 11:40:11','2018-05-24 12:17:21','Car',50,491.07323877049066,74,0.08381858438341291,150,25),(89,'2018-09-27 13:20:42',545,'2018-03-08 18:07:00','2018-02-13 16:23:06','Car',93,438.6022257220317,38,0.24768057337558888,183,371),(90,'2018-05-22 12:19:52',694,'2017-11-21 07:24:46','2018-06-18 14:10:05','Cycle',76,701.6193596633284,22,0.020084693207641946,114,47),(91,'2018-03-14 14:16:13',993,'2018-05-09 10:12:38','2018-05-28 14:32:21','Drone',57,894.2556835211068,36,0.1309468576082539,155,273),(92,'2018-06-11 19:25:35',881,'2018-10-09 05:48:37','2018-04-17 05:06:36','Inhouse',67,908.0470267296264,87,0.061934889742121496,54,200),(93,'2018-03-18 15:07:11',562,'2018-09-07 21:40:46','2018-09-04 06:39:24','Cycle',33,507.4241905436575,76,0.2046642781447374,28,154),(94,'2018-01-05 05:16:09',938,'2018-02-21 03:52:14','2018-01-16 12:22:12','Inhouse',32,897.9316059999643,52,0.09299837777781383,116,190),(95,'2018-04-14 22:14:26',409,'2018-07-18 23:35:52','2018-01-02 14:23:33','Inhouse',78,491.18705242350256,94,0.023484985241545603,73,310),(96,'2018-05-14 02:26:13',754,'2018-07-20 10:55:22','2018-01-29 11:11:01','Drone',21,709.9092966676668,86,0.1548698849194443,194,419),(97,'2017-11-10 09:18:32',292,'2018-09-13 03:27:11','2017-12-25 22:30:46','Inhouse',48,289.1550906356754,76,0.21425247109870824,179,181),(98,'2018-04-12 10:26:17',963,'2018-10-26 02:10:58','2018-10-20 17:15:09','Inhouse',45,767.5945742641054,43,0.23698352458836436,148,371),(99,'2018-06-29 02:12:00',380,'2017-11-06 00:27:44','2018-08-09 02:38:42','Drone',28,379.5550451344704,81,0.176670184090086,116,454),(100,'2018-04-05 05:21:18',119,'2018-03-25 07:28:09','2017-12-14 16:24:49','Inhouse',63,157.60686826146454,90,0.2459001518590214,26,451),(101,'2018-02-05 00:29:14',703,'2018-09-15 11:05:49','2018-01-05 16:36:06','Pickup',33,720.5482910778936,40,0.030217643232983038,88,285),(102,'2017-11-03 14:43:46',537,'2018-03-13 07:45:37','2018-03-30 12:39:04','Car',39,556.5320698227935,24,0.007964224914806584,191,304),(103,'2018-02-27 15:02:42',897,'2018-09-23 03:29:02','2018-09-10 07:57:53','Drone',57,843.2008891288983,32,0.09235641643821493,81,122),(104,'2018-10-03 23:28:33',285,'2018-01-10 04:14:58','2018-09-26 11:43:38','Cycle',61,271.0759298409355,53,0.19800020757119688,72,264),(105,'2018-03-12 05:39:32',413,'2018-09-06 23:10:53','2018-09-08 01:16:42','Car',96,415.0168180197522,73,0.14605593000050987,166,143),(106,'2018-07-27 15:31:50',654,'2018-04-05 03:01:02','2018-01-12 04:40:37','Drone',23,611.4931087811709,46,0.12643841602689862,197,153),(107,'2018-04-08 00:40:42',700,'2018-10-25 07:15:40','2018-09-23 06:03:20','Inhouse',17,683.5007359705469,88,0.13261327922519425,6,479),(108,'2018-05-14 18:25:35',888,'2018-07-26 22:12:09','2018-03-09 18:14:26','Car',66,819.014879654226,8,0.08592089324305133,135,15),(109,'2018-02-06 01:46:46',206,'2017-12-19 18:14:58','2018-02-24 07:45:27','Drone',69,187.40485981155072,37,0.22878658513765132,162,169),(110,'2018-10-15 04:16:03',939,'2018-07-30 05:45:00','2018-07-09 02:09:02','Inhouse',16,893.8547536066366,61,0.1061452463933634,105,206),(111,'2017-11-16 23:43:14',908,'2018-02-05 21:54:40','2018-10-08 05:22:09','Cycle',84,875.8642465223915,69,0.10351663610809467,154,419),(112,'2018-03-25 02:57:44',435,'2018-01-26 18:49:52','2018-06-19 09:05:36','Drone',23,390.7763742803601,67,0.2215610074096413,4,411),(113,'2018-10-19 14:44:14',392,'2018-07-16 10:45:19','2018-07-22 20:53:09','Car',79,356.95525698121014,51,0.19423192555031576,184,486),(114,'2018-01-09 04:19:05',979,'2017-11-22 11:56:30','2018-09-30 14:42:11','Cycle',21,1020.0012334522298,61,0.019229583219009805,127,142),(115,'2018-08-26 10:02:36',984,'2018-08-08 15:03:08','2018-04-12 01:56:57','Pickup',98,900.4598766994642,88,0.1600187717355744,12,405),(116,'2018-04-13 02:25:27',770,'2018-02-16 12:00:53','2018-10-21 15:32:00','Drone',83,698.9519383671922,82,0.17963387515587767,199,31),(117,'2018-08-31 15:07:50',146,'2018-06-05 16:18:32','2018-06-09 22:46:23','Cycle',40,171.75604591407625,81,0.24336543650186665,13,151),(118,'2018-08-20 14:02:56',843,'2018-07-05 19:33:01','2018-06-10 09:27:18','Drone',75,839.3178721678339,45,0.05482221602721399,128,317),(119,'2018-09-30 04:48:01',243,'2018-07-01 13:19:41','2018-02-02 23:14:54','Pickup',54,286.501454031534,76,0.10187631965036353,156,249),(120,'2018-10-21 18:31:18',370,'2018-07-30 05:03:09','2018-01-18 10:20:23','Car',22,332.026013551364,5,0.11459729719636266,8,203),(121,'2018-02-06 04:15:57',928,'2018-01-12 02:58:22','2017-11-26 15:25:13','Pickup',9,775.5428569112311,9,0.17231285281618874,168,131),(122,'2018-02-07 21:36:01',329,'2018-01-07 11:34:31','2018-08-25 22:58:20','Car',30,371.1756028181347,83,0.09908834267443037,111,165),(123,'2018-08-25 06:05:36',129,'2017-11-18 10:47:44','2018-02-11 09:08:34','Pickup',25,187.63097857546813,69,0.052368795073393204,85,437),(124,'2018-08-15 16:25:48',642,'2018-05-13 13:31:28','2018-03-01 13:54:54','Cycle',84,566.2482989263693,37,0.16605552440888172,95,123),(125,'2018-05-31 08:31:59',672,'2018-07-31 13:48:31','2017-12-04 00:51:34','Car',20,608.0172252486101,79,0.19038984653980018,175,131),(126,'2018-04-14 09:28:43',149,'2018-03-13 12:55:45','2018-06-08 05:41:05','Inhouse',35,176.95180961081087,72,0.1993130786841137,146,339),(127,'2018-08-06 18:28:50',242,'2017-12-21 13:49:00','2018-01-16 12:27:22','Cycle',28,252.08712590157586,12,0.0075310003874966835,35,14),(128,'2018-02-15 21:33:10',123,'2018-06-23 04:28:42','2018-10-07 15:38:18','Drone',42,137.91226815706955,52,0.21192989624531686,166,176),(129,'2018-06-08 19:03:49',257,'2018-10-09 07:49:04','2018-04-11 11:18:38','Drone',32,307.86053020468324,63,0.03793584311036488,89,275),(130,'2018-07-05 21:07:57',459,'2018-04-22 11:07:43','2017-12-07 04:49:05','Cycle',15,429.7199718706012,63,0.17678166308313933,118,337),(131,'2018-05-19 15:41:42',371,'2018-06-26 19:45:10','2018-09-30 11:19:08','Car',56,352.568148765615,2,0.05477708105733245,67,491),(132,'2018-03-16 15:38:04',162,'2017-11-18 23:10:52','2018-10-08 10:53:20','Car',30,173.12538844381646,39,0.13867965948350022,123,499),(133,'2018-06-20 09:44:18',484,'2018-05-06 10:48:57','2018-01-27 05:17:04','Car',64,414.3661551656614,35,0.20160663744573912,11,299),(134,'2018-10-04 19:48:27',974,'2018-03-07 11:54:40','2018-01-22 18:38:41','Car',7,837.4702223487317,65,0.19396513729669718,188,45),(135,'2018-10-26 00:36:37',207,'2018-02-22 11:16:57','2018-09-03 12:04:40','Inhouse',91,196.69099896785255,40,0.20368016612205445,97,301),(136,'2018-10-27 02:03:06',896,'2018-09-22 21:17:19','2017-11-23 08:10:11','Drone',80,899.5429999764093,89,0.08675837565846764,183,131),(137,'2018-02-16 05:29:41',309,'2018-08-16 02:50:39','2018-03-30 23:47:55','Drone',69,302.9545854078667,67,0.19426971965992906,15,255),(138,'2018-02-06 10:05:39',467,'2017-11-04 18:37:00','2018-09-05 05:29:19','Car',15,448.0377766664962,69,0.16410862562220865,41,347),(139,'2018-08-15 16:22:56',828,'2018-07-03 08:34:14','2018-04-26 06:40:50','Pickup',9,808.5857925179054,53,0.08219546819761023,143,341),(140,'2018-06-04 09:42:33',747,'2018-09-16 21:41:16','2018-01-20 06:09:53','Car',70,738.2406432143831,9,0.023491212679387308,143,346),(141,'2018-03-10 13:15:21',560,'2018-05-24 18:22:44','2017-11-05 02:42:12','Pickup',68,528.7798759009665,44,0.12453662930303558,51,5),(142,'2017-11-09 17:50:48',393,'2018-07-03 04:41:50','2018-03-04 21:40:00','Pickup',17,401.4379045647631,33,0.05765750102168293,166,260),(143,'2018-01-21 16:18:56',164,'2017-11-06 05:49:22','2018-06-07 18:33:30','Drone',55,191.04587453213352,70,0.1835646387515661,178,126),(144,'2017-11-07 21:38:04',936,'2018-09-20 03:11:15','2018-03-25 03:43:15','Drone',52,719.279384448585,20,0.24761570664373952,18,265),(145,'2018-10-28 14:51:03',253,'2018-01-11 12:00:54','2018-07-02 17:28:21','Cycle',33,247.92822277657189,45,0.168026098065195,196,272),(146,'2018-02-08 02:38:17',257,'2018-05-01 18:08:30','2018-04-24 16:40:22','Cycle',64,270.547293914664,46,0.10710464054566327,136,475),(147,'2018-07-10 21:06:42',192,'2018-05-04 01:03:07','2018-10-01 05:40:30','Car',18,256.2083633982911,66,0.006944327913600473,172,219),(148,'2018-07-22 12:57:37',302,'2018-07-26 00:16:01','2018-09-21 06:39:42','Pickup',78,307.72094755305324,38,0.09493838954984349,27,229),(149,'2018-06-04 01:34:38',735,'2018-05-06 03:06:56','2018-03-07 09:55:30','Drone',13,668.1493352883883,28,0.12431279778717116,71,295),(150,'2018-02-21 17:04:34',879,'2017-11-06 19:58:07','2018-04-04 22:11:30','Pickup',15,821.3878803966513,94,0.15581923905791226,172,71),(151,'2018-03-20 02:28:21',901,'2018-08-04 10:40:45','2018-04-19 14:11:44','Cycle',49,779.7984202961904,64,0.19191873544436222,170,171),(152,'2018-03-25 21:35:46',624,'2018-03-31 02:50:42','2017-11-14 18:59:08','Inhouse',5,586.9849608959719,25,0.09555475979049013,164,476),(153,'2018-07-03 00:01:25',194,'2017-12-10 15:20:28','2018-08-10 15:57:12','Drone',35,197.49702177410606,59,0.21937936057665583,107,468),(154,'2018-06-23 02:53:07',371,'2017-12-08 16:07:16','2017-12-23 04:03:52','Pickup',20,401.8449705287413,99,0.14501070100267796,74,159),(155,'2018-07-09 16:33:37',968,'2018-09-23 05:15:16','2018-06-06 21:14:41','Pickup',78,864.0544443954271,27,0.13160357347193258,87,52),(156,'2018-06-11 03:30:55',214,'2018-03-01 22:18:16','2018-02-26 00:23:16','Cycle',50,268.7917150954308,73,0.06344350140964888,78,217),(157,'2018-06-22 18:31:34',898,'2018-05-26 15:30:24','2018-04-28 10:24:12','Cycle',94,726.1651090048347,6,0.19672001216279358,199,134),(158,'2018-02-18 05:08:23',249,'2017-12-16 02:09:13','2017-12-31 07:31:28','Inhouse',90,315.985905846941,82,0.045359801066643474,163,26),(159,'2018-03-29 04:13:56',940,'2018-04-01 12:38:44','2018-06-21 10:28:38','Cycle',44,1005.9705044427277,75,0.008896054736228898,124,95),(160,'2018-02-26 06:23:22',362,'2018-08-13 04:59:32','2018-01-23 09:10:23','Inhouse',13,369.3571172250215,45,0.09248865546677759,8,289),(161,'2018-05-14 17:53:24',936,'2018-03-16 21:13:41','2018-03-04 14:40:11','Drone',41,795.8404082710665,96,0.228836813690827,75,221),(162,'2018-10-13 19:07:01',691,'2018-03-12 06:14:03','2018-01-31 06:28:15','Car',27,663.5367071499518,91,0.15148758676476753,199,312),(163,'2018-04-19 23:53:59',787,'2018-09-28 01:01:16','2018-01-01 03:35:08','Pickup',64,591.8530706252837,2,0.24986936549393704,110,141),(164,'2017-12-29 01:51:38',99,'2017-11-05 09:56:46','2018-06-05 11:33:33','Pickup',13,138.83227072286704,64,0.14826827777382187,167,408),(165,'2018-05-25 01:11:43',441,'2018-10-13 18:39:51','2018-08-29 21:10:22','Car',91,416.5456723711064,55,0.16019017667115656,163,335),(166,'2018-02-08 17:59:36',522,'2017-11-05 20:55:03','2018-08-29 20:02:19','Inhouse',8,511.7632744352259,58,0.11764952683581745,178,328),(167,'2018-07-16 14:09:01',745,'2018-10-25 07:05:30','2018-06-27 09:49:52','Car',33,736.5827922904609,13,0.028254891437386714,157,462),(168,'2018-03-16 23:41:29',379,'2017-12-07 15:41:29','2018-04-06 02:32:29','Inhouse',68,356.9669076170701,58,0.18314208783279154,76,334),(169,'2017-12-12 18:48:16',764,'2018-08-10 13:56:35','2018-05-10 11:22:07','Cycle',19,709.9091195436409,92,0.1706669164209802,91,257),(170,'2018-10-03 22:57:59',829,'2018-10-09 10:09:47','2018-07-07 22:16:28','Inhouse',5,662.1712428533575,3,0.20412110233971448,5,237),(171,'2018-05-17 23:13:27',636,'2018-07-15 02:16:17','2018-06-30 00:28:51','Inhouse',15,647.1611711964022,64,0.07548404114799695,194,249),(172,'2018-04-11 00:41:11',479,'2018-09-28 09:20:57','2018-08-22 05:34:59','Cycle',84,539.2157201234623,90,0.05234495584628762,38,21),(173,'2018-08-19 09:37:05',159,'2018-08-24 23:24:12','2018-10-29 02:52:26','Pickup',15,214.79746695842329,61,0.02364787746171243,71,148),(174,'2017-11-15 02:52:02',917,'2018-07-04 13:32:33','2018-06-01 14:37:02','Inhouse',2,748.3931130652735,21,0.20213953830994302,116,460),(175,'2018-07-15 20:02:26',815,'2018-09-17 14:33:19','2017-11-19 03:57:51','Inhouse',62,797.4720917043028,9,0.03219406346565193,195,436),(176,'2018-10-28 15:17:03',124,'2018-01-10 10:13:59','2018-10-18 19:57:57','Drone',52,141.97597336809187,62,0.23668831522531258,85,102),(177,'2018-07-27 06:25:26',683,'2017-12-09 18:24:24','2018-02-16 10:48:42','Pickup',84,650.5883821469538,93,0.16161290960444097,83,298),(178,'2018-01-13 02:39:19',756,'2018-04-22 07:33:53','2018-02-13 11:36:40','Cycle',60,736.8604756652115,10,0.03804115448405804,106,267),(179,'2017-11-10 13:07:11',405,'2018-10-10 23:44:22','2018-03-20 16:50:00','Inhouse',19,336.0928795932009,37,0.23960886969864043,76,291),(180,'2018-09-25 11:07:26',681,'2017-12-31 23:28:21','2018-01-27 04:55:13','Drone',24,601.9143333437077,36,0.16050999533653054,170,459),(181,'2018-10-19 09:00:00',835,'2017-12-02 12:46:40','2018-03-12 07:37:15','Car',27,775.547396494043,31,0.10444873384059694,69,269),(182,'2018-02-26 22:57:45',448,'2018-09-20 21:27:16','2018-10-27 08:21:20','Pickup',19,410.90661975219683,47,0.16988561666222873,86,140),(183,'2018-10-04 16:32:01',300,'2018-01-27 14:54:37','2018-03-06 17:51:22','Car',99,345.5195687492269,64,0.05077041552410205,17,394),(184,'2017-11-26 09:05:36',979,'2018-10-28 04:10:08','2018-08-02 13:09:51','Inhouse',9,907.045262021727,79,0.142679336463396,165,484),(185,'2018-10-30 21:16:01',976,'2018-08-06 23:02:27','2018-03-04 11:01:30','Car',40,899.2133110758591,31,0.1070374269355917,89,482),(186,'2018-01-12 10:42:30',240,'2018-08-21 09:43:42','2018-04-28 11:20:31','Car',73,230.05461368216072,53,0.21483067002675532,161,53),(187,'2018-08-15 07:01:58',787,'2018-01-19 06:28:13','2018-03-04 20:13:24','Inhouse',46,710.4820272742836,87,0.18709150197450392,13,77),(188,'2018-06-05 11:57:39',684,'2018-09-05 05:30:54','2018-04-10 12:19:25','Pickup',27,664.7215977599079,39,0.08060636547730568,176,126),(189,'2017-12-21 15:18:26',480,'2018-04-15 22:53:49','2018-01-24 20:35:15','Cycle',99,495.3650761720937,58,0.07924707031209344,103,114),(190,'2018-05-24 18:42:41',833,'2018-02-07 03:43:55','2018-07-09 19:06:50','Car',66,756.7617496046635,6,0.09801936876678957,156,453),(191,'2018-04-22 03:39:58',880,'2018-04-01 22:44:14','2017-12-20 07:06:45','Drone',19,865.6618367297178,13,0.03061384464757247,4,267),(192,'2017-12-25 08:55:56',549,'2018-10-26 08:08:52','2018-01-14 05:33:19','Cycle',57,506.0253400098098,65,0.17585449509802964,70,258),(193,'2018-07-23 11:04:28',751,'2017-12-26 15:28:06','2018-07-19 01:37:42','Pickup',46,644.1174695877304,37,0.18259204367039297,95,499),(194,'2017-12-28 15:40:30',931,'2018-08-01 03:45:11','2017-11-11 20:06:35','Car',50,745.9113242187134,13,0.20983969892085438,97,485),(195,'2018-08-26 04:48:11',151,'2018-03-04 10:58:19','2018-07-22 17:22:51','Inhouse',1,161.79895283954193,31,0.11099476461790148,51,300),(196,'2018-01-25 20:35:20',493,'2017-11-05 01:47:22','2018-06-22 10:08:52','Inhouse',7,467.2510261178732,29,0.10488309172821217,191,52),(197,'2018-10-03 04:45:07',912,'2017-11-04 06:56:35','2018-02-17 11:46:49','Car',6,925.1799692113663,91,0.07758726898168869,48,270),(198,'2017-12-20 14:09:27',572,'2018-01-08 05:17:52','2018-05-13 19:34:07','Pickup',17,545.8324181207669,69,0.14846736642626066,26,188),(199,'2017-11-21 22:20:41',339,'2018-02-10 11:31:55','2018-02-28 15:44:16','Inhouse',70,290.4081848265696,42,0.2377737931061166,69,77),(200,'2018-07-02 16:27:04',336,'2017-11-28 20:15:15','2018-04-08 16:25:11','Drone',72,355.9861759355797,90,0.16435169968173774,5,122),(201,'2018-09-25 03:20:08',204,'2018-08-06 05:15:13','2017-12-14 04:15:56','Drone',72,194.87967240632025,28,0.16000141204172302,198,87),(202,'2018-02-18 11:34:29',669,'2018-01-30 20:45:54','2018-09-07 16:27:39','Cycle',87,676.2757589954596,94,0.11366217693910924,198,151),(203,'2018-01-31 21:19:07',911,'2018-05-30 19:23:39','2018-04-11 11:16:30','Pickup',34,840.1524381782527,72,0.14531796726525656,81,291),(204,'2018-10-02 05:03:44',889,'2018-09-29 21:30:37','2018-10-02 06:03:06','Cycle',55,870.2273755195108,0,0.021116562970179026,194,145),(205,'2018-09-27 14:50:38',711,'2018-06-28 20:09:25','2017-11-19 22:54:44','Drone',89,777.230505931914,81,0.018648351096068216,193,84),(206,'2018-04-14 15:53:44',949,'2018-01-07 11:33:05','2017-11-09 01:32:01','Car',37,902.1149178721842,68,0.11296468252489264,84,168),(207,'2018-08-30 13:43:43',396,'2018-02-23 23:41:22','2018-07-04 01:18:06','Pickup',25,374.70023155106736,88,0.22582596786969553,199,151),(208,'2018-02-06 08:17:23',308,'2018-03-08 13:52:16','2018-05-18 07:56:21','Inhouse',0,301.14767240728156,56,0.1726712296503255,195,248),(209,'2018-09-16 23:47:34',490,'2018-07-09 08:36:55','2017-12-09 10:11:25','Car',51,438.26908275456526,86,0.23911617577332417,166,317),(210,'2018-09-07 05:50:11',978,'2018-03-11 10:36:50','2018-08-21 05:38:25','Drone',40,839.8479187201408,90,0.21362554426953106,46,234),(211,'2018-01-20 17:51:43',741,'2018-08-19 18:36:33','2017-11-28 09:32:29','Pickup',1,693.8761233177797,31,0.1011967314536533,39,179),(212,'2018-05-20 22:44:05',575,'2018-05-29 01:35:10','2018-10-23 04:53:35','Car',17,479.0781662772235,10,0.1810629636286778,98,271),(213,'2018-05-12 10:17:36',189,'2018-09-17 07:35:11','2018-02-27 01:49:49','Pickup',97,199.74186362990307,21,0.048848268429033004,12,326),(214,'2018-05-27 17:35:44',426,'2017-11-15 09:49:00','2018-01-07 23:08:27','Drone',55,412.26396905326857,88,0.19793002129714282,78,355),(215,'2018-07-01 19:14:50',269,'2017-11-01 16:50:54','2018-03-09 23:27:23','Inhouse',18,260.50759464321436,61,0.21058304653571416,134,191),(216,'2018-03-03 01:45:05',331,'2018-02-03 19:27:36','2018-03-02 04:08:16','Drone',16,369.40612461382375,95,0.13284947273750292,80,52),(217,'2018-09-27 20:57:45',596,'2018-05-15 18:50:53','2017-12-15 04:36:43','Cycle',69,649.4817536401233,89,0.05185145453996595,164,178),(218,'2018-10-11 23:04:33',739,'2018-05-04 01:47:01','2018-01-10 14:36:46','Car',82,648.5612084466676,22,0.14775136866403737,11,399),(219,'2017-12-06 23:01:09',210,'2018-09-11 20:20:39','2017-12-28 18:46:47','Pickup',83,214.9719860260886,15,0.044568950995161866,92,89),(220,'2017-11-09 00:12:41',667,'2018-01-29 02:58:00','2018-08-14 02:43:22','Car',70,700.7096134830086,99,0.08523549153654222,35,469),(221,'2018-06-09 01:12:25',441,'2018-04-16 19:54:25','2018-04-30 03:23:16','Car',39,489.13338571290876,64,0.031419038192259885,12,237),(222,'2018-02-24 02:54:13',642,'2018-02-02 06:22:53','2018-02-11 06:18:28','Car',41,558.5381280377316,76,0.22209174368003962,93,420),(223,'2018-08-11 09:59:51',854,'2017-11-11 14:02:07','2018-07-05 07:20:11','Drone',98,665.6811155677752,2,0.2223351453647485,11,139),(224,'2018-08-26 19:24:08',691,'2018-06-17 15:57:31','2018-08-26 01:12:36','Pickup',75,730.2891203838561,99,0.07558339191916938,171,241),(225,'2018-08-19 18:12:17',237,'2018-06-10 10:42:36','2018-05-13 16:18:29','Inhouse',97,233.16443781594373,2,0.024416578175967624,161,466),(226,'2018-02-04 18:51:44',369,'2018-01-30 21:01:08','2018-04-03 09:57:03','Cycle',71,310.04945679364477,31,0.22487635801588812,162,325),(227,'2018-02-01 05:30:27',202,'2018-06-16 17:02:06','2017-11-16 17:56:21','Pickup',3,275.7410942537404,89,0.05243610222082326,111,110),(228,'2018-04-14 10:37:08',765,'2018-09-27 14:08:01','2018-08-11 15:49:11','Pickup',53,795.8924082240464,39,0.010084069373076598,39,39),(229,'2018-02-27 01:24:32',194,'2018-01-25 19:58:45','2018-09-07 09:58:32','Drone',54,209.01561124096,17,0.009404686061800893,109,127),(230,'2018-03-18 01:00:08',904,'2018-04-27 15:34:43','2018-01-12 10:07:19','Drone',72,724.3647852803615,52,0.24229624970673477,33,74),(231,'2018-04-08 02:04:00',314,'2017-11-11 11:07:33','2017-12-07 18:09:26','Inhouse',93,321.9947923786027,33,0.0720611170645454,7,388),(232,'2018-10-06 19:09:51',141,'2018-05-24 06:30:08','2018-08-08 04:43:42','Pickup',50,117.71563845984589,6,0.1992133438105722,179,135),(233,'2018-08-25 05:30:53',164,'2018-06-21 09:24:04','2018-06-10 00:43:19','Cycle',26,164.39179212050124,34,0.1697384236338321,162,346),(234,'2018-03-27 05:23:48',108,'2018-03-02 21:14:50','2017-12-25 13:02:17','Pickup',10,174.90812560142393,93,0.12981032039092583,170,30),(235,'2018-03-06 00:05:02',555,'2018-03-30 01:15:47','2018-05-07 05:36:23','Inhouse',5,461.7819544241129,49,0.23546034035742905,84,304),(236,'2017-11-23 04:40:50',176,'2018-10-16 22:33:54','2018-09-19 06:33:51','Inhouse',50,167.72930729341144,21,0.14858219648014492,161,309),(237,'2018-01-17 10:33:55',277,'2018-04-07 19:17:27','2018-08-03 05:57:51','Cycle',27,237.637084328851,25,0.21312223732168542,157,9),(238,'2018-10-27 16:02:57',205,'2018-04-21 14:31:40','2018-07-27 20:07:42','Pickup',42,230.97733305279803,84,0.2007704738657507,166,20),(239,'2018-03-25 08:24:10',111,'2018-09-20 11:19:32','2018-08-25 18:16:45','Car',16,105.63552895239954,21,0.1997308412697004,126,250),(240,'2018-08-18 07:17:20',790,'2017-11-02 12:31:29','2017-12-21 23:59:45','Car',47,826.6358151872512,48,0.013561079728817288,92,130),(241,'2018-06-15 03:38:46',220,'2018-05-26 12:25:59','2018-09-04 16:58:32','Car',11,256.22371069654565,56,0.07165322211396505,109,124),(242,'2018-07-11 15:13:13',535,'2018-04-01 23:22:57','2017-12-24 03:13:52','Car',60,515.5732188021241,23,0.07603365806070952,104,383),(243,'2018-07-06 02:35:12',717,'2017-11-15 00:59:31','2018-09-24 18:43:31','Drone',84,578.7029020757839,31,0.2263330186152622,92,167),(244,'2018-06-14 03:48:07',626,'2018-08-09 12:05:02','2018-01-13 19:48:33','Drone',92,594.4471127880685,36,0.10204363627179991,73,20),(245,'2018-09-19 16:15:54',759,'2017-12-19 21:15:14','2018-01-31 23:37:00','Car',89,767.643248475195,42,0.04164388455031831,199,319),(246,'2018-06-23 19:44:36',372,'2018-08-23 09:25:31','2017-12-10 17:18:48','Inhouse',72,319.72814569564053,28,0.20067963576089864,115,347),(247,'2018-04-22 11:08:29',342,'2018-07-07 12:47:57','2017-12-24 06:26:47','Drone',90,291.2307575401057,4,0.1582926082655905,3,228),(248,'2018-08-02 03:34:25',959,'2018-07-20 19:45:46','2018-01-11 19:27:06','Inhouse',58,1015.7184397499749,69,0.0119470430447714,169,466),(249,'2018-05-14 23:55:03',965,'2018-03-13 01:50:38','2018-06-02 06:57:41','Drone',64,893.5401007728861,79,0.14411867742060713,147,123),(250,'2018-05-31 06:24:16',147,'2018-10-13 18:30:47','2018-08-29 03:38:34','Drone',12,221.4688046214379,85,0.045393083528284944,76,267),(251,'2018-02-02 10:06:56',895,'2018-10-18 01:03:54','2018-06-06 08:41:56','Drone',45,735.5455997437953,33,0.20738620717263442,190,333),(252,'2018-02-03 09:31:18',751,'2018-10-13 09:28:34','2018-07-07 06:58:31','Car',35,629.4498306237083,87,0.2488665505683671,121,378),(253,'2018-08-15 10:37:05',704,'2018-05-20 08:26:23','2018-09-21 05:47:00','Pickup',55,660.2938935809383,56,0.13119224528823914,128,224),(254,'2018-05-16 22:39:04',173,'2017-11-03 13:42:15','2018-03-04 00:48:21','Drone',68,140.01962313846082,0,0.19063801654068896,8,162),(255,'2018-10-12 04:53:11',257,'2018-01-24 00:09:23','2018-03-02 05:26:20','Pickup',39,217.4028397205275,14,0.1977754991862454,107,456),(256,'2018-02-26 12:24:22',575,'2018-05-30 03:57:33','2018-02-04 11:47:35','Car',68,576.7741565802746,40,0.062155842958903,107,402),(257,'2018-10-09 06:26:03',705,'2018-03-26 23:33:42','2018-04-21 20:21:10','Cycle',94,701.2519232934069,72,0.09748787220925745,81,231),(258,'2018-01-24 23:58:06',678,'2018-06-10 04:30:58','2018-04-02 06:35:13','Drone',6,643.8729894197892,7,0.06003943150395746,82,80),(259,'2018-06-16 13:07:59',147,'2018-08-09 11:20:18','2018-03-18 16:30:03','Car',79,220.50204520499847,82,0.03710897290393686,45,113),(260,'2018-01-12 07:56:33',159,'2018-02-20 09:16:54','2018-10-06 21:16:09','Car',56,218.2057103850229,83,0.09832351080569043,196,241),(261,'2018-05-12 06:22:09',684,'2018-10-18 14:43:01','2018-06-27 19:53:14','Inhouse',13,670.3151887029771,71,0.11216531297618931,11,376),(262,'2018-03-07 03:12:27',983,'2017-11-29 13:38:03','2018-01-04 13:40:41','Pickup',45,858.7709243178894,89,0.1989077198527151,176,323),(263,'2018-05-17 19:22:23',800,'2018-04-02 07:56:08','2018-07-10 08:50:28','Pickup',8,853.5883952397727,94,0.045203137315690534,126,186),(264,'2018-06-11 03:25:07',539,'2018-01-19 20:16:09','2018-09-28 09:37:17','Drone',73,544.715370196331,21,0.027293981792265887,158,110),(265,'2018-09-03 13:46:54',203,'2018-10-04 11:22:54','2018-10-27 00:38:55','Drone',22,228.0626566121492,27,0.008423232121090363,79,183),(266,'2018-03-23 10:13:06',777,'2017-12-25 04:32:11','2018-03-03 20:27:41','Cycle',83,789.7278513793989,22,0.011604691640301729,54,478),(267,'2018-09-24 02:55:43',294,'2017-11-25 01:35:16','2018-09-16 03:04:11','Cycle',73,327.7001644319794,97,0.16189216257805789,97,191),(268,'2018-08-25 05:06:30',229,'2018-01-17 03:38:02','2018-02-23 03:56:49','Car',71,304.54639363657594,97,0.06580860847676098,16,424),(269,'2018-08-25 12:02:49',269,'2018-03-23 03:32:35','2018-09-23 07:22:42','Cycle',58,245.16655723166534,29,0.1772934321085056,153,376),(270,'2017-11-03 23:10:52',127,'2017-12-10 14:59:24','2018-02-10 09:02:51','Car',45,158.2437933434026,71,0.20078892250806765,60,499),(271,'2018-10-25 16:40:06',702,'2018-07-19 12:50:13','2018-08-16 19:06:14','Car',56,654.2933024789298,86,0.16967855015364247,157,177),(272,'2018-06-07 20:51:19',816,'2018-08-15 18:30:14','2018-10-24 04:51:29','Car',75,718.8957645894858,77,0.1949655491719085,66,243),(273,'2018-01-16 19:00:54',960,'2018-07-13 12:45:44','2018-01-03 12:48:53','Drone',24,786.5025428399912,22,0.199080913604897,34,235),(274,'2018-07-27 06:40:40',224,'2018-08-02 10:24:49','2018-03-15 10:18:05','Cycle',9,277.1976598084614,77,0.07907754216457996,143,210),(275,'2018-07-24 07:17:39',816,'2018-01-08 18:20:38','2018-05-17 02:04:00','Inhouse',68,780.3932664796068,2,0.04597400185867126,116,212),(276,'2018-05-28 11:17:56',309,'2018-10-22 05:35:24','2018-02-13 17:16:57','Car',25,380.41614789759217,78,0.01701253773231992,10,464),(277,'2017-12-24 09:36:27',809,'2018-03-30 16:39:23','2018-02-17 00:20:01','Car',19,783.9774545646485,68,0.10606903698443726,2,395),(278,'2018-04-27 18:33:35',912,'2018-06-04 06:05:14','2018-04-26 19:06:22','Drone',12,847.5545367003234,56,0.12442713150793042,17,202),(279,'2018-04-10 09:39:42',697,'2017-12-29 11:54:38','2018-06-17 07:52:12','Car',91,639.9035540471592,41,0.13292201348623417,171,231),(280,'2018-06-23 03:17:09',404,'2018-10-31 10:21:59','2017-11-20 22:38:36','Drone',4,393.1477080335499,45,0.12439263244198245,20,330),(281,'2017-11-06 11:17:22',702,'2018-04-26 12:24:59','2018-08-26 13:29:48','Inhouse',10,617.2286712967394,46,0.17482797954981363,96,361),(282,'2018-07-18 16:54:04',884,'2018-08-04 10:24:51','2018-06-13 17:34:35','Drone',69,777.2630176317298,69,0.18440396890689426,111,168),(283,'2018-09-24 12:19:41',932,'2017-11-10 08:26:11','2018-07-07 16:32:04','Car',74,879.1545351934581,45,0.10014888925951074,143,264),(284,'2017-12-27 05:27:24',861,'2018-08-10 00:17:54','2018-10-19 05:36:23','Drone',20,840.305740798125,75,0.10223745641225956,113,43),(285,'2018-05-05 04:17:37',784,'2018-02-17 00:39:15','2018-09-11 16:43:59','Cycle',64,772.6215417440034,12,0.029369922432156664,49,300),(286,'2018-05-05 04:30:18',833,'2018-07-29 13:01:56','2018-04-25 06:14:02','Drone',37,674.1361831647846,43,0.23043814707216365,149,143),(287,'2017-11-16 02:16:22',264,'2018-09-20 07:44:53','2018-06-16 23:01:00','Inhouse',62,291.78324970030525,47,0.061790193889693756,184,405),(288,'2018-03-17 16:27:33',749,'2018-04-11 01:57:24','2018-06-18 14:22:15','Car',78,702.6746930955163,11,0.07542803540063645,132,425),(289,'2017-12-07 00:38:55',350,'2018-01-22 02:39:46','2018-01-11 21:15:20','Car',36,370.36558062149606,49,0.0717654621015136,137,339),(290,'2018-09-26 09:49:34',628,'2017-12-01 11:44:49','2018-06-14 15:18:51','Drone',77,639.3898947067194,71,0.08527912059124548,138,194),(291,'2018-07-21 10:39:13',158,'2018-06-28 19:56:32','2018-09-20 18:50:51','Inhouse',79,185.39238511504874,29,0.008596871042520216,170,78),(292,'2018-10-10 17:04:17',233,'2017-11-06 01:44:36','2018-03-21 14:28:07','Drone',87,297.3516416798311,73,0.028262608889440877,197,194),(293,'2018-02-27 00:18:27',791,'2018-09-27 16:07:22','2018-02-11 01:26:14','Cycle',70,785.5395636777314,68,0.08551855217959092,66,182),(294,'2018-09-11 14:26:49',385,'2018-05-16 01:21:11','2018-03-21 23:28:24','Cycle',34,355.12771473449936,40,0.16440537709529565,116,466),(295,'2018-01-30 21:44:57',501,'2017-12-18 02:31:56','2018-08-13 02:49:05','Drone',83,433.95366186148726,37,0.19339468055485645,34,278),(296,'2018-02-11 01:05:37',973,'2017-11-06 11:29:38','2018-07-18 20:07:03','Cycle',74,798.8824432460582,54,0.22212030842642821,141,241),(297,'2018-02-20 00:07:34',906,'2018-05-15 08:46:37','2018-03-02 19:01:02','Drone',17,796.1045147555325,78,0.190950696386654,121,100),(298,'2018-08-06 10:33:58',536,'2018-08-26 13:50:37','2018-05-05 00:20:35','Car',40,487.2239326649576,26,0.1330535005961609,2,12),(299,'2018-02-18 00:38:22',470,'2017-11-03 09:20:40','2018-09-12 19:05:11','Cycle',77,478.82505830065526,73,0.11818589631555193,157,337),(300,'2017-11-01 01:25:58',917,'2018-08-17 10:37:22','2018-07-15 10:04:01','Car',47,738.1608340189387,36,0.22543459179544734,117,251),(301,'2018-10-07 12:58:58',350,'2018-01-31 00:08:32','2018-05-04 08:48:22','Drone',18,347.6855962995545,13,0.042188439946130835,35,465),(302,'2018-04-20 20:40:18',130,'2017-11-10 11:17:47','2018-08-23 16:51:34','Car',35,168.21878406107538,82,0.20651516952322935,193,394),(303,'2018-08-18 19:37:55',541,'2018-09-28 14:46:38','2018-04-02 23:17:38','Cycle',29,562.8045116660841,35,0.02290883391304846,24,15),(304,'2018-03-07 11:08:15',850,'2017-12-11 17:08:58','2018-07-27 14:14:07','Inhouse',16,826.3982271428206,24,0.054464271003637765,108,436),(305,'2018-06-18 09:28:57',523,'2018-01-21 21:11:35','2018-07-29 04:23:12','Car',69,498.9538000625392,27,0.09281127261356514,164,298),(306,'2018-05-24 02:05:07',455,'2018-05-18 03:08:38','2018-03-19 05:04:33','Drone',74,422.5262971481184,52,0.1666147985244214,12,332),(307,'2018-08-06 04:20:25',957,'2018-02-20 11:44:04','2018-07-03 09:00:16','Cycle',86,1010.5720574213383,54,0.00042328642795422255,159,400),(308,'2017-12-10 04:39:03',809,'2018-07-29 22:58:40','2018-04-14 20:21:13','Inhouse',40,709.6149260220166,37,0.16121167136877473,138,49),(309,'2018-07-29 09:23:53',758,'2018-10-29 21:19:41','2018-06-07 08:37:50','Inhouse',56,678.0371616471452,21,0.12960569750045534,186,346),(310,'2017-11-13 03:14:30',697,'2018-02-03 11:55:09','2018-08-31 14:55:25','Cycle',9,574.1689475152496,32,0.21238827501337512,113,39),(311,'2018-10-19 11:35:25',375,'2017-12-09 06:45:10','2018-05-03 23:02:58','Drone',14,375.10484088765696,16,0.04065258084998219,18,415),(312,'2018-09-03 17:36:20',830,'2018-03-19 23:38:11','2018-02-13 01:19:47','Cycle',11,860.420205591361,64,0.03756129128483113,187,24),(313,'2018-07-23 11:22:46',607,'2018-07-21 04:09:12','2018-05-19 22:30:06','Cycle',90,591.5966569109343,60,0.11304849038840437,150,34),(314,'2018-05-16 07:52:31',104,'2018-01-26 12:36:48','2018-06-14 00:42:08','Pickup',74,111.96128824991621,38,0.21154022359213942,103,191),(315,'2018-08-25 16:13:56',410,'2018-10-05 02:37:28','2018-10-21 18:52:29','Car',9,356.4557659561338,54,0.2317763664738496,63,398),(316,'2018-06-30 15:17:11',806,'2017-11-12 08:30:26','2018-05-10 21:58:06','Car',21,630.2348057599696,9,0.22670575980371827,174,274),(317,'2018-05-10 17:53:14',991,'2017-12-28 05:13:53','2017-11-28 13:02:19','Pickup',67,998.0985459977436,69,0.05839759811533615,174,129),(318,'2018-10-20 20:51:15',194,'2018-10-20 22:08:28','2018-06-11 02:04:09','Drone',37,202.26422410340723,19,0.05040270373987221,49,301),(319,'2018-08-08 20:28:49',621,'2018-06-16 17:08:21','2017-11-14 13:14:27','Inhouse',84,556.151166876376,99,0.22756782378281118,83,310),(320,'2018-07-08 18:11:55',659,'2018-03-10 02:17:28','2018-10-22 05:18:54','Inhouse',75,554.3104956780804,48,0.21596818150200794,193,72),(321,'2018-02-04 10:22:34',468,'2018-05-30 23:42:33','2017-11-26 08:43:33','Inhouse',35,417.05227674930455,83,0.24309931624445638,42,451),(322,'2018-09-12 09:45:28',981,'2018-08-13 11:33:52','2018-01-03 14:54:22','Drone',99,767.3597355499576,38,0.24694824774292684,181,186),(323,'2018-05-13 08:05:00',887,'2018-02-08 13:33:24','2018-09-28 12:16:07','Cycle',47,865.7711063253782,60,0.08577496692145911,126,179),(324,'2018-07-08 04:31:10',818,'2018-08-31 09:40:53','2017-12-12 15:23:16','Inhouse',81,756.060677369704,68,0.14665837768656448,76,52),(325,'2018-05-03 17:21:38',661,'2018-10-01 03:16:28','2018-09-25 15:34:08','Car',24,519.1279847775559,26,0.2443551895523204,121,384),(326,'2018-08-17 21:13:27',231,'2018-07-09 07:09:16','2018-05-02 23:13:08','Cycle',7,220.3918388285399,11,0.08928992219611606,77,97),(327,'2018-03-22 08:48:24',837,'2018-01-01 22:29:27','2018-06-26 22:08:28','Pickup',82,764.9802956039084,78,0.16395596108862465,10,283),(328,'2017-11-17 09:39:17',604,'2018-06-28 14:57:20','2018-06-11 19:45:30','Pickup',50,588.1762350055214,94,0.1573406375279063,179,237),(329,'2018-03-14 04:05:07',896,'2018-01-27 05:07:38','2018-06-02 02:21:58','Drone',82,878.5992133159914,37,0.05830738122616139,100,472),(330,'2018-09-14 07:12:50',696,'2018-05-02 08:51:05','2017-11-13 18:45:34','Inhouse',51,634.0257126607087,62,0.1635544687853447,107,55),(331,'2018-10-06 11:11:58',644,'2018-08-08 15:03:24','2018-03-04 05:45:56','Inhouse',20,578.2317999988956,32,0.14462751479453315,24,214),(332,'2018-03-25 16:19:16',431,'2018-10-02 12:51:17','2018-05-31 19:27:05','Drone',85,411.4929493620745,42,0.1300360478603076,2,435),(333,'2018-02-18 15:15:10',853,'2018-02-06 19:13:28','2018-04-02 16:55:17','Pickup',70,820.3810641420316,77,0.11786982350319189,199,298),(334,'2018-05-27 13:04:04',535,'2018-06-11 05:04:16','2017-12-14 18:54:35','Car',52,600.5950873545855,72,0.010551750651424163,184,77),(335,'2018-04-09 14:58:01',668,'2018-04-20 05:12:26','2018-05-27 20:04:47','Pickup',38,661.4574739987164,43,0.06968006469941437,111,10),(336,'2018-05-04 19:08:19',894,'2018-05-29 07:27:45','2018-01-09 09:12:22','Inhouse',22,886.5744467616911,51,0.06182598226276065,117,449),(337,'2018-01-26 18:55:41',636,'2018-01-27 00:58:35','2018-05-17 07:49:26','Pickup',45,652.5660590914257,24,0.011263546831173171,117,358),(338,'2018-10-10 19:43:01',748,'2017-12-26 01:22:24','2018-04-25 03:17:34','Cycle',28,674.413120091912,57,0.1622197265938982,110,378),(339,'2018-06-27 08:59:38',148,'2017-12-19 19:49:41','2018-01-05 19:14:15','Cycle',31,172.216292489458,31,0.03789780732146372,155,488),(340,'2018-02-25 02:54:57',790,'2018-06-29 19:54:41','2018-10-20 11:22:21','Cycle',48,710.0144474740767,41,0.14559031591567181,101,395),(341,'2018-03-01 20:44:07',283,'2017-11-09 17:48:29','2018-08-19 14:47:06','Cycle',79,356.83828480135963,86,0.03295857777409314,21,235),(342,'2018-06-05 04:36:57',653,'2017-11-24 14:28:40','2018-07-07 13:19:24','Cycle',33,610.3118478835659,54,0.1367583481137683,19,229),(343,'2018-08-04 17:10:09',907,'2017-11-11 08:09:19','2018-02-01 04:04:17','Inhouse',40,784.3775818766069,92,0.21483725537877185,73,242),(344,'2018-05-03 18:49:03',622,'2018-07-26 20:09:45','2018-04-13 21:37:05','Car',48,621.6155487843172,70,0.10171163470474404,5,25),(345,'2018-10-16 16:04:53',646,'2018-03-30 02:30:56','2018-03-21 02:02:22','Drone',10,602.7778968300166,18,0.09220196260539673,85,365),(346,'2018-07-09 06:19:39',726,'2018-05-30 07:28:19','2018-05-21 14:56:57','Inhouse',29,701.4634842775255,57,0.10413348112704277,137,27),(347,'2018-06-16 23:03:45',593,'2018-08-21 01:38:36','2017-12-12 07:21:40','Drone',53,471.8125894564949,19,0.22906439631291683,65,367),(348,'2017-12-19 18:37:18',643,'2018-04-20 04:58:35','2018-09-21 18:01:53','Inhouse',71,554.2271299139612,87,0.2407847535425189,160,338),(349,'2018-04-09 01:38:50',962,'2018-06-17 14:24:19','2018-07-22 20:43:02','Drone',72,911.4602402121051,41,0.09126596190218836,194,202),(350,'2018-10-28 12:15:55',413,'2018-03-24 22:46:31','2018-07-24 19:56:47','Pickup',6,416.68317366412657,61,0.12092157454825608,54,296),(351,'2018-05-16 23:10:54',404,'2018-03-02 17:37:12','2017-12-11 03:01:09','Car',86,350.9973709587477,49,0.22517136653698075,190,44),(352,'2018-02-06 10:50:46',323,'2017-11-13 19:22:53','2018-01-02 22:37:28','Pickup',0,373.8590488403504,62,0.02893753547960934,106,298),(353,'2018-02-03 06:03:41',702,'2018-10-02 02:45:41','2017-12-21 05:49:20','Car',78,773.5908604505554,80,0.01075337538292137,130,253),(354,'2018-04-29 21:08:27',870,'2018-07-08 19:21:26','2018-03-18 07:45:28','Cycle',79,805.4373212728474,94,0.1644841065634364,28,416),(355,'2018-08-23 07:30:38',133,'2018-03-06 07:51:55','2018-07-14 00:59:56','Inhouse',17,111.84126557004804,13,0.23396393445172584,136,409),(356,'2018-09-12 19:08:48',638,'2018-05-04 21:56:57','2018-08-12 09:48:03','Pickup',76,666.6161451273546,91,0.0855745608678265,126,112),(357,'2018-10-01 00:29:24',257,'2018-03-10 18:42:07','2018-06-25 01:43:28','Drone',42,260.1084663648852,75,0.21654076396118918,192,257),(358,'2018-05-29 12:24:44',673,'2018-03-02 13:12:11','2018-06-14 07:29:47','Pickup',85,718.1060459628076,79,0.04507174738988354,6,291),(359,'2017-11-20 06:38:31',830,'2018-05-29 13:18:07','2017-12-03 22:23:56','Car',66,678.2628425364073,24,0.2057812148285628,88,3),(360,'2017-12-19 10:01:21',319,'2018-10-15 14:58:02','2018-08-01 09:41:41','Cycle',6,390.9643364524051,89,0.04175407732253639,108,126),(361,'2018-03-09 17:41:51',417,'2018-05-15 04:37:31','2018-08-07 11:50:29','Drone',45,431.4370789773925,59,0.0936195819802679,16,332),(362,'2017-12-01 20:55:03',633,'2017-11-12 05:59:50','2018-06-03 05:39:18','Drone',67,543.6383378582516,87,0.2449467529746505,98,206),(363,'2018-09-09 09:06:47',646,'2018-02-21 02:32:38','2018-04-13 08:53:49','Drone',97,536.1931295673567,18,0.19248022655518573,103,419),(364,'2018-09-27 09:03:19',468,'2018-09-22 16:13:25','2018-03-10 13:19:22','Inhouse',61,452.40055611115014,98,0.20070573125238486,35,255),(365,'2018-02-16 23:32:09',771,'2018-01-29 20:10:48','2017-11-24 17:13:34','Cycle',50,586.7118359304877,11,0.24972911006331494,34,157),(366,'2018-01-06 05:18:36',230,'2018-06-16 05:11:37','2018-06-03 01:42:42','Inhouse',21,250.05152227510968,75,0.18015894336029614,37,326),(367,'2018-10-15 01:00:11',810,'2018-06-22 18:17:03','2018-01-09 06:13:00','Drone',78,628.7158710438437,17,0.23976315472328458,198,434),(368,'2018-09-15 17:23:04',288,'2018-05-28 21:18:53','2018-09-17 00:09:04','Pickup',92,287.4427186737984,54,0.15952421440409817,163,446),(369,'2018-03-15 01:59:18',695,'2018-05-17 14:26:16','2018-02-22 01:00:59','Inhouse',11,586.1624765175119,69,0.23277162759487968,191,496),(370,'2017-11-21 20:35:05',865,'2018-10-13 18:50:16','2018-04-20 00:40:31','Cycle',21,696.4751585982999,43,0.23295687379041863,126,38),(371,'2018-08-09 09:14:28',779,'2018-02-28 21:20:06','2018-07-21 01:13:56','Inhouse',90,664.1811399732483,57,0.2055249521851098,54,45),(372,'2017-12-26 23:03:43',655,'2017-11-30 17:45:24','2018-05-11 04:30:08','Car',24,624.3501968479868,81,0.1516981021087136,178,46),(373,'2018-07-02 06:01:40',112,'2018-08-26 03:02:23','2018-09-03 03:12:48','Car',85,177.90420503896905,74,0.04352577936038138,20,439),(374,'2018-07-10 20:11:40',934,'2018-03-16 18:13:01','2018-02-08 08:49:27','Cycle',9,896.3267586805674,92,0.12638717477527536,157,280),(375,'2018-04-16 18:40:49',143,'2018-01-07 18:25:34','2018-07-21 06:00:20','Car',52,132.12871279993865,4,0.10116521904803646,74,205),(376,'2018-07-23 04:07:52',264,'2018-03-24 14:48:31','2018-01-14 14:20:29','Drone',51,290.8431943464124,50,0.07374778870569301,122,383),(377,'2018-03-11 05:48:53',483,'2018-01-24 17:08:54','2018-05-15 13:08:41','Drone',22,449.4225017438777,0,0.0695186299298598,113,156),(378,'2018-08-12 22:08:32',492,'2018-05-17 15:01:39','2017-12-05 19:18:12','Cycle',31,433.7895156455019,78,0.2389657620254352,173,482),(379,'2018-09-10 08:53:06',350,'2018-03-04 04:29:14','2018-01-16 17:34:11','Car',74,342.42920539678755,16,0.06440107815085377,51,495),(380,'2018-09-20 18:06:14',272,'2018-01-18 09:22:03','2018-05-19 17:43:33','Pickup',22,239.43808644072166,14,0.16280389356391017,198,205),(381,'2018-10-13 23:15:22',102,'2018-03-04 20:00:39','2018-01-25 22:08:55','Pickup',73,82.35679835295605,6,0.23743705228744394,123,45),(382,'2018-02-06 01:07:45',420,'2018-07-08 18:40:54','2017-12-03 00:12:42','Car',84,490.0966269141717,79,0.01784243103372407,192,394),(383,'2018-10-03 19:27:13',455,'2018-03-16 19:20:29','2018-08-15 21:24:13','Inhouse',40,429.4344254133618,53,0.15465664288708308,60,488),(384,'2018-08-21 08:19:06',700,'2017-11-25 06:22:24','2018-01-29 14:27:37','Inhouse',58,700.09952453891,70,0.09077983826115582,174,458),(385,'2018-01-16 02:03:42',798,'2017-12-20 14:28:30','2018-02-20 15:37:45','Drone',34,735.4997119439537,84,0.16610009983678725,190,487),(386,'2018-06-17 19:50:31',937,'2018-01-01 21:13:41','2018-07-12 17:17:47','Car',34,951.7154170454736,58,0.04350209342163458,127,483),(387,'2018-06-23 19:31:15',120,'2018-06-28 08:28:08','2018-08-10 07:14:27','Cycle',33,193.43843469755248,95,0.10028635024394189,29,81),(388,'2018-10-14 12:58:41',462,'2018-08-22 14:54:48','2018-09-30 01:32:26','Inhouse',62,376.5722627203258,33,0.23924795410035193,194,181),(389,'2018-01-28 04:56:39',544,'2018-10-13 10:17:15','2018-02-22 21:17:37','Pickup',93,529.5873752218723,27,0.07252648822789448,180,190),(390,'2017-11-07 06:03:02',524,'2018-04-28 02:14:00','2018-01-24 15:11:27','Inhouse',9,450.1938934109931,41,0.20319664883010075,15,3),(391,'2017-12-30 20:01:38',710,'2018-03-10 16:06:38','2018-05-19 12:49:08','Drone',35,575.307626939709,8,0.19873589562714608,3,316),(392,'2018-10-18 08:15:05',305,'2018-08-17 19:55:52','2018-04-22 03:29:44','Car',22,371.0100470643935,81,0.0388340749627111,113,446),(393,'2018-01-19 19:43:22',252,'2017-12-29 19:44:06','2018-07-29 01:42:47','Cycle',0,252.3227917646237,72,0.22122595134375395,137,361),(394,'2018-06-15 02:42:41',889,'2018-04-02 22:01:08','2018-04-19 23:15:31','Car',65,959.4188519059268,76,0.005783573154479915,163,95),(395,'2018-07-27 03:22:29',812,'2018-05-08 04:35:52','2018-02-05 10:47:46','Cycle',86,683.6813990835544,93,0.24455094023916635,199,79),(396,'2018-05-09 04:50:01',588,'2018-07-25 17:42:10','2017-12-19 18:17:51','Inhouse',67,478.3536896664534,0,0.1864733168937866,80,330),(397,'2018-03-17 04:30:37',472,'2018-06-09 06:26:40','2018-01-09 16:59:15','Pickup',63,482.5751998058163,25,0.029023742845440015,135,295),(398,'2018-01-03 04:07:44',732,'2018-03-31 17:51:57','2017-11-25 02:02:38','Pickup',57,592.2628627902562,39,0.23182508068708665,31,285),(399,'2018-09-12 13:13:53',829,'2018-04-10 22:12:32','2018-10-02 01:20:34','Car',0,723.3295597925369,52,0.17896758252833495,65,338),(400,'2018-08-01 05:40:12',602,'2018-10-04 07:52:28','2018-03-14 16:09:39','Drone',3,618.0151190675152,68,0.07758937452609663,182,424),(401,'2018-09-10 15:25:02',956,'2018-07-27 10:02:07','2018-09-13 08:39:29','Inhouse',81,1003.1837356893453,55,0.007731220880964174,48,259),(402,'2018-04-27 05:15:29',527,'2018-01-27 21:03:17','2017-12-08 15:09:47','Inhouse',16,504.0313500575476,25,0.08689972815661662,191,241),(403,'2018-01-06 22:37:06',157,'2017-11-07 05:38:56','2018-05-31 14:21:41','Pickup',88,210.9310649425239,80,0.10999550657162918,51,473),(404,'2018-10-24 02:56:42',290,'2018-02-23 12:44:58','2018-08-09 01:33:41','Inhouse',84,269.6149195505247,36,0.17296036947691804,89,426),(405,'2018-03-27 08:51:44',440,'2018-10-30 23:18:38','2017-12-03 13:12:27','Pickup',91,369.0797540420343,6,0.17246691918826382,189,66),(406,'2018-01-04 05:48:55',980,'2017-11-07 17:35:38','2018-04-30 20:31:47','Cycle',70,980.0065257271591,99,0.09174557393219732,182,188),(407,'2018-10-19 14:20:14',512,'2018-06-14 14:22:43','2018-04-07 15:07:57','Car',40,447.27301843396873,13,0.14805139345910726,77,282),(408,'2018-02-28 00:58:38',195,'2018-04-02 03:22:42','2017-12-11 06:14:01','Car',38,203.27688975222208,13,0.02270726080662469,1,318),(409,'2018-05-26 21:11:14',101,'2018-02-09 02:58:53','2017-12-14 07:17:55','Inhouse',15,116.14654024973483,40,0.1762656719876963,119,460),(410,'2018-08-23 13:56:55',799,'2018-04-19 18:22:49','2017-12-03 15:39:05','Cycle',47,800.3407138817561,10,0.010703691122674913,120,80),(411,'2018-06-28 04:17:15',527,'2018-06-28 12:59:32','2018-01-11 23:39:28','Inhouse',14,465.8111833169256,1,0.11778184977855002,92,376),(412,'2018-07-11 18:10:00',564,'2018-01-23 05:54:11','2018-04-06 19:09:13','Car',19,589.9678901929457,72,0.07237753114316714,35,104),(413,'2018-03-31 16:44:49',534,'2017-12-23 06:30:37','2017-11-27 22:03:51','Car',77,470.007445466177,32,0.169598152886613,143,299),(414,'2018-09-24 02:15:48',634,'2018-08-04 23:50:03','2018-04-20 03:46:36','Pickup',31,610.7574813440651,49,0.10577235527955331,116,176),(415,'2018-09-10 07:31:45',243,'2018-04-23 23:14:58','2018-04-11 06:38:13','Pickup',60,246.2218508890606,70,0.2133487192042792,40,55),(416,'2017-11-05 10:04:55',224,'2018-01-22 19:24:16','2018-08-22 08:52:35','Pickup',74,229.89755146339766,41,0.13246206994944276,8,272),(417,'2018-02-20 14:58:17',289,'2018-01-06 21:19:02','2018-08-20 05:19:05','Pickup',42,282.4106588871797,30,0.1147001288803145,79,451),(418,'2018-06-27 08:26:33',713,'2018-10-10 19:57:55','2018-10-21 10:30:26','Cycle',76,729.0931684129472,94,0.09653882476710388,129,167),(419,'2018-10-07 19:16:33',476,'2018-07-19 12:14:22','2018-10-20 05:26:22','Cycle',17,465.12677188621194,39,0.09684121963842335,90,442),(420,'2018-07-16 14:02:58',909,'2018-06-10 04:33:34','2018-07-29 08:46:12','Drone',77,821.7470836015356,60,0.15196379401286322,23,189),(421,'2017-11-19 08:43:48',760,'2018-05-16 19:28:39','2017-11-06 14:36:00','Cycle',23,641.9165261864681,81,0.23672232320277278,187,29),(422,'2018-02-19 04:32:15',544,'2017-12-02 23:32:35','2018-03-04 03:31:19','Drone',59,553.1455382803229,15,0.010473097888510169,96,469),(423,'2018-01-09 08:45:30',652,'2017-11-02 15:50:56','2017-12-29 18:07:38','Drone',52,610.554988104334,37,0.11385342800532075,64,394),(424,'2018-02-24 17:49:53',577,'2018-01-09 01:43:37','2018-02-13 18:24:28','Cycle',8,609.8402103619323,70,0.05743398707583877,34,12),(425,'2017-11-01 04:18:31',191,'2018-10-08 03:24:32','2018-08-09 12:34:12','Pickup',19,188.24261947515785,13,0.07724206139628498,29,21),(426,'2017-12-17 07:42:59',255,'2018-10-15 09:02:52','2018-03-18 07:30:46','Pickup',2,216.98203113327034,9,0.17809836691943046,98,450),(427,'2018-03-25 01:55:06',275,'2018-10-27 09:39:29','2018-06-21 23:01:18','Car',40,273.2131535615905,67,0.20113112993686988,21,101),(428,'2017-11-15 22:12:04',371,'2018-10-19 11:02:13','2018-10-05 06:37:52','Inhouse',76,350.5352661273697,7,0.07265802611806965,89,499),(429,'2017-11-02 21:01:10',661,'2018-03-06 03:22:17','2018-03-08 15:34:37','Inhouse',61,564.8294737514193,33,0.1861246775916149,199,257),(430,'2018-09-25 02:52:28',991,'2018-08-30 09:44:09','2018-02-08 07:50:34','Inhouse',40,778.4867197830368,20,0.22998346213349477,62,169),(431,'2018-08-06 15:18:59',609,'2018-04-07 15:11:24','2018-10-05 21:12:06','Pickup',24,666.4164917499745,67,0.0141767873521087,70,95),(432,'2018-08-11 12:59:49',624,'2018-01-07 01:50:39','2017-12-16 06:17:05','Car',77,533.2562994956534,5,0.15221574007050334,66,225),(433,'2018-04-12 22:22:12',569,'2018-03-09 08:25:03','2018-06-08 16:43:54','Pickup',9,442.801659554983,17,0.24436576867750343,84,171),(434,'2017-12-13 03:56:44',219,'2018-03-11 19:37:14','2018-01-25 20:07:44','Drone',24,247.381753880612,36,0.02987547497799209,60,55),(435,'2018-09-27 04:51:54',588,'2018-07-29 03:41:12','2018-04-13 04:03:07','Pickup',44,571.3233708875208,32,0.07851069211690184,8,84),(436,'2018-02-20 19:43:15',509,'2018-07-29 17:09:17','2017-12-02 00:10:55','Car',68,483.25959981859296,95,0.19990132480365402,116,0),(437,'2018-07-10 12:26:27',824,'2018-01-27 20:42:01','2018-09-23 18:33:48','Car',89,772.814922005935,6,0.06889768433019874,118,53),(438,'2018-03-19 02:24:27',451,'2017-12-07 07:38:07','2018-10-27 01:13:48','Inhouse',59,423.0267127085059,64,0.17858890736212446,62,347),(439,'2018-06-22 20:02:25',904,'2018-03-11 16:20:40','2018-09-24 16:47:57','Car',88,840.9255227490858,46,0.11481523921148862,50,32),(440,'2018-07-10 08:07:03',442,'2018-05-10 04:18:58','2017-11-04 02:54:40','Pickup',39,425.25845394203986,3,0.04436302484934862,20,292),(441,'2018-03-30 11:22:54',540,'2018-04-10 13:44:53','2018-10-11 21:50:49','Drone',8,455.43174610588994,39,0.2134166733922454,58,424),(442,'2018-01-02 06:24:24',906,'2018-04-04 06:30:50','2018-01-11 12:57:05','Pickup',47,798.463884418445,74,0.18524093426689286,152,455),(443,'2018-02-07 16:13:17',507,'2018-05-02 21:06:54','2018-07-20 17:08:48','Car',4,487.7175320266488,7,0.05113320617383493,103,95),(444,'2018-01-06 14:26:13',529,'2017-11-10 08:28:35','2018-04-27 07:26:01','Car',77,481.64935463929606,13,0.1113480541710404,117,302),(445,'2018-10-22 00:47:00',168,'2018-10-17 01:29:25','2017-12-26 12:04:07','Pickup',47,199.84037350757762,58,0.11575055970098391,104,73),(446,'2018-02-20 04:03:54',875,'2018-01-28 11:45:07','2018-02-26 21:17:41','Pickup',89,908.7926982960513,34,0.0002280546798116012,86,61),(447,'2018-10-01 18:34:36',294,'2018-09-06 22:46:55','2017-12-18 20:14:57','Pickup',55,379.42434503458617,88,0.006742552265481233,74,178),(448,'2018-10-04 19:06:05',815,'2018-05-06 16:39:32','2018-04-21 12:22:50','Pickup',59,789.0983496883846,0,0.031781166026522006,193,229),(449,'2018-04-29 15:01:53',912,'2018-02-02 22:48:39','2017-11-17 06:22:15','Pickup',87,920.887915715169,13,0.0044454965241415845,174,490),(450,'2018-01-15 18:28:49',801,'2018-07-06 09:20:00','2018-05-01 04:41:00','Drone',24,653.6967745175417,22,0.20571473327151674,107,459),(451,'2018-05-06 14:55:58',274,'2018-07-17 12:51:34','2017-11-27 20:36:27','Car',71,331.41516422267176,75,0.0503863489321725,173,115),(452,'2018-03-26 00:35:22',289,'2017-12-15 06:36:39','2017-11-19 10:44:23','Cycle',14,320.5949206586071,65,0.09436463090788949,185,92),(453,'2018-05-23 17:28:41',485,'2018-08-05 03:41:52','2018-04-01 14:19:46','Pickup',17,478.5689577330494,11,0.03514323037691652,138,385),(454,'2018-03-17 11:34:47',408,'2018-01-30 09:59:55','2018-09-07 00:32:05','Car',52,423.4914623557228,37,0.04833379245904984,73,495),(455,'2018-06-02 16:10:58',817,'2018-06-16 14:29:23','2018-05-14 10:15:43','Cycle',18,688.128072785944,6,0.16387840487734628,25,51),(456,'2018-02-05 21:35:44',737,'2018-10-23 06:30:26','2018-03-18 08:14:14','Pickup',57,712.2519078175686,15,0.052856505561743955,145,205),(457,'2017-12-15 06:05:20',956,'2018-07-17 12:55:42','2018-04-14 13:56:26','Drone',60,964.1434431412945,17,0.009102319484795007,191,8),(458,'2018-10-14 01:56:07',125,'2018-04-08 22:28:19','2018-02-06 22:41:18','Inhouse',52,124.65358325457629,4,0.0336931530653001,178,493),(459,'2018-10-29 00:53:31',691,'2018-01-30 00:27:50','2018-10-14 05:34:11','Cycle',7,748.1582793773433,74,0.022015321075368133,24,469),(460,'2018-07-01 00:19:36',100,'2018-05-12 16:03:31','2018-07-19 05:48:59','Inhouse',0,142.71190302646377,59,0.10244086146878123,137,113),(461,'2017-11-23 22:21:23',243,'2018-10-09 13:32:15','2017-12-29 19:25:56','Car',86,195.99879360046407,7,0.21600482559814368,13,178),(462,'2018-10-15 09:00:08',149,'2018-02-17 12:51:59','2018-08-04 05:13:13','Cycle',68,131.9007769158366,23,0.2331350179311826,94,470),(463,'2018-06-28 19:36:15',548,'2018-01-04 11:33:38','2018-08-26 10:48:06','Car',84,579.8750866990664,90,0.09110487978202753,68,59),(464,'2018-08-12 21:05:59',562,'2018-05-14 00:18:09','2017-12-11 18:06:38','Car',46,508.261314295518,75,0.2021015474167692,90,56),(465,'2018-05-19 20:50:00',853,'2017-11-27 03:52:33','2018-06-28 22:08:36','Pickup',83,804.7655607492411,70,0.12809798402032385,35,77),(466,'2018-02-18 00:22:48',819,'2018-06-19 20:51:04','2018-10-14 23:26:33','Cycle',25,822.6420105089394,44,0.046764761866814136,110,72),(467,'2018-10-02 05:28:05',516,'2018-10-11 23:12:19','2018-08-29 09:03:27','Inhouse',18,589.2290325274604,80,0.011360683678757727,96,415),(468,'2018-06-06 12:53:51',284,'2018-04-08 08:27:10','2018-07-01 08:27:37','Inhouse',72,230.76467159141572,2,0.19313051891113386,17,445),(469,'2018-10-16 06:15:35',960,'2018-05-17 08:30:12','2018-03-21 17:31:50','Car',76,767.6426051115694,19,0.21589110815978602,58,191),(470,'2017-12-04 18:49:24',123,'2018-09-15 14:48:20','2018-07-25 22:08:40','Car',8,115.80906787218662,29,0.2380982376829828,34,437),(471,'2018-05-29 20:05:58',645,'2017-12-23 00:53:13','2018-10-23 07:43:35','Pickup',28,586.55515111086,93,0.20520982234300814,68,464),(472,'2018-07-19 01:26:46',157,'2017-11-06 04:33:20','2018-07-14 03:50:34','Inhouse',52,163.9555074469754,34,0.14159420184829638,59,119),(473,'2018-02-11 19:32:03',943,'2018-05-11 01:56:49','2018-10-09 08:11:20','Car',67,992.5574339160651,98,0.046534645613770326,71,362),(474,'2017-12-15 05:17:13',410,'2018-06-01 13:09:41','2018-03-15 05:01:22','Cycle',74,357.63640774866377,38,0.2017044469895898,5,161),(475,'2018-08-22 06:45:21',243,'2018-09-27 01:26:43','2017-12-02 12:49:08','Drone',62,310.64277426485023,74,0.020054339858516568,12,221),(476,'2018-08-02 06:41:31',832,'2018-02-09 16:24:05','2018-01-04 16:41:21','Drone',70,670.0848113669167,25,0.21810407075038893,66,128),(477,'2018-09-09 10:10:26',923,'2017-11-28 08:30:56','2018-03-18 07:48:04','Cycle',26,837.324155091432,90,0.1734213671358026,26,281),(478,'2018-06-14 14:20:57',116,'2018-08-25 03:08:50','2018-09-19 18:30:46','Drone',56,187.73225747678433,97,0.11862789917002672,18,410),(479,'2018-04-24 19:56:15',300,'2018-04-03 00:14:54','2018-07-29 03:42:21','Pickup',42,331.5904496032544,61,0.08146689860594344,94,155),(480,'2018-05-23 23:14:42',896,'2018-05-31 15:56:48','2018-05-04 18:12:02','Pickup',2,829.5438133396518,48,0.12124596044528413,64,154),(481,'2018-03-02 02:13:46',618,'2017-11-30 13:00:29','2018-03-24 13:48:37','Pickup',98,662.7732606057216,50,0.007824460171075492,71,314),(482,'2018-08-02 08:06:46',732,'2018-10-13 12:22:56','2018-01-30 03:18:39','Cycle',9,690.4965559649243,21,0.08300590177300898,166,340),(483,'2018-09-23 15:10:55',851,'2018-08-09 17:00:04','2018-05-23 15:59:16','Inhouse',99,822.6033459381043,92,0.12767407641770492,185,137),(484,'2018-09-15 01:59:08',913,'2017-11-26 16:01:49','2018-05-23 09:19:07','Car',56,934.8031640307685,81,0.05955416093484059,122,488),(485,'2018-07-24 18:42:32',760,'2017-11-10 05:26:25','2018-03-08 18:16:02','Cycle',92,763.3063511039245,74,0.08476456702167323,115,346),(486,'2018-02-28 18:25:05',301,'2018-07-29 15:28:54','2017-11-05 06:04:40','Cycle',62,234.0239063370349,1,0.22508640285750034,72,345),(487,'2018-04-18 18:42:24',891,'2017-12-30 10:35:24','2018-01-25 15:21:42','Car',76,725.6859506538228,30,0.21206737171137593,119,357),(488,'2017-12-30 20:55:34',333,'2018-07-13 17:25:34','2018-05-20 00:11:14','Car',50,296.2366903951456,10,0.1363361796059894,160,155),(489,'2018-04-29 05:40:21',105,'2018-10-20 01:35:40','2018-09-01 18:25:49','Inhouse',84,157.792491510823,86,0.17386130099045555,17,69),(490,'2018-06-14 09:09:34',363,'2018-03-07 08:07:43','2018-07-03 20:21:20','Cycle',74,363.24151536295653,33,0.08272344605314003,176,107),(491,'2018-02-04 23:53:04',189,'2018-08-30 03:16:47','2018-01-25 11:02:04','Car',80,184.0277952309043,4,0.04648810761189484,47,338),(492,'2018-09-28 06:13:33',349,'2018-02-04 20:05:29','2018-07-06 20:36:39','Cycle',39,332.2852403264259,75,0.21630839545654282,123,380),(493,'2018-03-18 04:22:16',365,'2018-03-05 18:40:37','2018-07-15 19:50:28','Pickup',78,357.95932610073095,26,0.08450300229992086,63,402),(494,'2018-08-07 11:13:55',636,'2017-12-26 00:20:16','2017-12-04 18:11:04','Cycle',54,642.2892583351828,29,0.03415149122528893,23,15),(495,'2018-01-25 05:17:33',634,'2018-07-18 05:15:36','2018-03-22 21:12:24','Pickup',61,703.9835544796509,91,0.0289882007177229,18,65),(496,'2018-06-28 17:41:51',565,'2018-05-22 11:41:42','2018-01-11 22:43:25','Inhouse',46,496.2387543469907,66,0.21356774271475337,82,235),(497,'2018-06-21 02:08:40',915,'2018-01-02 09:07:58','2018-06-29 14:40:46','Inhouse',81,984.6830851340605,77,0.007375922243890609,180,229),(498,'2018-08-01 02:38:40',646,'2018-08-13 18:42:58','2018-08-01 14:37:43','Drone',21,581.1056899453438,28,0.1378253858377689,27,479),(499,'2018-08-01 10:37:19',637,'2018-09-15 10:05:15','2018-06-06 11:35:13','Car',71,537.5622662884675,16,0.1767806029273086,118,411);
/*!40000 ALTER TABLE `purchase` ENABLE KEYS */;
UNLOCK TABLES;

--
-- Table structure for table `restaurant`
--

DROP TABLE IF EXISTS `restaurant`;
/*!40101 SET @saved_cs_client     = @@character_set_client */;
/*!40101 SET character_set_client = utf8 */;
CREATE TABLE `restaurant` (
  `restaurant_id` int(11) NOT NULL,
  `restaurant_name` varchar(128) COLLATE utf8mb4_unicode_ci DEFAULT NULL,
  `phone` varchar(32) COLLATE utf8mb4_unicode_ci DEFAULT NULL,
  `address_id` int(11) DEFAULT NULL,
  PRIMARY KEY (`restaurant_id`),
  KEY `address_id` (`address_id`),
  CONSTRAINT `restaurant_ibfk_1` FOREIGN KEY (`address_id`) REFERENCES `address` (`address_id`)
) ENGINE=InnoDB DEFAULT CHARSET=utf8mb4 COLLATE=utf8mb4_unicode_ci;
/*!40101 SET character_set_client = @saved_cs_client */;

--
-- Dumping data for table `restaurant`
--

LOCK TABLES `restaurant` WRITE;
/*!40000 ALTER TABLE `restaurant` DISABLE KEYS */;
INSERT INTO `restaurant` VALUES (0,'Simen\'s restaurant','45027492',68),(1,'Jon\'s restaurant','05 20 51 13',31),(2,'Karin\'s restaurant','409 38 808',88);
/*!40000 ALTER TABLE `restaurant` ENABLE KEYS */;
UNLOCK TABLES;

--
-- Table structure for table `review`
--

DROP TABLE IF EXISTS `review`;
/*!40101 SET @saved_cs_client     = @@character_set_client */;
/*!40101 SET character_set_client = utf8 */;
CREATE TABLE `review` (
  `review_id` int(11) NOT NULL,
  `course_id` int(11) DEFAULT NULL,
  `review_text` text COLLATE utf8mb4_unicode_ci,
  `score` int(11) DEFAULT NULL,
  PRIMARY KEY (`review_id`),
  KEY `course_id` (`course_id`),
  CONSTRAINT `review_ibfk_1` FOREIGN KEY (`course_id`) REFERENCES `course` (`course_id`)
) ENGINE=InnoDB DEFAULT CHARSET=utf8mb4 COLLATE=utf8mb4_unicode_ci;
/*!40101 SET character_set_client = @saved_cs_client */;

--
-- Dumping data for table `review`
--

LOCK TABLES `review` WRITE;
/*!40000 ALTER TABLE `review` DISABLE KEYS */;
INSERT INTO `review` VALUES (0,2,'Reprehenderit nemo itaque nostrum omnis adipisci fugiat consectetur. Suscipit non quam ex.',2),(1,5,'Voluptatem magni earum id alias. Magnam nam harum labore repudiandae repudiandae.',2),(2,7,'Quo possimus in porro corporis deleniti porro. Sint tempore tenetur minima tenetur.',5),(3,10,'Repellendus impedit est ratione id. Quia voluptas veniam itaque voluptatum.',2),(4,6,'Ducimus ut sint unde doloribus cupiditate. Repudiandae magnam commodi similique cumque maxime.',5),(5,5,'Quas eveniet architecto id a aliquam.',3),(6,11,'Voluptatibus autem odit. Repellat a ducimus facilis voluptas temporibus.',2),(7,2,'Enim deleniti officia libero. Laudantium magni ullam voluptas.',1),(8,4,'Quis cupiditate recusandae aut deserunt inventore. Iste eos aperiam aliquid molestias.',3),(9,6,'Hic neque beatae corporis at. Debitis id laboriosam dolorem quisquam exercitationem.',1),(10,10,'Maxime dolore qui. Quae exercitationem suscipit tempora. In magni blanditiis qui.',5),(11,2,'Ut provident consequatur magni voluptatum quaerat earum sequi. Minus iste tempore.',1),(12,2,'Voluptas tempora consectetur blanditiis. Quasi eos voluptate facilis possimus facere enim.',2),(13,8,'Architecto possimus vero eum. Ducimus voluptas reiciendis magni fuga illum qui.',2),(14,1,'Numquam nisi necessitatibus quis aliquid voluptatem.',1),(15,4,'Consequuntur distinctio ducimus ipsam. Adipisci voluptatibus unde sit sint neque id.',2),(16,2,'Saepe dolores accusamus minima error. Repellat nesciunt molestias odit.',3),(17,1,'Modi similique suscipit veritatis. Id aperiam ipsam doloribus.',1),(18,11,'Adipisci ab magni. Ad autem laborum.',2),(19,6,'Dolorum numquam consequuntur delectus. Numquam illum qui.',3),(20,9,'Eveniet commodi vel sapiente ipsum expedita perferendis fugiat. Nobis incidunt delectus mollitia.',1),(21,4,'Perspiciatis harum itaque impedit dolorem consequuntur.',5),(22,5,'Debitis veritatis rerum.\nAliquid ea nemo tempore odit corporis.\nIllum ab voluptatum odio.',1),(23,5,'Consequuntur vero esse hic quisquam cupiditate. Sed doloribus occaecati voluptatem nobis ex.',2),(24,2,'Odit eveniet iusto. Hic nam maiores quisquam laborum voluptate eius.',1),(25,2,'Vitae commodi consectetur placeat. Consequatur libero delectus accusantium pariatur.',4),(26,11,'Rerum eveniet soluta odio. Quas rem dolorum dolore assumenda.',2),(27,7,'Reprehenderit soluta blanditiis magni. Tenetur eos reiciendis.',1),(28,10,'Accusamus molestias ab maiores quaerat eveniet. Aspernatur consequatur qui ipsam error tempore.',1),(29,1,'Esse adipisci maiores voluptatum. Dolorum modi voluptatem iusto at iste cum.',4),(30,3,'Nostrum optio itaque nulla.',5),(31,10,'Cupiditate perferendis corrupti ratione pariatur facilis. Hic saepe animi facere animi iste at.',4),(32,11,'Velit vel nam non quaerat animi. Excepturi magni blanditiis temporibus ad magnam facilis porro.',4),(33,3,'Repellendus aperiam nesciunt tempore vitae.',1),(34,5,'Tempore aperiam ut ullam autem fugit.',2),(35,10,'Aliquam nemo laborum aspernatur esse mollitia iusto. Libero aliquid vero ad dicta neque.',1),(36,6,'Excepturi magni aliquid ad repellendus laborum. Debitis quam ex doloribus quibusdam quas beatae.',1),(37,4,'Quam culpa ea. Inventore maiores quidem recusandae dolore odio.',5),(38,11,'Laudantium voluptatibus quod quia accusantium adipisci.',1),(39,8,'Libero earum porro. Recusandae velit modi quia assumenda.',3),(40,2,'Magnam quaerat saepe libero cupiditate veniam. Quos ratione at.',3),(41,11,'Nihil occaecati sunt tempora sit sed.',4),(42,1,'Quis temporibus aperiam corrupti. Laboriosam sed distinctio esse explicabo quis quos autem.',2),(43,11,'Dolore illum iure nobis occaecati. Dolores culpa ex excepturi. Fugit provident vel accusantium.',4),(44,1,'Dolorem iusto reprehenderit totam. Recusandae alias non error aliquam officiis.',4),(45,8,'Commodi quo commodi maiores minima. Amet debitis inventore necessitatibus placeat.',4),(46,10,'Esse minus asperiores odio atque. Repellendus optio inventore porro.',1),(47,6,'Atque doloremque quam nobis suscipit. Nulla adipisci nihil in dolorum.',2),(48,11,'Sint adipisci nam beatae tempora. Repudiandae blanditiis est ipsam. Ipsa qui suscipit accusantium.',4),(49,6,'Eius possimus autem animi atque. Pariatur beatae odit sint.',5);
/*!40000 ALTER TABLE `review` ENABLE KEYS */;
UNLOCK TABLES;

--
-- Table structure for table `s_event`
--

DROP TABLE IF EXISTS `s_event`;
/*!40101 SET @saved_cs_client     = @@character_set_client */;
/*!40101 SET character_set_client = utf8 */;
CREATE TABLE `s_event` (
  `s_event_id` int(11) NOT NULL,
  `event_date` date DEFAULT NULL,
  `event_name` varchar(128) COLLATE utf8mb4_unicode_ci DEFAULT NULL,
  `event_description` text COLLATE utf8mb4_unicode_ci,
  PRIMARY KEY (`s_event_id`)
) ENGINE=InnoDB DEFAULT CHARSET=utf8mb4 COLLATE=utf8mb4_unicode_ci;
/*!40101 SET character_set_client = @saved_cs_client */;

--
-- Dumping data for table `s_event`
--

LOCK TABLES `s_event` WRITE;
/*!40000 ALTER TABLE `s_event` DISABLE KEYS */;
INSERT INTO `s_event` VALUES (0,'2018-08-23','Rolf\'s event','Necessitatibus ratione ipsam accusamus vel sit. Eveniet eos sint. Alias provident doloribus dolor.'),(1,'2019-08-09','Øyvind\'s event','Iusto quos aliquam deserunt ab earum occaecati. Sint autem dicta minus.'),(2,'2018-10-19','Mona\'s event','Recusandae laudantium ullam. Culpa autem dolores non.'),(3,'2019-02-22','Johan\'s event','Hic et non dicta. Sequi neque omnis soluta. Cum rem atque.'),(4,'2018-11-10','Reidun\'s event','Nam excepturi doloribus voluptatem iusto.'),(5,'2018-09-09','Kristine\'s event','Est harum rem magni mollitia voluptate eos. Necessitatibus sint animi provident fugiat.'),(6,'2019-06-22','Grethe\'s event','Vel fugiat commodi alias cumque maxime suscipit. Ex assumenda cumque veritatis laboriosam.'),(7,'2018-06-28','Elin\'s event','Expedita quis saepe dolorem ad modi iusto. Quas tenetur voluptas tempore.'),(8,'2019-05-07','Siv\'s event','Consequatur aut culpa. Eveniet dolorum explicabo quibusdam. Nesciunt et error id nostrum nostrum.'),(9,'2019-03-28','Daniel\'s event','Adipisci assumenda ex cum excepturi quod mollitia. Eveniet culpa veritatis minima quo repellat.'),(10,'2019-08-26','Vidar\'s event','Possimus expedita dolore totam laboriosam veritatis ea.'),(11,'2018-10-13','Karoline\'s event','Rerum ad ipsa hic odio quas sequi.'),(12,'2018-04-09','Julie\'s event','Quod odit quos nobis culpa temporibus. Ea error nisi.'),(13,'2019-08-23','Elin\'s event','Commodi odio voluptates architecto. Sapiente saepe quia nemo hic.'),(14,'2019-04-11','Henrik\'s event','Eveniet perspiciatis odio earum praesentium. Sunt ullam similique harum hic eum dignissimos.'),(15,'2017-12-01','Mari\'s event','Fuga expedita cumque. Ea alias maxime debitis. Recusandae sit ratione.'),(16,'2017-11-17','Heidi\'s event','Deserunt facere harum animi. Culpa sapiente sint enim autem in nesciunt atque.'),(17,'2018-05-20','Hilde\'s event','Voluptatem error assumenda deserunt praesentium.'),(18,'2018-11-16','Emil\'s event','Assumenda modi quod facere dolores. Quisquam tempora magnam officiis consectetur architecto.'),(19,'2017-12-24','Steinar\'s event','Veritatis veniam tempora. Provident est eum numquam animi nisi.'),(20,'2019-08-24','May\'s event','Animi corrupti quidem minus quibusdam accusantium placeat rerum. Ipsum dolores odio.'),(21,'2018-05-02','Eivind\'s event','Natus quidem soluta blanditiis magni minima. Et cumque alias quis fugit exercitationem blanditiis.'),(22,'2018-01-20','Johan\'s event','Impedit quis consequatur explicabo est sit. Modi provident labore repellendus fugiat.'),(23,'2019-01-21','Vegard\'s event','Ipsam modi non nulla esse. Veniam vero eius molestias.'),(24,'2019-04-23','Morten\'s event','Illo nobis quidem aspernatur ad. At nobis ex impedit.'),(25,'2019-06-04','Asbjørn\'s event','Cumque praesentium suscipit numquam. Maxime culpa voluptas qui.'),(26,'2019-03-09','Linda\'s event','Assumenda sit dignissimos minima corporis harum. Magnam pariatur odio dignissimos.'),(27,'2018-12-14','Harald\'s event','Facilis dolore deleniti vel. Reprehenderit porro praesentium cum.'),(28,'2018-10-03','Emil\'s event','Est illo aliquam. Commodi quasi suscipit veniam vero. Porro commodi minus blanditiis non.'),(29,'2019-01-22','Markus\'s event','Enim tenetur quibusdam tenetur. Consequatur vel velit.'),(30,'2019-10-12','Torill\'s event','Odit veritatis voluptates ad sed quos nemo. Minus reprehenderit ipsum cum tempore.'),(31,'2019-06-11','Inger\'s event','Sed saepe rerum sed libero sit explicabo.'),(32,'2018-08-24','Ivar\'s event','At dignissimos impedit possimus.'),(33,'2018-07-24','Frode\'s event','Nihil necessitatibus quod itaque esse vel iure quis. Totam nobis non nobis sint odit neque.'),(34,'2019-02-10','Marie\'s event','Accusamus minima temporibus ullam. Autem beatae numquam magnam ratione nihil.'),(35,'2018-07-19','Silje\'s event','Beatae asperiores voluptas aliquam ea veritatis unde. Tempore mollitia amet ut.'),(36,'2018-01-02','Wenche\'s event','Veniam sequi dolore officia dolores. Similique exercitationem iste nulla dolores aut repellat.'),(37,'2019-05-19','Unni\'s event','Ullam quaerat pariatur sapiente illum.'),(38,'2017-11-04','Kristine\'s event','Cumque veritatis cum vel soluta. Excepturi nobis ea tempore laudantium odit.'),(39,'2018-01-05','Ingrid\'s event','Cumque similique perferendis veniam nihil quisquam. Expedita esse deleniti.'),(40,'2017-12-29','Trond\'s event','Expedita voluptate perspiciatis dolorem sequi saepe. Nam voluptatibus quam eligendi.'),(41,'2019-02-14','Jørgen\'s event','Sit quod consectetur ut sapiente deleniti aperiam.'),(42,'2018-09-11','Bente\'s event','Necessitatibus laborum qui molestiae necessitatibus quaerat suscipit.'),(43,'2019-05-08','Helene\'s event','Labore vel illo quibusdam. Vitae sit ratione. Autem velit iure.'),(44,'2019-01-08','Kenneth\'s event','Quas ducimus adipisci voluptatem optio exercitationem cum. Cum quidem non dolore neque.'),(45,'2018-10-08','Mona\'s event','Ut fuga eveniet ipsum reprehenderit. Nam corrupti excepturi.'),(46,'2018-11-02','Trine\'s event','Sapiente possimus nobis aliquam. Error debitis iste ex sit blanditiis impedit.'),(47,'2018-09-23','Kristoffer\'s event','Repudiandae nam architecto facilis mollitia. Doloremque optio suscipit nam asperiores.'),(48,'2019-10-31','Sigrid\'s event','Quisquam nemo nihil commodi. Accusantium magni libero nam.'),(49,'2018-03-31','Solveig\'s event','Aut vero modi modi dolorem minima. Dolore dignissimos similique sed tempore.');
/*!40000 ALTER TABLE `s_event` ENABLE KEYS */;
UNLOCK TABLES;

--
-- Table structure for table `stock`
--

DROP TABLE IF EXISTS `stock`;
/*!40101 SET @saved_cs_client     = @@character_set_client */;
/*!40101 SET character_set_client = utf8 */;
CREATE TABLE `stock` (
  `ingredient_id` int(11) NOT NULL,
  `restaurant_id` int(11) NOT NULL,
  `quantity` int(11) DEFAULT NULL,
  PRIMARY KEY (`ingredient_id`,`restaurant_id`),
  KEY `restaurant_id` (`restaurant_id`),
  CONSTRAINT `stock_ibfk_1` FOREIGN KEY (`restaurant_id`) REFERENCES `restaurant` (`restaurant_id`),
  CONSTRAINT `stock_ibfk_2` FOREIGN KEY (`ingredient_id`) REFERENCES `ingredient` (`ingredient_id`)
) ENGINE=InnoDB DEFAULT CHARSET=utf8mb4 COLLATE=utf8mb4_unicode_ci;
/*!40101 SET character_set_client = @saved_cs_client */;

--
-- Dumping data for table `stock`
--

LOCK TABLES `stock` WRITE;
/*!40000 ALTER TABLE `stock` DISABLE KEYS */;
INSERT INTO `stock` VALUES (0,0,2),(0,1,2),(0,2,43),(1,0,48),(1,1,6),(1,2,47),(2,0,41),(2,1,37),(2,2,9),(3,0,35),(3,1,39),(3,2,36),(4,0,12),(4,1,8),(4,2,28),(5,0,31),(5,1,21),(5,2,30),(6,0,36),(6,1,11),(6,2,6),(7,0,22),(7,1,38),(7,2,11),(8,0,8),(8,1,13),(8,2,14),(9,0,12),(9,1,18),(9,2,38),(10,0,36),(10,1,21),(10,2,28),(11,0,9),(11,1,20),(11,2,12),(12,0,8),(12,1,40),(12,2,24),(13,0,23),(13,1,5),(13,2,34),(14,0,42),(14,1,48),(14,2,36),(15,0,13),(15,1,4),(15,2,20),(16,0,2),(16,1,31),(16,2,33),(17,0,13),(17,1,40),(17,2,3),(18,0,25),(18,1,21),(18,2,40),(19,0,19),(19,1,13),(19,2,28),(20,0,39),(20,1,8),(20,2,23),(21,0,23),(21,1,43),(21,2,38),(22,0,2),(22,1,18),(22,2,29),(23,0,21),(23,1,41),(23,2,45),(24,0,5),(24,1,39),(24,2,32);
/*!40000 ALTER TABLE `stock` ENABLE KEYS */;
UNLOCK TABLES;
/*!40103 SET TIME_ZONE=@OLD_TIME_ZONE */;

/*!40101 SET SQL_MODE=@OLD_SQL_MODE */;
/*!40014 SET FOREIGN_KEY_CHECKS=@OLD_FOREIGN_KEY_CHECKS */;
/*!40014 SET UNIQUE_CHECKS=@OLD_UNIQUE_CHECKS */;
/*!40101 SET CHARACTER_SET_CLIENT=@OLD_CHARACTER_SET_CLIENT */;
/*!40101 SET CHARACTER_SET_RESULTS=@OLD_CHARACTER_SET_RESULTS */;
/*!40101 SET COLLATION_CONNECTION=@OLD_COLLATION_CONNECTION */;
/*!40111 SET SQL_NOTES=@OLD_SQL_NOTES */;

-- Dump completed on 2018-11-06  8:18:08
