-- MySQL dump 10.13  Distrib 5.7.23, for Linux (x86_64)
--
-- Host: localhost    Database: statistics
-- ------------------------------------------------------
-- Server version	5.7.23-0ubuntu0.18.04.1

/*!40101 SET @OLD_CHARACTER_SET_CLIENT=@@CHARACTER_SET_CLIENT */;
/*!40101 SET @OLD_CHARACTER_SET_RESULTS=@@CHARACTER_SET_RESULTS */;
/*!40101 SET @OLD_COLLATION_CONNECTION=@@COLLATION_CONNECTION */;
/*!40101 SET NAMES utf8 */;
/*!40103 SET @OLD_TIME_ZONE=@@TIME_ZONE */;
/*!40103 SET TIME_ZONE='+00:00' */;
/*!40014 SET @OLD_UNIQUE_CHECKS=@@UNIQUE_CHECKS, UNIQUE_CHECKS=0 */;
/*!40014 SET @OLD_FOREIGN_KEY_CHECKS=@@FOREIGN_KEY_CHECKS, FOREIGN_KEY_CHECKS=0 */;
/*!40101 SET @OLD_SQL_MODE=@@SQL_MODE, SQL_MODE='NO_AUTO_VALUE_ON_ZERO' */;
/*!40111 SET @OLD_SQL_NOTES=@@SQL_NOTES, SQL_NOTES=0 */;

--
-- Table structure for table `customer`
--

DROP TABLE IF EXISTS `customer`;
/*!40101 SET @saved_cs_client     = @@character_set_client */;
/*!40101 SET character_set_client = utf8 */;
CREATE TABLE `customer` (
  `customer_id` int(9) NOT NULL AUTO_INCREMENT,
  `f_name` varchar(20) DEFAULT NULL,
  `s_name` varchar(30) DEFAULT NULL,
  `phone` int(11) DEFAULT NULL,
  `birthdate` date DEFAULT NULL,
  `email` varchar(50) DEFAULT NULL,
  `c_address` varchar(100) DEFAULT NULL,
  PRIMARY KEY (`customer_id`)
) ENGINE=InnoDB AUTO_INCREMENT=51 DEFAULT CHARSET=latin1;
/*!40101 SET character_set_client = @saved_cs_client */;

--
-- Dumping data for table `customer`
--

LOCK TABLES `customer` WRITE;
/*!40000 ALTER TABLE `customer` DISABLE KEYS */;
INSERT INTO `customer` VALUES (1,'Connie','Jackson',95925715,'1974-04-14','craig65@hotmail.com','USNV Gordon FPO AE 05791'),(2,'John','Duarte',28888545,'1985-11-22','heidi07@valdez.com','79135 Wright Squares Chamberston, TX 94865'),(3,'Maria','Terry',22307912,'1983-03-01','fmason@yahoo.com','525 Lauren Club Suite 803 North Rhonda, CT 58417'),(4,'Kathy','Raymond',61424842,'1995-06-18','laura90@hotmail.com','049 Sims Cove Apt. 799 Smithmouth, ND 32124'),(5,'Teresa','Weber',60884583,'1977-01-30','christinamiller@gmail.com','99762 Griffin Coves Apt. 888 Richardsmouth, TN 53838'),(6,'James','Lewis',33304475,'2007-03-03','weissvalerie@yahoo.com','675 Andrew Drive Rogershaven, MS 22063'),(7,'Sharon','Tanner',56792642,'1976-12-15','ginabell@joseph-hunter.biz','USNV Blackwell FPO AP 64015'),(8,'Wayne','Christian',41920581,'2017-11-09','catherinedaniels@hotmail.com','24521 Hall Motorway Suite 314 East Christopherfurt, WI 29683'),(9,'Michael','Davenport',28518509,'1972-01-13','austin24@hotmail.com','334 Timothy Lakes East Darrenport, KS 58790'),(10,'Brianna','Martinez',35125077,'1970-05-11','rebecca17@hotmail.com','Unit 4139 Box 4422 DPO AP 02733'),(11,'Jason','Johnson',89400295,'1975-09-06','hallchristina@vazquez-holmes.net','58750 Nelson River South Francisshire, IN 65841'),(12,'Natalie','Gonzalez',7006781,'2013-12-28','jesse48@yahoo.com','637 Campbell Manors Apt. 541 Lake Kristy, WY 63116'),(13,'Rebecca','Bender',18650208,'1971-03-01','brittneymichael@yahoo.com','566 Emily Shore North Marilyn, OH 16520'),(14,'Aaron','Robinson',81027637,'1975-02-23','chelsey72@yahoo.com','12001 Aaron Drive Lake Amy, NV 23795'),(15,'Kelly','Ibarra',66054858,'1999-12-07','bakerchris@yahoo.com','965 Tyler Ferry Sarahfort, TX 01219'),(16,'Dylan','Craig',659794,'2015-11-03','ksmith@yahoo.com','74703 Owens Manor South Erika, AL 73432'),(17,'Angela','Miller',95136486,'1978-07-13','dgriffith@gmail.com','196 Sabrina Track Boydton, KS 81333'),(18,'Steven','Khan',55924669,'2011-10-14','burtoncory@medina-welch.com','7149 Noah Wall Jesusfurt, UT 73279'),(19,'Heather','Lowe',83509059,'1972-06-15','jmedina@hotmail.com','861 Megan Brooks Mariafurt, MD 14509'),(20,'Catherine','Welch',51543352,'1989-06-14','austinhunter@flores.com','2600 Danny Courts South Julie, WV 29056'),(21,'Steven','Marshall',84122385,'1980-12-23','tony23@morris.info','622 Edwards Track East Teresaport, MT 08835'),(22,'John','Cooley',22945985,'2006-08-14','boydtyler@wade-becker.com','57161 Thomas Shore Lucerofort, WY 62682'),(23,'Christine','Williams',70423579,'2009-07-11','williambaldwin@wright-myers.com','PSC 5575, Box 3886 APO AE 58657'),(24,'Gary','Cox',40318528,'2001-03-27','priley@ramsey.com','604 Smith Square Apt. 626 Figueroafort, CA 38480'),(25,'Scott','Mccarthy',41577083,'1982-09-20','cookkaylee@lopez.com','361 Scott Roads Parkerchester, TX 89080'),(26,'Christina','Johnson',69726048,'1993-05-12','michaeldunn@klein.com','64026 Carr Tunnel East Mistyhaven, CO 54574'),(27,'Ashley','Hull',58907489,'2006-06-05','qwalton@williamson.com','84154 Ashley Brooks West Jasmine, NM 98684'),(28,'Allison','Williams',25527643,'2006-11-12','dgrant@burns.org','PSC 9303, Box 0722 APO AA 16187'),(29,'Bryan','Sullivan',2142868,'1993-08-03','brooke85@yahoo.com','61988 Linda Ridges West Paulville, AK 32138'),(30,'Jose','Williams',43035473,'1986-02-02','dylan09@yahoo.com','088 Frey Underpass Apt. 506 Hoffmanshire, NH 63108'),(31,'Cathy','Horne',25028255,'2014-05-13','josephdixon@yahoo.com','027 Dunn Ports Suite 059 West Derek, IL 44357'),(32,'Ellen','Johnson',26971844,'2012-01-26','nancy41@yahoo.com','26101 Mendoza Drive Suite 545 East Jodi, CO 22353'),(33,'Daniel','Martinez',15151385,'2006-01-30','joehood@simpson.com','036 Kevin Circles Suite 696 Mirandamouth, MA 33841'),(34,'Joseph','Williams',70676583,'2012-07-01','grice@garcia-gonzalez.info','94060 Gross Viaduct Ingramborough, IA 38622'),(35,'Christine','Cooper',39059071,'2017-07-21','gomezjason@harrington.org','9712 Anthony Mill Suite 807 Wiseview, NY 35290'),(36,'Bobby','Christensen',46762156,'1985-08-09','nicholaslowe@gmail.com','7015 Melissa Square Apt. 451 Tarabury, TN 32598'),(37,'Denise','Gill',30725631,'2011-05-05','cameronrichard@gmail.com','0994 Leach Prairie Williamston, SD 86246'),(38,'Marc','Hayes',55576973,'2015-03-15','natashabailey@sanders.org','51335 Walker Meadow Hernandezland, LA 73411'),(39,'Debra','Cook',88353597,'1976-07-03','amber07@hotmail.com','5298 Lamb Lodge Apt. 305 Meganhaven, PA 84179'),(40,'Charles','Elliott',79677742,'1992-01-12','rogerhenson@hotmail.com','22574 Sharp Cliffs Suite 044 North Rebeccahaven, RI 92468'),(41,'Jose','Baker',88984799,'1979-09-22','brian45@hotmail.com','064 Jay Trail Laurenport, ME 89517'),(42,'Peggy','Edwards',96671833,'1982-12-12','wilsondeborah@gmail.com','130 Sandra Bridge Apt. 822 Danielberg, RI 37527'),(43,'Kimberly','Velazquez',90372126,'1989-09-23','john81@hotmail.com','91292 Frazier Branch Apt. 442 North Julie, NH 12002'),(44,'Victor','Brown',32474983,'2007-06-01','wilsonscott@gross.com','USNS Stark FPO AA 42043'),(45,'Caroline','Phillips',5349423,'1971-10-21','elizabeth01@yahoo.com','214 Amy Glen Richardmouth, NC 38305'),(46,'Brittany','Yates',63283664,'1983-05-09','zhughes@stevens.com','541 Ashley Lodge Apt. 019 Campbellside, ME 02300'),(47,'Douglas','Morales',35556359,'2016-05-22','meyercarol@young.com','74647 Sloan Forest Suite 583 Perezburgh, CO 93171'),(48,'Beth','Everett',82626421,'1988-02-06','jacksonjessica@hodges.com','56656 Freeman Lights Millerstad, FL 14998'),(49,'Matthew','Parker',16572112,'1994-05-15','duane75@yahoo.com','43028 Hannah Fall Suite 475 Steveburgh, ME 96538'),(50,'Madison','Lucas',40753880,'1976-08-12','rodriguezbenjamin@hotmail.com','99060 Bryce Radial Jonesmouth, VA 67477');
/*!40000 ALTER TABLE `customer` ENABLE KEYS */;
UNLOCK TABLES;

--
-- Table structure for table `dish`
--

DROP TABLE IF EXISTS `dish`;
/*!40101 SET @saved_cs_client     = @@character_set_client */;
/*!40101 SET character_set_client = utf8 */;
CREATE TABLE `dish` (
  `dish_id` int(9) NOT NULL AUTO_INCREMENT,
  `dish_name` varchar(50) CHARACTER SET utf8 COLLATE utf8_unicode_ci DEFAULT NULL,
  `price` int(9) DEFAULT NULL,
  PRIMARY KEY (`dish_id`)
) ENGINE=InnoDB AUTO_INCREMENT=12 DEFAULT CHARSET=latin1;
/*!40101 SET character_set_client = @saved_cs_client */;

--
-- Dumping data for table `dish`
--

LOCK TABLES `dish` WRITE;
/*!40000 ALTER TABLE `dish` DISABLE KEYS */;
INSERT INTO `dish` VALUES (1,'Pepperoni Pizza',694),(2,'Pasta Bolognese',645),(3,'Ribeye',307),(4,'French Onion Soup',660),(5,'Cesar Salad',404),(6,'Fish and Chips',554),(7,'Sushi',888),(8,'Bibimbap',783),(9,'Cheeseburger',422),(10,'Yemista',261),(11,'Roasted Lamb',764);
/*!40000 ALTER TABLE `dish` ENABLE KEYS */;
UNLOCK TABLES;

--
-- Table structure for table `orders`
--

DROP TABLE IF EXISTS `orders`;
/*!40101 SET @saved_cs_client     = @@character_set_client */;
/*!40101 SET character_set_client = utf8 */;
CREATE TABLE `orders` (
  `order_id` int(9) NOT NULL AUTO_INCREMENT,
  `time_stamp` time DEFAULT NULL,
  `date` date DEFAULT NULL,
  `order_type` varchar(20) DEFAULT NULL,
  `customer_id` int(9) DEFAULT NULL,
  `dish_id` int(9) DEFAULT NULL,
  `delivery` varchar(32) DEFAULT NULL,
  `price` int(9) DEFAULT NULL,
  PRIMARY KEY (`order_id`),
  KEY `dish_id_ibfk1` (`dish_id`),
  KEY `customer_id_ibfk2` (`customer_id`),
  CONSTRAINT `customer_id_ibfk2` FOREIGN KEY (`customer_id`) REFERENCES `customer` (`customer_id`),
  CONSTRAINT `dish_id_ibfk1` FOREIGN KEY (`dish_id`) REFERENCES `dish` (`dish_id`)
) ENGINE=InnoDB AUTO_INCREMENT=251 DEFAULT CHARSET=latin1;
/*!40101 SET character_set_client = @saved_cs_client */;

--
-- Dumping data for table `orders`
--

LOCK TABLES `orders` WRITE;
/*!40000 ALTER TABLE `orders` DISABLE KEYS */;
INSERT INTO `orders` VALUES (1,'08:39:39','2018-05-13','inhouse',48,8,'Car',504),(2,'21:12:09','2018-05-10','take-away',11,1,'Customer',700),(3,'13:54:03','2017-10-30','take-away',7,5,'Drone',864),(4,'03:55:11','2018-06-25','inhouse',37,10,'Pickup',848),(5,'19:45:24','2018-05-09','take-away',25,9,'Car',88),(6,'14:41:44','2018-02-18','inhouse',14,3,'Cycle',169),(7,'05:09:27','2018-02-24','inhouse',30,10,'Cycle',394),(8,'21:35:11','2017-12-07','inhouse',16,7,'Cycle',777),(9,'23:26:28','2018-08-18','inhouse',18,2,'Cycle',72),(10,'03:00:15','2018-06-06','inhouse',19,8,'Drone',346),(11,'22:43:55','2018-07-17','take-away',28,11,'Car',472),(12,'16:42:41','2018-02-28','take-away',35,2,'Customer',579),(13,'21:53:19','2018-09-04','take-away',32,6,'Pickup',748),(14,'15:49:52','2018-08-14','take-away',15,4,'Customer',832),(15,'16:20:00','2018-04-27','take-away',45,2,'Car',951),(16,'09:19:06','2018-02-20','take-away',43,11,'Cycle',130),(17,'00:05:19','2017-11-18','take-away',44,6,'Car',310),(18,'22:01:11','2018-07-19','inhouse',10,10,'Cycle',835),(19,'04:45:19','2018-08-06','take-away',22,8,'Cycle',761),(20,'18:45:17','2018-04-07','inhouse',48,3,'Cycle',352),(21,'14:34:12','2018-02-18','take-away',24,4,'Pickup',538),(22,'16:06:46','2017-11-23','take-away',26,4,'Drone',688),(23,'05:52:40','2017-10-22','inhouse',4,11,'Customer',214),(24,'12:18:42','2018-05-10','inhouse',43,6,'Customer',121),(25,'04:43:00','2018-06-17','inhouse',6,5,'Cycle',766),(26,'21:26:49','2018-06-10','take-away',11,7,'Customer',177),(27,'17:55:03','2017-11-25','inhouse',3,3,'Drone',619),(28,'05:06:42','2018-04-13','take-away',26,10,'Customer',461),(29,'17:59:32','2018-09-25','take-away',14,10,'Customer',706),(30,'20:41:15','2018-02-22','inhouse',18,6,'Customer',404),(31,'15:04:55','2018-07-04','inhouse',20,8,'Drone',298),(32,'14:44:46','2017-12-21','inhouse',13,1,'Customer',808),(33,'10:34:50','2018-08-31','take-away',43,7,'Customer',693),(34,'04:38:00','2018-05-26','inhouse',42,9,'Car',886),(35,'08:00:24','2018-09-28','take-away',49,7,'Cycle',417),(36,'02:45:03','2018-08-02','take-away',22,9,'Pickup',662),(37,'11:36:01','2017-10-17','inhouse',44,6,'Car',504),(38,'19:37:37','2018-06-05','take-away',27,1,'Pickup',425),(39,'18:16:56','2017-10-23','take-away',43,10,'Cycle',972),(40,'02:47:07','2018-07-10','take-away',16,9,'Cycle',443),(41,'02:51:24','2018-05-20','take-away',35,1,'Customer',288),(42,'07:57:27','2018-02-18','inhouse',33,11,'Car',623),(43,'16:23:57','2017-11-20','take-away',24,3,'Pickup',286),(44,'15:21:25','2018-08-24','take-away',36,2,'Cycle',503),(45,'09:51:58','2017-10-25','take-away',10,8,'Customer',857),(46,'13:18:11','2018-07-04','take-away',46,4,'Car',455),(47,'18:53:59','2018-07-02','take-away',18,6,'Customer',200),(48,'06:54:52','2017-10-22','inhouse',33,11,'Car',381),(49,'16:47:50','2018-03-15','inhouse',47,7,'Customer',379),(50,'14:41:39','2018-02-25','inhouse',20,11,'Customer',801),(51,'07:23:30','2018-04-02','inhouse',30,4,'Cycle',122),(52,'21:19:44','2017-10-20','inhouse',41,1,'Drone',50),(53,'21:12:06','2018-02-01','take-away',46,2,'Cycle',573),(54,'23:48:01','2018-06-17','take-away',44,11,'Drone',874),(55,'06:44:58','2017-11-05','take-away',35,3,'Customer',946),(56,'22:49:05','2018-07-21','take-away',5,3,'Cycle',209),(57,'20:33:18','2017-11-14','take-away',13,9,'Car',88),(58,'22:41:00','2018-10-05','inhouse',12,7,'Pickup',724),(59,'17:31:24','2018-05-04','inhouse',40,9,'Car',116),(60,'04:02:24','2018-09-10','take-away',35,1,'Customer',157),(61,'09:00:57','2018-07-18','take-away',8,4,'Cycle',804),(62,'19:36:24','2018-04-15','inhouse',38,9,'Cycle',833),(63,'20:47:27','2017-10-22','inhouse',1,3,'Customer',926),(64,'16:44:18','2018-05-21','inhouse',26,4,'Cycle',985),(65,'20:11:26','2018-09-11','inhouse',21,7,'Pickup',760),(66,'08:02:27','2018-04-27','inhouse',42,2,'Car',329),(67,'06:59:45','2018-09-22','inhouse',32,7,'Drone',739),(68,'09:13:14','2017-11-22','take-away',39,4,'Car',599),(69,'06:08:01','2018-03-04','take-away',13,10,'Drone',630),(70,'14:40:49','2018-01-04','inhouse',43,1,'Cycle',97),(71,'18:12:30','2018-09-19','take-away',36,8,'Customer',131),(72,'03:13:02','2018-05-04','take-away',2,8,'Car',388),(73,'20:45:28','2018-06-23','inhouse',2,6,'Car',908),(74,'14:01:18','2018-01-28','take-away',47,5,'Pickup',821),(75,'12:18:25','2017-11-15','inhouse',5,7,'Customer',646),(76,'15:38:44','2018-03-02','take-away',16,7,'Pickup',896),(77,'10:52:51','2018-10-14','take-away',22,8,'Pickup',586),(78,'23:24:24','2018-01-02','inhouse',29,2,'Drone',630),(79,'03:43:54','2018-07-29','inhouse',44,8,'Cycle',191),(80,'04:46:55','2018-03-07','inhouse',20,11,'Customer',180),(81,'02:32:02','2018-06-17','take-away',35,11,'Cycle',73),(82,'12:13:50','2018-06-08','take-away',44,6,'Pickup',90),(83,'02:33:54','2017-10-25','take-away',34,8,'Drone',549),(84,'20:04:44','2018-01-20','take-away',15,4,'Cycle',614),(85,'09:30:37','2018-03-23','inhouse',37,10,'Car',373),(86,'12:21:53','2018-09-14','take-away',16,7,'Car',72),(87,'21:04:57','2018-08-11','inhouse',28,5,'Cycle',140),(88,'05:33:15','2017-11-28','inhouse',42,1,'Pickup',452),(89,'20:48:29','2018-03-17','inhouse',8,5,'Car',610),(90,'21:14:04','2018-02-01','inhouse',42,6,'Cycle',816),(91,'10:46:53','2018-10-15','inhouse',48,4,'Drone',122),(92,'13:53:29','2017-12-05','inhouse',43,11,'Cycle',811),(93,'12:06:12','2018-01-24','inhouse',36,7,'Pickup',217),(94,'07:54:43','2018-02-03','inhouse',39,10,'Customer',608),(95,'16:21:32','2018-05-20','inhouse',19,2,'Pickup',909),(96,'20:11:17','2018-03-05','take-away',31,10,'Drone',250),(97,'17:36:04','2017-12-05','take-away',15,10,'Customer',361),(98,'10:23:52','2018-04-22','take-away',45,3,'Drone',637),(99,'08:35:51','2018-09-23','inhouse',6,10,'Drone',349),(100,'11:22:01','2018-09-09','take-away',32,3,'Pickup',80),(101,'00:29:18','2018-03-08','take-away',50,8,'Customer',84),(102,'15:18:54','2017-11-06','inhouse',17,7,'Drone',126),(103,'13:41:28','2018-10-02','take-away',26,9,'Customer',704),(104,'14:30:12','2018-08-04','inhouse',18,11,'Car',435),(105,'10:54:40','2018-07-05','take-away',3,4,'Customer',564),(106,'01:49:06','2018-06-11','inhouse',21,5,'Cycle',663),(107,'16:48:51','2018-06-23','take-away',45,6,'Cycle',709),(108,'09:27:55','2017-10-28','take-away',47,10,'Customer',133),(109,'16:54:47','2018-04-24','take-away',44,3,'Drone',611),(110,'04:15:26','2017-11-22','take-away',34,7,'Customer',610),(111,'03:07:03','2018-09-25','inhouse',46,4,'Drone',318),(112,'02:59:20','2018-06-07','inhouse',47,7,'Customer',580),(113,'09:38:13','2017-12-02','inhouse',20,3,'Car',574),(114,'15:41:36','2018-05-16','inhouse',11,11,'Car',198),(115,'00:06:52','2018-04-20','inhouse',30,9,'Customer',365),(116,'11:40:11','2018-08-23','inhouse',36,2,'Pickup',320),(117,'17:44:54','2018-07-04','inhouse',20,5,'Pickup',553),(118,'06:23:28','2018-09-16','take-away',21,7,'Drone',868),(119,'18:49:53','2017-10-24','take-away',11,5,'Customer',742),(120,'06:17:11','2018-05-29','inhouse',10,4,'Customer',53),(121,'08:08:56','2018-03-05','take-away',44,9,'Customer',910),(122,'08:26:36','2017-11-18','take-away',41,10,'Pickup',419),(123,'14:01:50','2018-07-13','take-away',31,2,'Car',67),(124,'21:12:10','2017-12-18','take-away',17,8,'Pickup',566),(125,'23:56:11','2017-12-12','take-away',34,9,'Drone',936),(126,'13:10:43','2017-11-23','take-away',46,3,'Pickup',450),(127,'01:11:30','2018-01-13','inhouse',45,8,'Pickup',634),(128,'15:46:58','2018-03-27','inhouse',14,4,'Cycle',781),(129,'17:22:40','2018-03-01','inhouse',10,3,'Pickup',778),(130,'16:10:27','2018-01-17','inhouse',15,4,'Customer',702),(131,'14:55:50','2018-03-31','inhouse',40,8,'Cycle',92),(132,'03:56:47','2018-03-06','take-away',14,10,'Customer',305),(133,'03:07:42','2018-07-20','take-away',21,3,'Car',987),(134,'22:55:19','2018-04-16','take-away',18,2,'Drone',245),(135,'11:52:03','2018-02-07','inhouse',1,3,'Customer',332),(136,'05:20:42','2017-10-30','take-away',41,11,'Cycle',380),(137,'23:49:50','2018-06-20','take-away',44,5,'Car',869),(138,'07:30:45','2018-09-09','inhouse',2,5,'Customer',927),(139,'21:58:10','2017-10-29','inhouse',47,9,'Customer',692),(140,'09:27:02','2018-07-12','inhouse',30,8,'Cycle',574),(141,'05:19:54','2018-02-09','inhouse',38,9,'Drone',766),(142,'23:52:58','2018-03-03','take-away',4,3,'Drone',504),(143,'19:11:32','2018-03-06','take-away',4,8,'Customer',990),(144,'17:55:49','2018-09-09','take-away',44,5,'Pickup',510),(145,'04:58:15','2018-09-02','inhouse',37,1,'Cycle',668),(146,'02:46:52','2018-09-12','take-away',38,11,'Customer',896),(147,'02:11:18','2018-05-16','inhouse',41,4,'Drone',902),(148,'22:24:00','2017-12-24','take-away',21,6,'Customer',660),(149,'15:45:40','2017-11-03','inhouse',18,1,'Cycle',60),(150,'23:07:17','2017-10-28','take-away',34,6,'Pickup',826),(151,'23:15:49','2018-07-11','take-away',38,5,'Customer',165),(152,'19:29:14','2018-04-03','take-away',29,3,'Car',513),(153,'10:08:33','2018-09-03','inhouse',4,9,'Pickup',477),(154,'20:49:47','2018-04-09','inhouse',36,1,'Car',835),(155,'09:25:29','2018-07-16','inhouse',35,2,'Car',782),(156,'02:06:17','2018-08-09','take-away',3,2,'Pickup',789),(157,'06:00:31','2018-01-28','inhouse',22,11,'Customer',227),(158,'05:09:00','2018-09-16','inhouse',14,11,'Car',142),(159,'08:44:53','2018-07-05','inhouse',38,6,'Drone',55),(160,'00:24:10','2018-01-07','inhouse',43,9,'Drone',585),(161,'10:31:25','2017-10-15','take-away',18,4,'Drone',102),(162,'00:36:51','2018-03-10','inhouse',40,5,'Cycle',457),(163,'22:22:57','2017-11-05','take-away',30,3,'Pickup',661),(164,'10:30:21','2017-10-25','inhouse',6,8,'Pickup',646),(165,'16:32:11','2018-06-30','inhouse',5,5,'Cycle',376),(166,'17:03:49','2017-11-03','take-away',31,8,'Customer',726),(167,'08:40:01','2018-05-08','take-away',28,6,'Customer',780),(168,'12:20:35','2018-07-11','inhouse',15,9,'Pickup',583),(169,'02:22:45','2018-06-12','take-away',25,8,'Car',67),(170,'09:10:51','2018-09-17','take-away',23,6,'Drone',195),(171,'08:15:14','2018-08-15','inhouse',26,8,'Pickup',461),(172,'20:06:25','2018-08-08','inhouse',32,11,'Cycle',544),(173,'21:28:46','2017-12-05','inhouse',29,3,'Drone',493),(174,'04:57:42','2018-07-16','inhouse',11,2,'Customer',376),(175,'07:32:45','2018-01-01','inhouse',26,3,'Car',956),(176,'13:32:29','2018-05-15','inhouse',25,1,'Pickup',458),(177,'04:49:32','2018-02-05','take-away',42,10,'Car',626),(178,'13:19:47','2018-03-16','take-away',17,11,'Pickup',451),(179,'06:26:25','2018-07-22','take-away',45,10,'Car',449),(180,'22:23:03','2018-07-30','take-away',36,1,'Customer',855),(181,'08:54:04','2018-04-02','take-away',41,6,'Car',660),(182,'18:49:47','2018-09-23','take-away',44,3,'Pickup',128),(183,'15:05:00','2018-09-05','inhouse',16,2,'Drone',214),(184,'04:25:10','2018-05-19','inhouse',36,10,'Pickup',924),(185,'07:46:45','2017-10-28','take-away',30,7,'Customer',264),(186,'09:34:33','2018-01-05','take-away',14,2,'Car',140),(187,'11:49:00','2017-11-19','inhouse',42,11,'Car',755),(188,'12:27:42','2018-02-24','take-away',37,2,'Car',953),(189,'00:05:54','2018-08-10','inhouse',1,1,'Customer',979),(190,'18:04:56','2018-04-06','take-away',20,8,'Pickup',694),(191,'12:32:52','2018-05-16','take-away',23,3,'Car',948),(192,'18:16:43','2017-10-26','take-away',30,3,'Cycle',784),(193,'14:05:07','2018-08-03','take-away',8,6,'Pickup',533),(194,'15:35:47','2018-10-01','take-away',9,6,'Customer',426),(195,'09:48:03','2018-08-10','inhouse',3,6,'Car',669),(196,'06:32:27','2018-04-26','take-away',13,9,'Drone',398),(197,'13:02:50','2017-12-04','take-away',10,3,'Car',615),(198,'04:28:06','2018-01-02','inhouse',40,1,'Customer',796),(199,'00:57:55','2017-12-11','take-away',5,1,'Cycle',734),(200,'07:13:21','2018-07-07','inhouse',34,10,'Pickup',759),(201,'10:07:43','2018-02-06','take-away',8,6,'Cycle',83),(202,'13:40:31','2018-02-10','inhouse',33,3,'Car',445),(203,'03:48:50','2018-01-28','take-away',6,9,'Pickup',995),(204,'16:07:48','2018-10-15','take-away',13,11,'Cycle',359),(205,'01:33:55','2018-06-18','inhouse',44,8,'Customer',637),(206,'04:01:33','2018-02-23','take-away',21,5,'Car',58),(207,'11:58:03','2018-06-02','inhouse',3,11,'Pickup',257),(208,'00:06:10','2018-09-22','inhouse',33,6,'Cycle',384),(209,'15:24:30','2018-08-02','inhouse',5,7,'Pickup',576),(210,'22:50:44','2018-08-28','inhouse',40,3,'Car',754),(211,'22:23:41','2018-02-21','take-away',33,9,'Pickup',918),(212,'01:16:19','2018-02-04','take-away',44,10,'Pickup',179),(213,'22:28:59','2018-08-05','inhouse',27,6,'Car',710),(214,'06:58:12','2018-09-19','inhouse',5,3,'Cycle',576),(215,'11:16:50','2018-10-11','take-away',6,11,'Pickup',987),(216,'13:02:57','2018-06-24','take-away',33,11,'Car',86),(217,'03:31:46','2018-06-25','take-away',40,10,'Cycle',356),(218,'06:36:25','2018-05-09','inhouse',37,10,'Car',280),(219,'10:17:45','2018-04-20','take-away',13,9,'Cycle',421),(220,'09:13:32','2018-07-06','take-away',38,6,'Cycle',431),(221,'17:06:54','2018-04-09','take-away',20,4,'Customer',503),(222,'06:18:28','2018-01-23','take-away',11,6,'Car',561),(223,'00:46:21','2017-12-01','inhouse',4,3,'Cycle',245),(224,'09:41:27','2018-10-03','take-away',6,6,'Drone',589),(225,'02:07:51','2018-07-27','inhouse',44,11,'Pickup',431),(226,'17:37:51','2018-01-01','take-away',4,4,'Pickup',840),(227,'19:16:23','2018-03-16','take-away',31,8,'Cycle',466),(228,'05:11:29','2018-04-01','inhouse',4,2,'Car',301),(229,'06:51:32','2018-09-28','inhouse',12,11,'Customer',527),(230,'08:04:55','2017-10-18','take-away',47,3,'Drone',771),(231,'22:51:17','2017-11-02','take-away',2,4,'Customer',200),(232,'13:59:36','2018-08-22','take-away',45,11,'Drone',646),(233,'19:19:08','2018-07-11','inhouse',32,1,'Car',368),(234,'22:43:17','2018-09-20','inhouse',21,10,'Car',858),(235,'11:00:39','2018-05-25','inhouse',47,5,'Drone',833),(236,'11:51:09','2018-04-22','inhouse',25,7,'Pickup',216),(237,'15:54:55','2018-06-24','inhouse',35,6,'Drone',942),(238,'09:08:34','2018-08-13','take-away',17,8,'Pickup',513),(239,'04:15:54','2018-05-30','take-away',44,11,'Customer',176),(240,'08:49:40','2018-10-14','take-away',25,7,'Car',199),(241,'11:04:44','2018-05-28','take-away',14,3,'Pickup',928),(242,'16:07:55','2018-08-07','take-away',25,5,'Customer',394),(243,'06:04:17','2018-07-27','inhouse',36,11,'Car',243),(244,'11:28:38','2018-08-01','take-away',43,4,'Cycle',759),(245,'22:26:20','2018-01-06','inhouse',34,11,'Customer',950),(246,'12:24:15','2018-02-10','take-away',31,3,'Drone',480),(247,'12:18:43','2017-10-19','take-away',32,1,'Car',582),(248,'09:41:19','2018-02-09','inhouse',28,11,'Drone',122),(249,'05:48:49','2018-05-19','inhouse',47,8,'Car',435),(250,'17:36:57','2018-01-31','inhouse',38,9,'Car',343);
/*!40000 ALTER TABLE `orders` ENABLE KEYS */;
UNLOCK TABLES;
/*!40103 SET TIME_ZONE=@OLD_TIME_ZONE */;

/*!40101 SET SQL_MODE=@OLD_SQL_MODE */;
/*!40014 SET FOREIGN_KEY_CHECKS=@OLD_FOREIGN_KEY_CHECKS */;
/*!40014 SET UNIQUE_CHECKS=@OLD_UNIQUE_CHECKS */;
/*!40101 SET CHARACTER_SET_CLIENT=@OLD_CHARACTER_SET_CLIENT */;
/*!40101 SET CHARACTER_SET_RESULTS=@OLD_CHARACTER_SET_RESULTS */;
/*!40101 SET COLLATION_CONNECTION=@OLD_COLLATION_CONNECTION */;
/*!40111 SET SQL_NOTES=@OLD_SQL_NOTES */;

-- Dump completed on 2018-10-16 14:51:28
