-- MySQL dump 10.13  Distrib 5.7.23, for Linux (x86_64)
--
-- Host: localhost    Database: statistics
-- ------------------------------------------------------
-- Server version	5.7.23-0ubuntu0.18.04.1

/*!40101 SET @OLD_CHARACTER_SET_CLIENT=@@CHARACTER_SET_CLIENT */;
/*!40101 SET @OLD_CHARACTER_SET_RESULTS=@@CHARACTER_SET_RESULTS */;
/*!40101 SET @OLD_COLLATION_CONNECTION=@@COLLATION_CONNECTION */;
/*!40101 SET NAMES utf8 */;
/*!40103 SET @OLD_TIME_ZONE=@@TIME_ZONE */;
/*!40103 SET TIME_ZONE='+00:00' */;
/*!40014 SET @OLD_UNIQUE_CHECKS=@@UNIQUE_CHECKS, UNIQUE_CHECKS=0 */;
/*!40014 SET @OLD_FOREIGN_KEY_CHECKS=@@FOREIGN_KEY_CHECKS, FOREIGN_KEY_CHECKS=0 */;
/*!40101 SET @OLD_SQL_MODE=@@SQL_MODE, SQL_MODE='NO_AUTO_VALUE_ON_ZERO' */;
/*!40111 SET @OLD_SQL_NOTES=@@SQL_NOTES, SQL_NOTES=0 */;

--
-- Table structure for table `customer`
--

DROP TABLE IF EXISTS `customer`;
/*!40101 SET @saved_cs_client     = @@character_set_client */;
/*!40101 SET character_set_client = utf8 */;
CREATE TABLE `customer` (
  `customer_id` int(9) NOT NULL AUTO_INCREMENT,
  `f_name` varchar(20) DEFAULT NULL,
  `s_name` varchar(30) DEFAULT NULL,
  `phone` int(11) DEFAULT NULL,
  `birthdate` date DEFAULT NULL,
  `email` varchar(50) DEFAULT NULL,
  `c_address` varchar(100) DEFAULT NULL,
  PRIMARY KEY (`customer_id`)
) ENGINE=InnoDB AUTO_INCREMENT=51 DEFAULT CHARSET=latin1;
/*!40101 SET character_set_client = @saved_cs_client */;

--
-- Dumping data for table `customer`
--

LOCK TABLES `customer` WRITE;
/*!40000 ALTER TABLE `customer` DISABLE KEYS */;
INSERT INTO `customer` VALUES (1,'Vanessa','Ramirez',75867504,'1993-02-04','stephanieschmidt@gmail.com','58939 Decker Forks Apt. 305\nFloreshaven, ND 78075'),(2,'James','Briggs',5841858,'1990-11-05','smithedward@santiago.org','USCGC Kelly\nFPO AP 74323'),(3,'Alex','Davis',29812356,'2008-01-18','betty66@gmail.com','348 David Dam\nAlbertside, VT 27878'),(4,'Erin','Hopkins',51410216,'1999-11-27','clarencewalker@jones.com','448 Charles Plaza\nMurraychester, MT 80016'),(5,'Kathy','Gillespie',2698182,'2012-01-13','tdillon@gmail.com','6745 Gina Meadows\nWest Katherine, TN 44409'),(6,'Robert','Summers',18770233,'2003-03-14','diane67@foster.info','391 Ross Trail Apt. 162\nMichaelborough, ND 19882'),(7,'Barbara','Benson',39458203,'2002-12-26','michaelsmith@gmail.com','7746 Audrey Loaf\nEast Davidstad, KY 03062'),(8,'Lynn','Farrell',51112322,'1999-06-22','jleonard@mitchell-brown.biz','641 Ashley Fall Suite 213\nDaniellehaven, DE 30613'),(9,'Brandi','Scott',40530167,'2016-10-10','kyleharris@hotmail.com','277 Barron Meadow Apt. 753\nJacksonhaven, TX 31662'),(10,'Rebecca','Campbell',32699855,'2017-11-04','kthompson@sexton-richardson.com','146 Jason Fords Suite 782\nNew Jameschester, MT 13939'),(11,'Lauren','Pratt',43958810,'1989-02-07','kennethwright@hotmail.com','3788 Latoya Lodge\nEast Craig, GA 65536'),(12,'Melissa','Odonnell',1726850,'1998-10-22','raymondchang@hotmail.com','912 Carter Common\nPort Dominique, WI 24373'),(13,'Mark','Ortega',5758320,'2005-12-01','kevinreed@smith-mayo.com','708 Beth Extensions Suite 260\nLake Timothyside, ID 90309'),(14,'Tasha','Gomez',48746095,'1975-09-15','melanie76@miles.com','327 Mitchell Tunnel\nAdamston, MO 73248'),(15,'Justin','Williams',17391883,'1972-01-30','ptrujillo@gmail.com','34215 Johnson Plains\nEast Carolport, NC 11178'),(16,'Jason','Donovan',39110175,'1971-12-16','alexistrevino@hotmail.com','PSC 2478, Box 9638\nAPO AP 68719'),(17,'Lee','Barnett',61584885,'2007-04-15','hamiltonlarry@newman-nicholson.com','9933 Leonard Branch Suite 245\nChristophertown, LA 96265'),(18,'Brittney','Gonzales',15149274,'1992-09-18','leah63@yahoo.com','PSC 1732, Box 9244\nAPO AA 01517'),(19,'Tim','Winters',61065469,'1976-02-29','alex62@sampson.com','2891 Vasquez Meadows\nLake Jill, OK 39143'),(20,'Cody','Clark',55058395,'2016-12-05','qnguyen@moore.org','8856 Christopher Drives\nLake Randy, KY 71341'),(21,'Roberto','Petty',47086434,'1970-07-25','amy73@alvarez.com','5100 Glenn Loaf\nSouth Tasha, MS 79279'),(22,'Christine','Reilly',90239919,'1995-10-02','johnsonsandy@harris.com','PSC 6923, Box 4416\nAPO AE 21976'),(23,'Jessica','Scott',5662135,'1986-01-16','rickygarcia@taylor.net','473 Nicholas Hills Suite 487\nWest Darlene, MA 26032'),(24,'Mark','Conner',91889153,'1975-11-15','charlesevans@hotmail.com','280 Sabrina Crossing Suite 761\nPriscillafurt, OH 47283'),(25,'Daniel','Perez',19271784,'2011-01-18','shelbypacheco@gregory-johnson.info','342 Freeman Mountains\nBautistahaven, PA 29961'),(26,'Tiffany','Martinez',50229353,'1972-04-20','qpena@gmail.com','33533 Potts Mission\nJohnnyfurt, AL 85347'),(27,'Rebecca','Ward',75008074,'2018-06-25','mercedes58@yahoo.com','508 Tran Heights\nCoffeybury, IA 35166'),(28,'Scott','Sanders',62604285,'1991-08-16','charles84@gmail.com','40481 Blair Branch\nLake John, AK 23232'),(29,'Amanda','Hernandez',60560538,'1973-07-15','valentinealyssa@kelly-montgomery.info','4935 Denise Circle\nNorth Susan, WY 08177'),(30,'Mark','Perez',55847194,'1971-12-12','chadcox@gmail.com','672 Christopher Rest Apt. 191\nNorth Denisehaven, MD 59985'),(31,'Peter','Gomez',199307,'1983-06-01','sheppardjacob@gmail.com','73981 Ashley Ways Suite 724\nEast Kevin, NM 80412'),(32,'Michelle','Williams',94027852,'2011-08-09','csanders@gmail.com','738 Samantha Tunnel\nKevinchester, NV 79299'),(33,'Rebecca','Kane',43362256,'1996-11-21','kim07@gmail.com','165 Hardy Mountains Suite 379\nTrevorside, IN 92774'),(34,'Katrina','Ray',82492153,'2012-08-18','nicholasmartin@daniel.net','Unit 1558 Box 4506\nDPO AP 05099'),(35,'Mitchell','Bell',39583236,'1988-08-02','mwilson@yahoo.com','1476 Lisa Flats Suite 565\nWest Jake, SC 92328'),(36,'Chase','Bryant',89857108,'1981-03-10','austin16@hotmail.com','92191 Brown Freeway Suite 443\nConnerfort, MO 98484'),(37,'Steven','Wall',81504488,'2016-04-24','kmorgan@hotmail.com','098 Moore View\nNew Sandra, NJ 27630'),(38,'Jason','Tate',74365342,'2018-06-05','hestersherry@pineda.com','559 Santiago Summit Apt. 644\nNew Kyle, UT 51179'),(39,'Elizabeth','Solomon',57924614,'1981-03-04','beverly94@hotmail.com','34992 Norton Inlet Suite 942\nNew Danieltown, NJ 98078'),(40,'Christopher','Cox',76001335,'2006-06-13','christinahardy@davis.com','4577 Mark Loaf\nJamesshire, MA 43075'),(41,'Christie','Cohen',25466246,'1972-09-05','garciabelinda@hotmail.com','429 Jennifer Stravenue Suite 858\nNorth Nicholasberg, OR 13163'),(42,'Gregory','Perez',66576950,'2008-11-20','mmills@gonzalez.com','806 Wendy Parkway\nRamirezhaven, IN 90676'),(43,'Christopher','Wilkins',78556083,'2017-01-28','avilajasmine@gmail.com','5962 Greene Trail\nPort Deborahchester, MN 17056'),(44,'Kaylee','Franco',73174219,'1973-10-13','foleystephanie@gmail.com','983 Brianna Port Suite 079\nPort Kari, ME 36777'),(45,'Patrick','Erickson',20869384,'1996-03-01','savannahparks@smith-walker.org','178 Justin Prairie\nEast Eric, FL 36276'),(46,'Deborah','Reyes',23102571,'1982-01-21','hortiz@gmail.com','512 Douglas Path\nPort Troy, TX 68504'),(47,'Michael','Conner',85783350,'1973-09-29','harrellchristina@deleon.com','78225 Shannon Port\nJohnbury, ID 37945'),(48,'Charles','Martinez',52476709,'1999-08-31','jeremybrown@cooper.com','9445 David Summit\nNorth Andreashire, DC 39461'),(49,'Robert','Payne',74828749,'1976-07-05','traciecosta@burke-munoz.com','078 Byrd Ranch\nKimberlyshire, KY 81944'),(50,'William','Lewis',38770142,'1981-06-15','brandonperez@yahoo.com','7566 English Place\nRobinsonfort, NY 09566');
/*!40000 ALTER TABLE `customer` ENABLE KEYS */;
UNLOCK TABLES;

--
-- Table structure for table `dish`
--

DROP TABLE IF EXISTS `dish`;
/*!40101 SET @saved_cs_client     = @@character_set_client */;
/*!40101 SET character_set_client = utf8 */;
CREATE TABLE `dish` (
  `dish_id` int(9) NOT NULL AUTO_INCREMENT,
  `dish_name` varchar(50) CHARACTER SET utf8 COLLATE utf8_unicode_ci DEFAULT NULL,
  `price` int(9) DEFAULT NULL,
  PRIMARY KEY (`dish_id`)
) ENGINE=InnoDB AUTO_INCREMENT=12 DEFAULT CHARSET=latin1;
/*!40101 SET character_set_client = @saved_cs_client */;

--
-- Dumping data for table `dish`
--

LOCK TABLES `dish` WRITE;
/*!40000 ALTER TABLE `dish` DISABLE KEYS */;
INSERT INTO `dish` VALUES (1,'Pepperoni Pizza',635),(2,'Pasta Bolognese',372),(3,'Ribeye',301),(4,'French Onion Soup',412),(5,'Cesar Salad',123),(6,'Fish and Chips',946),(7,'Sushi',740),(8,'Bibimbap',985),(9,'Cheeseburger',252),(10,'Yemista',292),(11,'Roasted Lamb',43);
/*!40000 ALTER TABLE `dish` ENABLE KEYS */;
UNLOCK TABLES;

--
-- Table structure for table `orders`
--

DROP TABLE IF EXISTS `orders`;
/*!40101 SET @saved_cs_client     = @@character_set_client */;
/*!40101 SET character_set_client = utf8 */;
CREATE TABLE `orders` (
  `order_id` int(9) NOT NULL AUTO_INCREMENT,
  `time_stamp` time DEFAULT NULL,
  `date` date DEFAULT NULL,
  `order_type` varchar(20) DEFAULT NULL,
  `customer_id` int(9) DEFAULT NULL,
  `dish_id` int(9) DEFAULT NULL,
  `delivery` varchar(32) DEFAULT NULL,
  `price` int(9) DEFAULT NULL,
  PRIMARY KEY (`order_id`),
  KEY `dish_id_ibfk1` (`dish_id`),
  KEY `customer_id_ibfk2` (`customer_id`),
  CONSTRAINT `customer_id_ibfk2` FOREIGN KEY (`customer_id`) REFERENCES `customer` (`customer_id`),
  CONSTRAINT `dish_id_ibfk1` FOREIGN KEY (`dish_id`) REFERENCES `dish` (`dish_id`)
) ENGINE=InnoDB AUTO_INCREMENT=251 DEFAULT CHARSET=latin1;
/*!40101 SET character_set_client = @saved_cs_client */;

--
-- Dumping data for table `orders`
--

LOCK TABLES `orders` WRITE;
/*!40000 ALTER TABLE `orders` DISABLE KEYS */;
INSERT INTO `orders` VALUES (1,'17:19:55','2015-07-18','inhouse',42,11,'Customer',481),(2,'21:44:12','2014-08-10','inhouse',23,9,'Cycle',655),(3,'00:25:03','1974-06-13','inhouse',37,11,'Car',154),(4,'03:28:38','2012-01-15','take-away',43,3,'Drone',502),(5,'09:03:54','1980-02-06','inhouse',32,4,'Pickup',621),(6,'05:12:34','2006-11-09','take-away',32,9,'Car',511),(7,'21:45:33','2009-01-20','take-away',30,7,'Customer',624),(8,'01:56:17','1978-02-08','inhouse',37,8,'Pickup',950),(9,'07:28:51','1983-11-03','take-away',26,6,'Pickup',540),(10,'09:57:24','1970-10-09','take-away',5,11,'Cycle',429),(11,'19:21:28','2015-12-10','take-away',13,10,'Car',344),(12,'00:28:04','1979-06-11','take-away',20,3,'Drone',967),(13,'02:22:30','1971-09-12','inhouse',13,2,'Pickup',302),(14,'01:52:38','2010-05-31','inhouse',2,11,'Drone',851),(15,'09:43:05','1985-11-16','inhouse',29,4,'Cycle',82),(16,'10:34:11','1986-01-28','inhouse',14,9,'Pickup',719),(17,'07:54:00','2012-01-12','inhouse',49,11,'Cycle',507),(18,'05:50:01','2006-03-05','inhouse',38,5,'Drone',987),(19,'06:26:55','1991-08-30','take-away',45,3,'Car',717),(20,'21:08:03','2001-03-04','inhouse',16,5,'Customer',602),(21,'19:33:32','2001-11-29','take-away',43,7,'Customer',216),(22,'03:05:17','1971-05-22','inhouse',5,5,'Pickup',190),(23,'04:36:55','1988-06-25','inhouse',12,10,'Drone',911),(24,'02:54:28','1972-08-08','take-away',29,7,'Drone',823),(25,'05:34:55','2008-09-07','take-away',40,4,'Car',580),(26,'02:38:10','1980-04-17','inhouse',31,10,'Cycle',270),(27,'01:08:11','1971-04-04','inhouse',50,11,'Cycle',610),(28,'06:35:45','1991-04-10','take-away',9,10,'Cycle',994),(29,'07:09:11','2004-01-28','inhouse',39,4,'Cycle',364),(30,'10:17:31','1987-01-01','inhouse',1,7,'Pickup',167),(31,'08:20:57','1973-03-11','inhouse',35,4,'Car',104),(32,'22:36:43','1982-05-19','inhouse',39,4,'Pickup',789),(33,'20:27:02','1994-09-05','inhouse',25,11,'Car',880),(34,'03:31:12','2000-05-05','take-away',46,5,'Cycle',945),(35,'18:20:31','2013-11-09','inhouse',20,8,'Pickup',823),(36,'18:35:40','1985-07-18','inhouse',5,8,'Customer',791),(37,'06:02:34','1971-03-09','take-away',25,2,'Pickup',195),(38,'16:41:51','1989-06-30','take-away',48,6,'Car',172),(39,'18:23:38','1984-04-15','take-away',30,2,'Drone',92),(40,'12:47:43','2003-02-03','take-away',28,9,'Cycle',978),(41,'00:40:21','2004-02-01','inhouse',21,11,'Drone',444),(42,'14:57:38','2010-04-27','inhouse',39,8,'Drone',603),(43,'15:55:11','2014-05-19','inhouse',33,5,'Customer',326),(44,'21:26:11','2013-02-05','take-away',48,11,'Car',416),(45,'09:45:47','2011-07-06','inhouse',30,5,'Pickup',545),(46,'01:31:35','2014-03-14','take-away',43,1,'Customer',738),(47,'00:18:38','1976-05-24','take-away',36,8,'Pickup',896),(48,'05:15:40','1980-05-12','take-away',40,4,'Drone',850),(49,'23:14:32','1998-02-03','take-away',10,2,'Cycle',867),(50,'04:08:52','2002-10-16','inhouse',1,9,'Pickup',821),(51,'18:23:27','1982-01-02','take-away',13,9,'Cycle',491),(52,'07:19:48','1996-06-27','inhouse',37,1,'Car',534),(53,'21:27:36','2006-04-25','take-away',9,3,'Pickup',866),(54,'14:59:07','2003-12-12','take-away',5,10,'Car',330),(55,'15:21:51','1984-07-25','inhouse',9,4,'Car',320),(56,'10:14:20','1981-11-28','inhouse',17,3,'Car',420),(57,'12:42:00','1980-06-05','inhouse',40,7,'Drone',611),(58,'14:44:30','1970-12-11','inhouse',40,9,'Cycle',975),(59,'08:30:20','1997-06-03','take-away',11,1,'Customer',594),(60,'18:41:03','1987-05-15','take-away',36,11,'Customer',533),(61,'22:40:21','1973-07-09','inhouse',47,10,'Car',207),(62,'02:37:00','2000-07-09','take-away',28,2,'Drone',308),(63,'22:57:31','1984-11-06','take-away',33,6,'Car',86),(64,'21:37:26','1997-10-21','take-away',4,3,'Drone',167),(65,'00:38:47','1998-02-19','take-away',22,1,'Car',351),(66,'22:27:02','1996-07-28','take-away',13,6,'Drone',436),(67,'12:50:44','2018-01-25','inhouse',27,9,'Cycle',723),(68,'14:29:18','1999-06-05','take-away',31,9,'Car',733),(69,'03:05:50','2017-10-11','inhouse',28,10,'Drone',755),(70,'17:15:30','1996-09-02','take-away',30,9,'Pickup',454),(71,'11:09:27','2001-12-14','take-away',13,10,'Car',286),(72,'20:21:33','2016-02-09','inhouse',27,11,'Drone',331),(73,'18:03:41','1970-04-09','take-away',49,1,'Drone',63),(74,'00:21:13','2007-08-12','take-away',26,7,'Cycle',490),(75,'13:18:08','2011-12-22','inhouse',36,3,'Drone',830),(76,'02:41:35','1996-01-06','inhouse',41,1,'Pickup',203),(77,'16:14:13','1988-12-06','take-away',14,10,'Drone',732),(78,'14:11:30','1990-07-11','inhouse',48,11,'Cycle',634),(79,'21:05:11','1991-01-09','inhouse',20,1,'Car',507),(80,'18:21:50','1971-01-05','take-away',46,3,'Car',308),(81,'11:55:17','1986-11-06','inhouse',44,10,'Car',91),(82,'14:48:01','1999-12-05','take-away',2,4,'Customer',98),(83,'07:00:55','2014-04-27','inhouse',39,6,'Pickup',397),(84,'02:42:48','2014-04-21','inhouse',21,6,'Drone',90),(85,'13:20:31','1981-06-23','take-away',49,6,'Car',539),(86,'04:16:33','1970-03-11','inhouse',1,1,'Car',557),(87,'01:19:52','2014-12-04','inhouse',36,2,'Customer',810),(88,'15:37:55','1991-01-07','inhouse',46,6,'Cycle',273),(89,'00:30:27','1999-09-17','inhouse',25,4,'Car',159),(90,'01:14:13','2002-12-01','take-away',31,8,'Pickup',881),(91,'12:11:27','1980-07-23','take-away',29,2,'Drone',101),(92,'06:33:28','1992-12-02','take-away',31,5,'Cycle',711),(93,'02:13:11','2004-08-30','inhouse',7,5,'Drone',688),(94,'10:42:43','2008-07-03','take-away',19,7,'Cycle',391),(95,'13:20:42','1980-05-19','take-away',5,3,'Car',166),(96,'04:31:13','1972-02-05','take-away',3,9,'Car',131),(97,'21:06:57','2013-07-25','take-away',48,9,'Car',527),(98,'01:16:57','1973-08-13','inhouse',21,7,'Car',702),(99,'10:10:27','1979-12-16','take-away',11,5,'Pickup',63),(100,'10:12:40','1971-06-17','take-away',48,3,'Cycle',847),(101,'15:43:09','2011-09-30','take-away',12,2,'Drone',785),(102,'21:55:43','1976-06-06','take-away',4,4,'Car',805),(103,'02:45:00','2012-02-04','inhouse',22,2,'Car',871),(104,'06:10:09','2000-11-13','inhouse',25,2,'Drone',608),(105,'02:01:51','2009-04-04','inhouse',23,1,'Car',851),(106,'16:27:11','2008-04-30','take-away',46,8,'Drone',991),(107,'03:47:07','2011-03-03','inhouse',20,1,'Cycle',538),(108,'06:42:22','1971-02-06','take-away',33,4,'Pickup',115),(109,'14:35:10','2000-06-30','take-away',47,5,'Drone',791),(110,'03:12:48','1995-05-22','take-away',36,6,'Cycle',964),(111,'04:55:45','2018-09-17','take-away',27,4,'Pickup',746),(112,'08:46:46','1978-12-16','take-away',49,7,'Car',489),(113,'21:38:53','2014-05-22','take-away',2,7,'Customer',562),(114,'02:51:01','1987-04-12','take-away',38,2,'Customer',300),(115,'03:22:12','1982-09-25','inhouse',11,10,'Customer',472),(116,'16:23:05','2013-07-20','inhouse',27,5,'Pickup',732),(117,'23:36:44','1970-11-01','take-away',24,2,'Cycle',205),(118,'12:17:08','1982-02-09','inhouse',30,11,'Customer',88),(119,'05:53:02','1977-06-02','take-away',32,5,'Car',310),(120,'08:30:23','2002-11-26','take-away',38,8,'Drone',390),(121,'17:05:54','1984-04-21','inhouse',48,5,'Drone',999),(122,'02:06:41','2012-09-22','inhouse',48,8,'Customer',633),(123,'03:16:23','1987-07-21','inhouse',28,8,'Car',410),(124,'17:11:10','2009-11-26','inhouse',38,2,'Drone',520),(125,'18:41:10','1983-08-20','inhouse',6,9,'Customer',835),(126,'20:54:09','1994-11-14','inhouse',20,7,'Cycle',974),(127,'10:48:41','2015-08-28','inhouse',39,2,'Cycle',473),(128,'00:52:12','1992-11-22','inhouse',27,5,'Drone',196),(129,'21:34:16','1993-07-19','inhouse',19,4,'Drone',779),(130,'10:24:35','2003-10-29','inhouse',19,2,'Drone',367),(131,'22:11:46','1970-12-24','take-away',9,11,'Cycle',789),(132,'12:30:57','1977-11-25','take-away',37,6,'Cycle',186),(133,'23:33:27','2010-03-01','take-away',43,8,'Cycle',786),(134,'13:30:24','1991-10-21','inhouse',25,1,'Pickup',813),(135,'20:07:57','2014-05-24','take-away',6,1,'Car',569),(136,'02:10:26','1989-02-05','inhouse',35,10,'Car',690),(137,'10:59:08','1984-02-17','inhouse',47,10,'Customer',738),(138,'19:56:14','1980-01-11','take-away',19,6,'Car',791),(139,'03:47:21','1979-11-10','take-away',43,7,'Pickup',552),(140,'14:10:59','1997-07-14','take-away',8,9,'Car',308),(141,'14:01:45','1995-11-08','take-away',45,1,'Cycle',789),(142,'17:54:45','1991-11-01','take-away',23,1,'Car',439),(143,'05:53:42','2004-08-31','inhouse',20,4,'Drone',718),(144,'09:17:36','1993-09-12','take-away',38,3,'Customer',662),(145,'03:48:02','1990-12-20','take-away',21,6,'Drone',239),(146,'18:00:07','1992-06-09','take-away',50,11,'Cycle',448),(147,'10:21:50','1979-02-26','inhouse',24,6,'Pickup',501),(148,'03:08:48','2017-01-13','inhouse',38,1,'Pickup',504),(149,'11:23:44','1987-01-02','take-away',19,1,'Customer',551),(150,'10:45:12','2006-10-24','take-away',41,5,'Car',385),(151,'02:00:41','2000-03-19','inhouse',29,6,'Pickup',231),(152,'20:08:48','1985-09-13','take-away',42,8,'Drone',616),(153,'09:07:16','2004-12-01','take-away',25,4,'Pickup',135),(154,'05:47:20','1990-04-05','take-away',48,9,'Cycle',772),(155,'21:09:23','1993-06-07','inhouse',44,11,'Drone',852),(156,'17:51:57','1984-08-08','inhouse',11,5,'Cycle',892),(157,'08:18:29','1980-07-01','take-away',46,1,'Car',61),(158,'17:35:20','1992-11-18','take-away',13,3,'Cycle',172),(159,'17:00:26','1976-05-25','inhouse',9,3,'Car',116),(160,'11:25:53','2005-06-02','inhouse',8,9,'Customer',132),(161,'18:26:19','1988-07-02','inhouse',31,7,'Customer',293),(162,'00:16:33','2010-03-31','inhouse',28,10,'Customer',132),(163,'13:05:00','2018-05-19','take-away',41,1,'Pickup',894),(164,'17:47:15','2016-12-15','take-away',44,2,'Pickup',509),(165,'16:41:39','1986-09-25','take-away',23,4,'Drone',689),(166,'22:58:59','2000-01-06','inhouse',32,1,'Pickup',208),(167,'04:55:31','1971-01-24','inhouse',42,8,'Drone',282),(168,'20:27:26','2013-11-23','inhouse',22,7,'Customer',365),(169,'20:41:36','2014-03-10','inhouse',15,5,'Car',288),(170,'08:36:58','1970-04-26','take-away',30,6,'Customer',667),(171,'21:58:40','1986-10-14','inhouse',43,1,'Drone',811),(172,'17:24:28','2018-07-31','take-away',4,4,'Car',121),(173,'14:01:20','1978-02-23','take-away',10,8,'Pickup',414),(174,'23:42:42','1997-07-14','inhouse',39,6,'Customer',655),(175,'01:20:59','1970-11-16','take-away',48,4,'Customer',963),(176,'07:11:04','1985-10-05','inhouse',7,11,'Drone',119),(177,'17:20:36','2000-10-11','take-away',42,3,'Drone',788),(178,'14:04:53','1997-03-04','take-away',45,7,'Customer',683),(179,'18:24:25','1973-03-22','inhouse',6,10,'Car',657),(180,'08:39:41','1989-08-20','take-away',3,4,'Car',546),(181,'16:23:23','2009-04-02','take-away',33,5,'Drone',243),(182,'11:10:13','1980-12-16','take-away',44,10,'Car',54),(183,'08:18:34','1972-01-15','inhouse',3,6,'Car',571),(184,'08:16:31','2008-05-01','inhouse',19,9,'Cycle',324),(185,'10:24:16','1991-04-04','inhouse',48,5,'Customer',524),(186,'14:07:56','2003-08-02','take-away',48,2,'Drone',521),(187,'09:02:04','2005-07-11','inhouse',12,4,'Drone',483),(188,'00:12:58','1997-07-23','inhouse',13,4,'Customer',767),(189,'18:16:04','1978-11-17','take-away',30,10,'Pickup',899),(190,'05:12:35','1994-05-10','take-away',5,2,'Customer',765),(191,'19:47:35','1980-06-25','inhouse',17,10,'Pickup',96),(192,'02:50:21','1984-09-17','take-away',4,2,'Drone',123),(193,'13:19:17','1993-03-05','take-away',27,3,'Cycle',374),(194,'23:25:47','1975-10-16','take-away',18,1,'Customer',688),(195,'10:37:25','2006-10-22','inhouse',8,10,'Car',184),(196,'06:52:53','2011-12-16','inhouse',8,7,'Cycle',832),(197,'04:02:53','2006-06-22','inhouse',22,11,'Cycle',381),(198,'05:07:49','2013-09-29','inhouse',32,3,'Customer',372),(199,'21:05:40','1992-11-09','take-away',35,1,'Car',326),(200,'13:47:27','1987-05-26','take-away',6,2,'Pickup',881),(201,'13:43:54','1994-11-12','take-away',19,10,'Pickup',291),(202,'05:13:57','2006-12-20','inhouse',5,6,'Pickup',970),(203,'19:32:05','1986-07-14','take-away',16,8,'Pickup',312),(204,'14:30:11','1971-04-12','take-away',43,11,'Drone',310),(205,'09:32:52','1999-04-04','inhouse',47,9,'Cycle',58),(206,'03:09:18','1983-11-02','inhouse',17,4,'Cycle',341),(207,'04:36:31','1994-10-23','take-away',48,6,'Drone',291),(208,'00:19:36','1975-04-29','inhouse',47,8,'Car',386),(209,'02:52:15','2004-02-04','inhouse',13,10,'Car',970),(210,'19:58:03','2001-05-28','take-away',41,2,'Pickup',739),(211,'18:28:43','1978-02-18','take-away',4,9,'Customer',925),(212,'07:53:17','1997-10-21','inhouse',5,8,'Customer',976),(213,'18:29:43','1994-11-30','inhouse',17,8,'Pickup',518),(214,'00:04:16','1993-08-17','inhouse',20,8,'Customer',365),(215,'21:52:10','2006-11-27','take-away',36,9,'Cycle',323),(216,'03:38:53','1979-04-16','take-away',47,7,'Cycle',497),(217,'23:58:09','1993-04-26','take-away',16,10,'Cycle',862),(218,'22:08:06','1992-06-28','take-away',20,4,'Cycle',61),(219,'02:18:00','1980-02-04','take-away',29,2,'Pickup',764),(220,'20:13:27','1981-09-09','take-away',39,1,'Pickup',94),(221,'02:56:35','2008-02-19','inhouse',2,5,'Cycle',771),(222,'00:33:46','1994-08-09','inhouse',32,9,'Drone',929),(223,'00:16:51','1972-03-07','take-away',17,3,'Pickup',885),(224,'16:28:33','1983-11-29','inhouse',10,9,'Customer',557),(225,'19:29:36','2015-08-22','take-away',8,3,'Customer',956),(226,'03:30:43','1982-03-16','inhouse',41,10,'Cycle',61),(227,'05:16:24','1993-06-22','take-away',38,8,'Pickup',243),(228,'11:45:32','1984-08-14','take-away',26,2,'Cycle',88),(229,'02:58:20','1970-08-25','take-away',39,2,'Cycle',657),(230,'13:01:32','1980-01-08','inhouse',37,4,'Car',477),(231,'20:51:05','1982-08-22','take-away',41,3,'Pickup',522),(232,'12:25:43','1987-03-14','inhouse',21,3,'Car',868),(233,'22:45:50','1971-02-17','inhouse',11,4,'Customer',682),(234,'10:38:49','1998-09-03','take-away',36,7,'Cycle',378),(235,'19:53:06','1999-01-04','inhouse',15,10,'Cycle',502),(236,'06:46:06','2014-03-17','inhouse',26,11,'Cycle',881),(237,'04:46:08','1997-07-01','take-away',36,2,'Pickup',968),(238,'13:07:25','1998-04-21','inhouse',39,10,'Drone',452),(239,'23:27:37','2014-03-25','take-away',38,8,'Pickup',861),(240,'05:19:22','1977-01-23','inhouse',6,3,'Cycle',414),(241,'07:18:20','1994-08-27','inhouse',28,9,'Pickup',258),(242,'02:20:58','1988-05-16','take-away',47,3,'Pickup',341),(243,'12:24:19','2003-04-20','take-away',10,9,'Car',74),(244,'16:08:22','1992-12-14','take-away',48,3,'Cycle',558),(245,'20:27:23','2000-12-10','inhouse',28,2,'Cycle',529),(246,'16:57:43','1983-12-01','inhouse',11,7,'Customer',487),(247,'15:15:25','1977-04-11','take-away',43,10,'Cycle',98),(248,'10:28:24','1971-08-12','take-away',11,6,'Car',109),(249,'06:38:53','2005-07-01','inhouse',47,4,'Pickup',891),(250,'00:30:03','1981-02-24','inhouse',44,2,'Customer',999);
/*!40000 ALTER TABLE `orders` ENABLE KEYS */;
UNLOCK TABLES;
/*!40103 SET TIME_ZONE=@OLD_TIME_ZONE */;

/*!40101 SET SQL_MODE=@OLD_SQL_MODE */;
/*!40014 SET FOREIGN_KEY_CHECKS=@OLD_FOREIGN_KEY_CHECKS */;
/*!40014 SET UNIQUE_CHECKS=@OLD_UNIQUE_CHECKS */;
/*!40101 SET CHARACTER_SET_CLIENT=@OLD_CHARACTER_SET_CLIENT */;
/*!40101 SET CHARACTER_SET_RESULTS=@OLD_CHARACTER_SET_RESULTS */;
/*!40101 SET COLLATION_CONNECTION=@OLD_COLLATION_CONNECTION */;
/*!40111 SET SQL_NOTES=@OLD_SQL_NOTES */;

-- Dump completed on 2018-10-09 10:13:36
