-- MySQL dump 10.13  Distrib 5.7.23, for Linux (x86_64)
--
-- Host: localhost    Database: statistics
-- ------------------------------------------------------
-- Server version	5.7.23-0ubuntu0.18.04.1

/*!40101 SET @OLD_CHARACTER_SET_CLIENT=@@CHARACTER_SET_CLIENT */;
/*!40101 SET @OLD_CHARACTER_SET_RESULTS=@@CHARACTER_SET_RESULTS */;
/*!40101 SET @OLD_COLLATION_CONNECTION=@@COLLATION_CONNECTION */;
/*!40101 SET NAMES utf8 */;
/*!40103 SET @OLD_TIME_ZONE=@@TIME_ZONE */;
/*!40103 SET TIME_ZONE='+00:00' */;
/*!40014 SET @OLD_UNIQUE_CHECKS=@@UNIQUE_CHECKS, UNIQUE_CHECKS=0 */;
/*!40014 SET @OLD_FOREIGN_KEY_CHECKS=@@FOREIGN_KEY_CHECKS, FOREIGN_KEY_CHECKS=0 */;
/*!40101 SET @OLD_SQL_MODE=@@SQL_MODE, SQL_MODE='NO_AUTO_VALUE_ON_ZERO' */;
/*!40111 SET @OLD_SQL_NOTES=@@SQL_NOTES, SQL_NOTES=0 */;

--
-- Table structure for table `customer`
--

DROP TABLE IF EXISTS `customer`;
/*!40101 SET @saved_cs_client     = @@character_set_client */;
/*!40101 SET character_set_client = utf8 */;
CREATE TABLE `customer` (
  `customer_id` int(9) NOT NULL AUTO_INCREMENT,
  `f_name` varchar(20) DEFAULT NULL,
  `s_name` varchar(30) DEFAULT NULL,
  `phone` int(11) DEFAULT NULL,
  `birthdate` date DEFAULT NULL,
  `email` varchar(50) DEFAULT NULL,
  `c_address` varchar(100) DEFAULT NULL,
  PRIMARY KEY (`customer_id`)
) ENGINE=InnoDB AUTO_INCREMENT=51 DEFAULT CHARSET=latin1;
/*!40101 SET character_set_client = @saved_cs_client */;

--
-- Dumping data for table `customer`
--

LOCK TABLES `customer` WRITE;
/*!40000 ALTER TABLE `customer` DISABLE KEYS */;
INSERT INTO `customer` VALUES (1,'Caitlin','Williams',50492319,'1993-04-22','shanesnyder@howard-valencia.com','443 Kathleen Street\nThomasfort, NM 24617'),(2,'Jason','Rodgers',59347632,'1994-12-25','goodmanashley@yahoo.com','326 Teresa Shore\nNorth Tara, OK 26666'),(3,'Dan','Burch',5030489,'2008-08-13','michaelfriedman@yahoo.com','90012 Parker Curve Apt. 416\nNorth Daleberg, RI 61511'),(4,'Zachary','Marshall',43721576,'1981-07-22','gonzalezjill@ross-conrad.info','USNV Callahan\nFPO AP 61632'),(5,'Daniel','Bennett',26315811,'1988-07-27','xherman@goodwin.net','30800 Long Fort\nNorth Tammy, OH 43484'),(6,'Devin','Johnson',41768460,'2018-09-22','perezmaria@marquez-hernandez.com','USNV Cunningham\nFPO AE 77706'),(7,'Linda','Terrell',5949047,'1973-01-11','frivera@gmail.com','276 James Extension\nKatherineborough, CA 10835'),(8,'Theresa','Bailey',60823157,'2004-10-11','sjones@mendoza-turner.com','41976 Lewis Rapid\nBurnstown, LA 42001'),(9,'Jennifer','Fitzgerald',41510858,'2011-01-24','david34@yahoo.com','Unit 8544 Box 5852\nDPO AA 86847'),(10,'Richard','Snow',88790111,'2008-06-19','boydlaura@yahoo.com','27481 Smith Ramp Apt. 140\nNorth Marytown, MA 37330'),(11,'Amber','Powell',79064730,'1984-07-09','rodriguezpatricia@gmail.com','6840 Sherri Forest\nAntoniomouth, LA 09297'),(12,'Diane','Mack',81323267,'1972-03-16','edwardhernandez@yahoo.com','917 Dalton Crossroad Apt. 699\nWest Shawnfort, IL 04806'),(13,'Corey','Haley',90510943,'1986-03-31','matthew48@hines.com','9187 Mathis Ford\nLake Kevinland, CO 52757'),(14,'Rose','Taylor',53862003,'1975-09-19','kenneth14@yahoo.com','4296 Jennifer Tunnel\nNorth Devin, NJ 24594'),(15,'Julie','Lewis',54392287,'2000-04-03','zrichardson@williams.com','6056 Lindsey Parks Suite 540\nLarsontown, CO 79054'),(16,'Melissa','Johnson',36243824,'1989-11-03','benjaminburns@jackson.com','95136 Laura Crescent Apt. 493\nWest Richardville, OR 35023'),(17,'Daniel','Stewart',39312434,'1997-05-26','ramirezdonna@gmail.com','PSC 3458, Box 1660\nAPO AP 57389'),(18,'Michael','Arnold',95497579,'1974-03-05','webbjoseph@hotmail.com','583 Conley Row\nLake Lisaview, OK 22594'),(19,'Sarah','Andrade',1319212,'1995-03-17','mreynolds@yahoo.com','27593 Chapman Springs Suite 027\nEast Rhonda, MN 56144'),(20,'Michael','Boyer',72850986,'1992-08-13','mckenzietorres@yahoo.com','14950 Amy Glen Suite 382\nWest Ryanmouth, TX 01414'),(21,'Jennifer','Carey',86428654,'2009-09-05','brandonhess@gmail.com','3885 Mark Keys\nSnowhaven, AZ 62310'),(22,'Jennifer','Marquez',82117213,'1983-12-02','martinjustin@hotmail.com','5433 Underwood Ridges Apt. 656\nClementsbury, MT 87800'),(23,'Erika','Johnson',22833322,'2004-04-26','madisongreen@hotmail.com','8171 Nash Crescent\nSierraberg, OH 23726'),(24,'Linda','Warren',29668270,'1970-06-29','ericcraig@gmail.com','62532 Miller Passage Apt. 075\nWest Jeffreytown, FL 61878'),(25,'William','Conrad',75282360,'2018-04-01','fitzgeraldkaitlin@gmail.com','Unit 8919 Box 5308\nDPO AP 55038'),(26,'David','Long',81553417,'1976-07-08','tinamack@torres-craig.info','193 Herrera Meadow\nLake Kristin, IL 90727'),(27,'Nancy','Saunders',94474592,'2005-02-26','rebecca46@gmail.com','73573 Alexa Ways\nStephanieland, ME 67170'),(28,'Morgan','Ball',55360403,'1995-09-17','kpope@clark.com','79106 Stephanie Manors\nLoriport, WV 35582'),(29,'Julie','Byrd',76032162,'2010-08-15','gardnerjacob@ryan.info','3777 Davis Villages Suite 327\nEast Jerryland, DE 38152'),(30,'John','Flores',19988343,'1992-03-16','stevenmaldonado@yahoo.com','9792 Mitchell Trail Apt. 996\nPort John, MI 62626'),(31,'Gabriel','Barber',62987936,'1975-03-02','jeffery66@yahoo.com','4704 Thomas Landing\nNew Christopher, SD 01920'),(32,'Peter','Weeks',19488071,'1998-11-06','caitlynmartinez@yahoo.com','USCGC Preston\nFPO AP 03091'),(33,'Karen','Webb',78680800,'2004-12-03','smithkatherine@todd.biz','68312 Hill Viaduct Suite 178\nEast Lauren, FL 27705'),(34,'Brooke','Farmer',46620590,'2014-09-16','csmith@lee-potter.com','9160 Bradley Ranch\nHayesville, AR 85622'),(35,'Andre','Hill',49976903,'2000-12-26','colton71@hotmail.com','87273 Christopher Glen\nMcgeeview, AZ 85422'),(36,'Juan','Andrews',87315741,'2015-10-04','jmcguire@yahoo.com','565 Cardenas Landing Apt. 316\nMurphyport, AR 12687'),(37,'Chad','Ramos',77444060,'2006-09-12','timothyvazquez@butler-oneal.com','27598 Crawford Ports\nPort Deborahchester, NY 51659'),(38,'Allison','Johnson',49009065,'2014-01-29','whitekathleen@jones-young.com','28516 Sarah Vista\nEstradaview, PA 84628'),(39,'Billy','Wilson',9385457,'1997-05-22','rebeccabecker@hotmail.com','3571 Jeffrey Manors\nNorth Keith, NJ 28826'),(40,'Cynthia','Livingston',98080755,'1981-05-21','raymarissa@gmail.com','520 Fletcher Freeway Suite 526\nWest Richardview, NJ 84951'),(41,'Katherine','Kent',69854631,'1990-06-26','bthompson@yahoo.com','0081 Ian Crossroad Suite 225\nNorth Donald, IN 36987'),(42,'Christy','Hensley',39968431,'2000-02-02','kevin60@hotmail.com','501 Christopher Drive\nNorth Davidchester, WI 58015'),(43,'Jeffery','Ruiz',64103806,'1996-07-09','joel90@ramsey-johnson.com','1383 Scott Port Suite 884\nSouth Brandonburgh, NV 88191'),(44,'Samuel','Rowe',44304657,'1973-10-04','nathanielford@hotmail.com','696 Michelle Way Suite 482\nEast Timothy, AR 39611'),(45,'Jeffrey','Ballard',52198002,'1992-07-08','villarrealamy@simpson.org','4172 Thomas Stravenue\nNorth Evanstad, MT 59826'),(46,'James','Reid',4498883,'2004-08-12','adrianjordan@hotmail.com','Unit 0867 Box 9422\nDPO AE 98020'),(47,'Joshua','Carrillo',3080864,'2007-09-20','hhernandez@dawson-boyd.com','8493 Myers Garden\nEast Joseph, KY 82284'),(48,'Michelle','Cox',84598036,'2003-09-15','michael57@freeman-harper.com','7743 Savannah Alley Apt. 276\nEricville, MN 68754'),(49,'Christopher','Morris',33795681,'2013-03-15','joneschristopher@yahoo.com','975 Farrell Station\nLake Elizabeth, WY 29474'),(50,'Victor','Lewis',63286200,'1999-12-26','shieldsmonica@gmail.com','421 Wang Stream Apt. 529\nGonzalezbury, NM 45316');
/*!40000 ALTER TABLE `customer` ENABLE KEYS */;
UNLOCK TABLES;

--
-- Table structure for table `dish`
--

DROP TABLE IF EXISTS `dish`;
/*!40101 SET @saved_cs_client     = @@character_set_client */;
/*!40101 SET character_set_client = utf8 */;
CREATE TABLE `dish` (
  `dish_id` int(9) NOT NULL AUTO_INCREMENT,
  `dish_name` varchar(50) CHARACTER SET utf8 COLLATE utf8_unicode_ci DEFAULT NULL,
  `price` int(9) DEFAULT NULL,
  PRIMARY KEY (`dish_id`)
) ENGINE=InnoDB AUTO_INCREMENT=12 DEFAULT CHARSET=latin1;
/*!40101 SET character_set_client = @saved_cs_client */;

--
-- Dumping data for table `dish`
--

LOCK TABLES `dish` WRITE;
/*!40000 ALTER TABLE `dish` DISABLE KEYS */;
INSERT INTO `dish` VALUES (1,'Pepperoni Pizza',537),(2,'Pasta Bolognese',981),(3,'Ribeye',658),(4,'French Onion Soup',964),(5,'Cesar Salad',171),(6,'Fish and Chips',417),(7,'Sushi',992),(8,'Bibimbap',437),(9,'Cheeseburger',310),(10,'Yemista',907),(11,'Roasted Lamb',865);
/*!40000 ALTER TABLE `dish` ENABLE KEYS */;
UNLOCK TABLES;

--
-- Table structure for table `orders`
--

DROP TABLE IF EXISTS `orders`;
/*!40101 SET @saved_cs_client     = @@character_set_client */;
/*!40101 SET character_set_client = utf8 */;
CREATE TABLE `orders` (
  `order_id` int(9) NOT NULL AUTO_INCREMENT,
  `time_stamp` time DEFAULT NULL,
  `date` date DEFAULT NULL,
  `order_type` varchar(20) DEFAULT NULL,
  `customer_id` int(9) DEFAULT NULL,
  `dish_id` int(9) DEFAULT NULL,
  `delivery` varchar(32) DEFAULT NULL,
  `price` int(9) DEFAULT NULL,
  PRIMARY KEY (`order_id`),
  KEY `dish_id_ibfk1` (`dish_id`),
  KEY `customer_id_ibfk2` (`customer_id`),
  CONSTRAINT `customer_id_ibfk2` FOREIGN KEY (`customer_id`) REFERENCES `customer` (`customer_id`),
  CONSTRAINT `dish_id_ibfk1` FOREIGN KEY (`dish_id`) REFERENCES `dish` (`dish_id`)
) ENGINE=InnoDB AUTO_INCREMENT=251 DEFAULT CHARSET=latin1;
/*!40101 SET character_set_client = @saved_cs_client */;

--
-- Dumping data for table `orders`
--

LOCK TABLES `orders` WRITE;
/*!40000 ALTER TABLE `orders` DISABLE KEYS */;
INSERT INTO `orders` VALUES (1,'20:06:32','2018-07-30','take-away',37,6,'Car',454),(2,'13:04:51','2018-09-07','inhouse',35,11,'Cycle',480),(3,'10:40:47','2018-05-09','inhouse',16,7,'Drone',282),(4,'23:19:29','2018-08-13','inhouse',39,4,'Cycle',484),(5,'06:20:50','2018-01-12','take-away',5,11,'Customer',181),(6,'13:25:46','2018-06-12','inhouse',44,8,'Car',958),(7,'21:15:02','2018-02-13','take-away',35,6,'Customer',273),(8,'17:04:23','2018-01-06','take-away',10,4,'Drone',282),(9,'00:19:35','2018-03-15','inhouse',2,4,'Pickup',546),(10,'02:11:26','2018-03-12','take-away',23,4,'Customer',638),(11,'15:06:54','2018-07-15','take-away',2,1,'Customer',405),(12,'19:00:01','2018-07-24','take-away',36,6,'Drone',259),(13,'23:16:19','2017-10-24','take-away',12,9,'Pickup',559),(14,'02:35:44','2018-07-22','take-away',24,1,'Pickup',947),(15,'03:38:28','2018-05-14','inhouse',33,6,'Pickup',982),(16,'22:58:13','2018-05-12','take-away',35,3,'Car',742),(17,'19:49:22','2018-03-21','take-away',42,8,'Cycle',810),(18,'11:46:27','2018-07-11','inhouse',8,2,'Car',330),(19,'15:45:43','2017-12-12','inhouse',26,10,'Customer',803),(20,'07:23:02','2018-01-10','inhouse',13,11,'Pickup',825),(21,'17:13:15','2018-06-20','take-away',23,6,'Customer',676),(22,'09:13:18','2018-06-04','take-away',49,7,'Customer',682),(23,'06:33:31','2018-05-02','inhouse',36,7,'Drone',937),(24,'06:47:52','2018-10-05','take-away',48,9,'Car',132),(25,'15:27:41','2018-01-21','inhouse',33,5,'Car',906),(26,'06:22:56','2018-09-19','take-away',11,2,'Drone',963),(27,'03:19:31','2018-05-06','take-away',42,3,'Drone',204),(28,'14:03:41','2018-06-23','take-away',42,8,'Cycle',226),(29,'02:50:37','2018-09-06','take-away',13,1,'Customer',804),(30,'13:43:23','2017-11-02','take-away',22,5,'Customer',680),(31,'10:04:07','2018-08-09','take-away',21,7,'Customer',542),(32,'06:00:37','2018-08-14','take-away',4,8,'Drone',794),(33,'09:43:00','2018-05-03','take-away',32,5,'Pickup',899),(34,'16:08:21','2018-04-10','take-away',25,2,'Car',831),(35,'23:48:49','2018-07-13','take-away',13,6,'Pickup',431),(36,'14:02:14','2018-02-13','take-away',44,3,'Pickup',328),(37,'02:29:51','2018-04-21','take-away',50,9,'Pickup',606),(38,'06:18:36','2018-04-22','take-away',35,8,'Customer',267),(39,'06:34:33','2018-03-18','take-away',9,5,'Drone',886),(40,'01:20:27','2018-09-01','take-away',25,10,'Drone',368),(41,'21:50:38','2017-12-10','take-away',49,8,'Cycle',352),(42,'23:00:44','2018-01-29','take-away',38,5,'Drone',854),(43,'10:59:33','2017-12-20','inhouse',9,3,'Car',771),(44,'20:29:18','2018-02-14','inhouse',5,11,'Drone',567),(45,'07:18:59','2018-03-09','take-away',22,8,'Car',283),(46,'22:07:57','2017-12-20','take-away',36,1,'Pickup',997),(47,'18:24:38','2018-04-11','take-away',35,10,'Car',108),(48,'11:13:44','2018-08-26','take-away',20,3,'Pickup',857),(49,'11:38:57','2018-03-16','take-away',47,7,'Drone',246),(50,'01:54:59','2018-04-17','take-away',37,9,'Drone',130),(51,'16:45:29','2017-10-10','inhouse',35,1,'Pickup',931),(52,'09:42:19','2017-10-27','take-away',47,6,'Cycle',182),(53,'19:17:21','2018-05-05','take-away',49,6,'Cycle',968),(54,'10:07:08','2018-04-06','take-away',48,2,'Car',961),(55,'06:52:19','2017-12-04','take-away',8,3,'Cycle',526),(56,'07:38:39','2018-02-14','take-away',28,8,'Pickup',572),(57,'22:07:50','2018-05-20','inhouse',24,10,'Drone',867),(58,'09:50:05','2018-01-23','inhouse',44,7,'Cycle',391),(59,'23:10:48','2018-08-25','inhouse',16,3,'Drone',908),(60,'13:16:37','2017-12-24','take-away',26,9,'Cycle',848),(61,'00:59:15','2018-09-28','inhouse',35,8,'Drone',570),(62,'09:13:00','2018-06-10','take-away',10,8,'Pickup',479),(63,'00:59:56','2018-05-18','take-away',25,1,'Drone',211),(64,'20:43:57','2017-11-26','take-away',30,6,'Customer',241),(65,'05:14:30','2018-05-16','inhouse',13,7,'Car',832),(66,'19:46:07','2017-11-01','take-away',45,6,'Cycle',800),(67,'09:14:48','2017-11-06','take-away',45,9,'Cycle',333),(68,'08:58:04','2018-03-05','take-away',49,8,'Cycle',480),(69,'09:13:03','2017-10-12','take-away',16,7,'Car',798),(70,'10:45:07','2017-11-19','inhouse',49,9,'Pickup',142),(71,'15:14:23','2018-08-14','inhouse',1,1,'Car',885),(72,'01:23:57','2017-11-28','inhouse',43,3,'Pickup',366),(73,'23:50:21','2018-04-01','inhouse',20,4,'Pickup',303),(74,'08:39:52','2018-02-24','take-away',39,6,'Drone',886),(75,'04:17:31','2017-11-15','inhouse',4,10,'Cycle',362),(76,'02:26:13','2018-05-10','inhouse',45,3,'Drone',78),(77,'03:27:47','2017-10-12','inhouse',12,1,'Cycle',389),(78,'09:13:47','2018-07-02','inhouse',48,8,'Car',673),(79,'01:20:23','2018-07-19','take-away',40,7,'Car',912),(80,'10:13:20','2018-06-05','take-away',46,2,'Customer',797),(81,'11:29:17','2018-09-08','inhouse',29,1,'Customer',78),(82,'08:28:07','2018-07-01','take-away',38,2,'Car',665),(83,'19:14:47','2018-01-29','take-away',35,3,'Cycle',747),(84,'02:46:28','2018-04-17','inhouse',31,7,'Customer',133),(85,'06:10:38','2018-04-06','inhouse',49,10,'Drone',556),(86,'11:44:19','2018-06-09','inhouse',47,10,'Customer',564),(87,'17:45:41','2018-06-11','take-away',26,10,'Customer',676),(88,'01:03:32','2018-04-20','inhouse',32,9,'Pickup',948),(89,'09:03:58','2018-01-21','inhouse',43,2,'Customer',269),(90,'20:36:52','2018-05-01','inhouse',27,2,'Customer',124),(91,'00:55:45','2017-11-12','take-away',6,8,'Drone',498),(92,'02:57:47','2017-12-14','take-away',37,5,'Drone',170),(93,'17:01:27','2018-05-10','inhouse',42,2,'Pickup',987),(94,'04:32:15','2018-01-01','inhouse',49,9,'Customer',520),(95,'13:36:11','2018-03-30','inhouse',24,8,'Pickup',734),(96,'14:54:01','2018-08-26','take-away',24,3,'Cycle',437),(97,'14:44:22','2018-07-25','inhouse',26,7,'Cycle',975),(98,'13:40:47','2018-09-02','inhouse',21,10,'Pickup',680),(99,'23:03:07','2018-06-19','take-away',28,3,'Customer',362),(100,'04:20:08','2018-01-20','take-away',28,11,'Car',85),(101,'08:05:55','2018-02-06','take-away',49,1,'Customer',227),(102,'23:20:13','2017-11-30','take-away',50,6,'Car',96),(103,'09:48:22','2017-11-17','take-away',42,1,'Pickup',448),(104,'18:01:17','2018-01-16','take-away',39,10,'Drone',232),(105,'07:31:22','2017-12-26','inhouse',26,8,'Pickup',73),(106,'12:56:08','2017-12-30','inhouse',46,3,'Pickup',468),(107,'15:55:25','2018-07-03','inhouse',18,11,'Cycle',565),(108,'01:31:16','2018-02-03','take-away',7,3,'Car',543),(109,'22:10:58','2017-10-31','inhouse',14,6,'Drone',253),(110,'12:34:04','2018-07-31','inhouse',31,8,'Drone',721),(111,'20:57:02','2018-02-24','take-away',4,1,'Car',355),(112,'10:10:42','2018-03-10','inhouse',13,5,'Customer',343),(113,'04:09:40','2017-10-19','inhouse',13,10,'Drone',332),(114,'12:14:27','2017-12-25','inhouse',33,4,'Car',584),(115,'01:00:15','2018-02-11','inhouse',46,10,'Cycle',277),(116,'22:01:42','2017-11-08','take-away',48,4,'Cycle',744),(117,'18:04:00','2018-01-02','take-away',28,9,'Customer',826),(118,'23:43:57','2018-08-04','take-away',4,3,'Drone',295),(119,'02:29:39','2017-12-20','inhouse',5,1,'Cycle',634),(120,'04:58:15','2017-12-13','inhouse',38,11,'Pickup',586),(121,'03:37:40','2018-06-18','take-away',11,11,'Pickup',489),(122,'16:14:34','2018-01-04','inhouse',44,11,'Car',553),(123,'19:09:15','2018-08-26','take-away',47,8,'Drone',835),(124,'20:13:43','2017-12-11','inhouse',20,4,'Car',993),(125,'06:15:37','2018-09-05','inhouse',50,5,'Customer',887),(126,'19:32:57','2018-04-30','take-away',45,9,'Pickup',98),(127,'11:06:36','2018-02-21','take-away',37,1,'Customer',903),(128,'08:17:34','2018-07-12','take-away',20,3,'Drone',973),(129,'03:39:15','2017-11-15','take-away',30,9,'Customer',160),(130,'11:41:12','2017-11-17','take-away',25,2,'Pickup',944),(131,'14:42:13','2017-11-01','take-away',20,9,'Cycle',571),(132,'02:41:14','2017-12-17','take-away',18,1,'Pickup',448),(133,'02:24:39','2018-08-21','inhouse',14,7,'Drone',946),(134,'08:03:36','2018-05-16','take-away',9,6,'Cycle',815),(135,'07:32:00','2018-01-23','inhouse',35,5,'Car',59),(136,'06:29:12','2017-10-16','take-away',27,9,'Cycle',235),(137,'03:01:42','2017-11-01','take-away',13,4,'Cycle',781),(138,'00:10:10','2018-06-22','take-away',47,10,'Pickup',574),(139,'18:41:34','2018-07-19','take-away',26,3,'Cycle',481),(140,'08:33:02','2018-03-19','inhouse',44,7,'Customer',766),(141,'09:29:11','2018-06-01','take-away',5,8,'Customer',78),(142,'10:25:16','2018-02-04','inhouse',18,8,'Cycle',370),(143,'19:38:46','2018-09-23','take-away',5,4,'Cycle',576),(144,'22:01:31','2018-08-12','take-away',50,8,'Car',234),(145,'05:12:29','2018-06-21','inhouse',22,8,'Cycle',766),(146,'02:45:01','2018-01-09','inhouse',15,4,'Customer',57),(147,'14:27:30','2018-08-31','take-away',17,3,'Pickup',336),(148,'02:33:47','2018-01-17','take-away',6,4,'Pickup',717),(149,'19:40:44','2018-06-17','inhouse',24,2,'Pickup',871),(150,'18:23:19','2018-07-23','take-away',9,1,'Car',247),(151,'22:26:10','2018-08-06','inhouse',34,8,'Drone',336),(152,'10:55:54','2018-07-19','take-away',40,9,'Pickup',581),(153,'17:04:56','2018-08-15','take-away',28,9,'Cycle',587),(154,'07:44:09','2018-07-30','take-away',13,11,'Customer',630),(155,'09:26:29','2018-06-19','inhouse',32,3,'Drone',316),(156,'14:34:21','2018-02-25','take-away',30,4,'Car',823),(157,'20:13:33','2018-05-14','take-away',4,10,'Drone',401),(158,'20:24:36','2018-07-23','take-away',36,8,'Cycle',590),(159,'11:53:43','2018-08-31','take-away',28,9,'Pickup',456),(160,'18:14:45','2018-07-29','inhouse',28,9,'Car',900),(161,'00:55:34','2017-12-13','take-away',12,3,'Cycle',155),(162,'20:24:30','2018-07-03','inhouse',22,1,'Pickup',196),(163,'11:28:13','2018-01-17','take-away',47,7,'Cycle',84),(164,'07:25:01','2017-12-08','inhouse',19,4,'Pickup',828),(165,'15:46:52','2018-01-04','take-away',3,5,'Cycle',223),(166,'02:35:36','2018-02-12','take-away',35,8,'Drone',75),(167,'21:36:11','2017-12-18','inhouse',49,8,'Drone',739),(168,'15:04:56','2018-08-20','take-away',40,4,'Car',522),(169,'16:37:11','2018-08-28','inhouse',6,6,'Pickup',809),(170,'17:08:05','2018-05-27','inhouse',23,7,'Pickup',942),(171,'21:38:46','2018-03-10','take-away',48,5,'Drone',371),(172,'03:33:01','2018-01-08','inhouse',24,11,'Customer',267),(173,'19:29:10','2018-08-29','inhouse',11,10,'Car',216),(174,'04:44:22','2018-08-02','take-away',36,10,'Drone',679),(175,'11:23:36','2018-02-11','take-away',15,5,'Drone',843),(176,'08:37:27','2018-04-05','take-away',1,10,'Pickup',175),(177,'09:06:46','2018-06-24','inhouse',10,8,'Drone',898),(178,'04:39:05','2018-06-12','take-away',49,8,'Customer',459),(179,'09:25:50','2018-06-14','inhouse',47,2,'Customer',95),(180,'01:21:59','2018-09-17','inhouse',9,4,'Drone',455),(181,'21:16:50','2017-11-29','take-away',38,6,'Pickup',219),(182,'16:56:17','2018-03-22','take-away',44,6,'Car',110),(183,'07:06:10','2018-08-16','take-away',45,8,'Car',281),(184,'03:26:21','2018-06-07','take-away',21,9,'Car',408),(185,'04:59:04','2018-04-07','inhouse',31,5,'Customer',237),(186,'14:21:13','2018-02-28','take-away',23,7,'Drone',948),(187,'17:52:22','2018-03-26','take-away',19,4,'Customer',435),(188,'11:24:57','2018-07-18','take-away',30,8,'Customer',635),(189,'19:11:36','2018-07-13','inhouse',2,11,'Cycle',514),(190,'06:06:08','2018-06-10','inhouse',32,4,'Customer',146),(191,'06:23:46','2017-12-19','inhouse',39,9,'Car',364),(192,'00:15:24','2018-05-28','take-away',3,11,'Drone',468),(193,'23:11:37','2018-09-08','inhouse',14,8,'Customer',396),(194,'15:27:06','2018-06-01','take-away',24,7,'Car',443),(195,'10:50:22','2018-05-29','take-away',33,6,'Drone',134),(196,'08:24:48','2018-08-27','take-away',13,9,'Customer',63),(197,'12:14:12','2018-07-10','inhouse',17,8,'Car',200),(198,'19:47:18','2018-02-15','inhouse',50,3,'Car',659),(199,'00:24:17','2018-07-13','inhouse',8,9,'Customer',847),(200,'21:08:29','2018-03-31','inhouse',50,1,'Car',303),(201,'06:36:00','2018-07-13','take-away',44,10,'Car',576),(202,'15:31:13','2018-04-06','inhouse',1,7,'Customer',508),(203,'06:46:28','2018-06-21','take-away',21,2,'Pickup',612),(204,'06:17:15','2017-10-17','take-away',2,4,'Car',160),(205,'10:21:10','2018-07-13','inhouse',8,2,'Pickup',822),(206,'14:14:26','2018-01-31','take-away',40,7,'Drone',435),(207,'02:22:18','2017-10-08','inhouse',15,9,'Pickup',958),(208,'10:47:04','2018-08-13','take-away',17,1,'Customer',765),(209,'18:32:44','2018-08-15','inhouse',35,1,'Customer',821),(210,'19:59:21','2018-08-31','inhouse',18,6,'Pickup',58),(211,'07:10:28','2018-01-23','inhouse',21,6,'Customer',260),(212,'09:07:36','2018-05-18','take-away',16,2,'Pickup',215),(213,'14:18:40','2018-02-06','inhouse',34,1,'Pickup',89),(214,'05:10:15','2018-02-06','inhouse',45,7,'Drone',688),(215,'23:41:47','2018-05-13','inhouse',5,10,'Drone',216),(216,'07:09:57','2018-02-10','take-away',8,2,'Drone',248),(217,'17:23:39','2018-01-20','inhouse',44,10,'Customer',361),(218,'14:31:47','2018-09-25','take-away',6,6,'Pickup',178),(219,'11:09:38','2017-11-14','take-away',28,7,'Cycle',308),(220,'02:01:13','2018-07-04','inhouse',27,7,'Drone',508),(221,'03:57:16','2018-10-01','inhouse',34,9,'Drone',959),(222,'05:57:56','2018-01-28','take-away',50,10,'Car',235),(223,'07:10:51','2018-05-31','inhouse',20,4,'Car',479),(224,'04:27:20','2018-08-19','inhouse',34,2,'Customer',444),(225,'10:41:20','2018-03-11','inhouse',49,2,'Car',981),(226,'21:39:27','2017-12-10','take-away',7,10,'Car',163),(227,'20:58:02','2018-05-19','inhouse',11,6,'Pickup',115),(228,'13:59:28','2018-04-08','take-away',26,7,'Car',883),(229,'03:45:01','2018-01-01','take-away',7,10,'Cycle',303),(230,'00:00:24','2018-05-24','inhouse',9,8,'Cycle',317),(231,'18:42:23','2017-12-24','take-away',10,3,'Pickup',947),(232,'00:40:24','2017-12-24','take-away',8,11,'Car',350),(233,'20:04:56','2018-05-07','take-away',42,10,'Customer',792),(234,'19:43:02','2018-02-26','take-away',25,11,'Drone',784),(235,'07:20:13','2018-07-21','inhouse',42,11,'Cycle',203),(236,'17:19:39','2018-03-17','take-away',24,4,'Drone',326),(237,'07:09:02','2017-12-18','inhouse',15,5,'Pickup',448),(238,'00:52:25','2017-11-15','take-away',2,1,'Drone',481),(239,'15:30:05','2017-11-06','inhouse',6,5,'Car',580),(240,'05:50:12','2018-03-21','inhouse',25,1,'Pickup',262),(241,'05:20:01','2018-04-28','inhouse',30,8,'Pickup',790),(242,'03:19:18','2018-02-08','inhouse',46,8,'Pickup',324),(243,'00:45:36','2018-08-15','take-away',12,9,'Drone',676),(244,'08:35:20','2018-07-22','take-away',43,11,'Cycle',73),(245,'01:24:31','2017-10-08','take-away',19,3,'Pickup',581),(246,'18:40:32','2017-12-23','inhouse',17,4,'Pickup',716),(247,'02:03:44','2018-08-19','inhouse',46,3,'Drone',345),(248,'09:06:06','2017-10-30','take-away',24,10,'Car',657),(249,'06:09:36','2018-06-29','take-away',10,9,'Drone',881),(250,'08:48:53','2018-04-11','inhouse',40,5,'Pickup',318);
/*!40000 ALTER TABLE `orders` ENABLE KEYS */;
UNLOCK TABLES;
/*!40103 SET TIME_ZONE=@OLD_TIME_ZONE */;

/*!40101 SET SQL_MODE=@OLD_SQL_MODE */;
/*!40014 SET FOREIGN_KEY_CHECKS=@OLD_FOREIGN_KEY_CHECKS */;
/*!40014 SET UNIQUE_CHECKS=@OLD_UNIQUE_CHECKS */;
/*!40101 SET CHARACTER_SET_CLIENT=@OLD_CHARACTER_SET_CLIENT */;
/*!40101 SET CHARACTER_SET_RESULTS=@OLD_CHARACTER_SET_RESULTS */;
/*!40101 SET COLLATION_CONNECTION=@OLD_COLLATION_CONNECTION */;
/*!40111 SET SQL_NOTES=@OLD_SQL_NOTES */;

-- Dump completed on 2018-10-09 10:31:03
